venue_id,name,gu,axis,frame_source,dataset_id,license_category,medical_subjects,org_code,license_no,road_address,jibun_address,license_status
V0006EB03EEC0,(주)바운스 트램폴린파크 삼성센터,강남구,exercise_body,public_license_registry,OA-16142,체력단련장업,,3220000,CDFH3301062019000003,"서울특별시 강남구 영동대로 325, B3층 (대치동, 해암빌딩)",서울특별시 강남구 대치동 983-1 해암빌딩,영업/정상
V0017ABC159CB,헬로우PT,서초구,exercise_body,public_license_registry,OA-16142,체력단련장업,,3210000,CDFH3301062024000022,"서울특별시 서초구 청계산로 193, 서초메트하임 1층 102호 (신원동)",서울특별시 서초구 신원동 608 서초메트하임,영업/정상
V002A5A4A33D2,김산한의원,송파구,medical_wellness,public_license_registry,OA-16480,한의원,"한방내과, 한방부인과, 한방소아과, 한방안?이비인후?피부과, 한방신경정신과, 한방재활의학과, 사상체질과, 침구과",3230000,PHMA120253230034041100049,"서울특별시 송파구 송파대로27길 26, 1층 (문정동)",,영업/정상
V003C9453E6FC,해건한의원,강남구,medical_wellness,public_license_registry,OA-16480,한의원,"한방내과, 한방부인과, 한방소아과, 한방안?이비인후?피부과, 한방신경정신과, 한방재활의학과, 사상체질과, 침구과",3220000,PHMA120063220033041101974,"서울특별시 강남구 압구정로34길 36, 현대빌딩 201호 (신사동)",서울특별시 강남구 신사동 608-15 현대빌딩,영업/정상
V0056AFA65060,페인스톰 잠실,송파구,exercise_body,public_license_registry,OA-16142,체력단련장업,,3230000,CDFH3301062019000023,"서울특별시 송파구 올림픽로 100, 효창타워 지하1층 (잠실동)",서울특별시 송파구 잠실동 181-3 효창타워,영업/정상
V009B35ECAED8,클래시 휘트니스 잠실점,송파구,exercise_body,public_license_registry,OA-16142,체력단련장업,,3230000,CDFH3301062023000031,"서울특별시 송파구 백제고분로7길 41, 지하1층, 지상3층 (잠실동, NS파인트리)",서울특별시 송파구 잠실동 183-12 NS파인트리,영업/정상
V00A5C30D47CA,서울리센츠내과 영상의학과의원,송파구,medical_wellness,public_license_registry,OA-16480,의원,"내과, 신경과, 정신건강의학과, 정형외과, 신경외과, 산부인과, 소아청소년과, 안과, 이비인후과, 피부과, 비뇨의학과, 영상의학과, 병리과, 진단검사의학과, 결핵과, 가정의학과, 직업환경의학과, 예방의학과",3230000,PHMA120253230034041100039,"서울특별시 송파구 올림픽로 145, 리센츠 4층 4씨 03호 (잠실동)",서울특별시 송파구 잠실동 22-6 리센츠,영업/정상
V00B115DCAB1F,온사랑한의원,송파구,medical_wellness,public_license_registry,OA-16480,한의원,"한방내과, 한방부인과, 한방소아과, 한방안?이비인후?피부과, 한방신경정신과, 한방재활의학과, 사상체질과, 침구과",3230000,PHMA120073230034041101456,"서울특별시 송파구 중대로 105, 402호 (가락동)",,영업/정상
V00BEEFD2AE9C,헬스보이짐 선릉점,강남구,exercise_body,public_license_registry,OA-16142,체력단련장업,,3220000,CDFH3301062009000004,"서울특별시 강남구 테헤란로 317 (역삼동,지층)",서울특별시 강남구 역삼동 702-19 지층,영업/정상
V00C43F19FE15,파프짐(365),강남구,exercise_body,public_license_registry,OA-16142,체력단련장업,,3220000,CDFH3301062014000016,"서울특별시 강남구 남부순환로 2927, B101,B102호 (대치동, 대치클래시아)","서울특별시 강남구 대치동 622 B101,B102호",영업/정상
V00CD76CD7F65,연세박세진의원,서초구,medical_wellness,public_license_registry,OA-16480,의원,"내과, 정형외과, 가정의학과",3210000,PHMA119993210034041100018,"서울특별시 서초구 서래로 50, 한영빌딩 2층 (반포동)",서울특별시 서초구 반포동 93-7 한영빌딩,영업/정상
V00F948E83130,박정한한의원,송파구,medical_wellness,public_license_registry,OA-16480,한의원,"한방내과, 한방부인과, 한방소아과, 한방안?이비인후?피부과, 한방신경정신과, 한방재활의학과, 사상체질과, 침구과",3230000,PHMA120083230034041101490,"서울특별시 송파구 충민로2길 24, 302호 (장지동)",서울특별시 송파구 장지동 841번지 2호(3층 302호),영업/정상
V012459E2899B,피크닉짐,송파구,exercise_body,public_license_registry,OA-16142,체력단련장업,,3230000,CDFH3301062020000029,"서울특별시 송파구 가락로 241, ING파크뷰 2층 (방이동)",서울특별시 송파구 방이동 124-21 ING파크뷰,영업/정상
V01309CCCA6F2,강남본정형외과의원,송파구,medical_wellness,public_license_registry,OA-16480,의원,"내과, 정형외과, 신경외과, 심장혈관흉부외과, 마취통증의학과, 영상의학과, 재활의학과",3230000,PHMA120163230034041100031,"서울특별시 송파구 백제고분로 275 (석촌동, 지하1층일부,2층일부,5층,6층)",,영업/정상
V013244A98E1C,한국혈우재단의원,서초구,medical_wellness,public_license_registry,OA-16480,의원,"내과, 소아청소년과, 영상의학과, 진단검사의학과, 재활의학과",3210000,PHMA120023210034041100040,"서울특별시 서초구 사임당로 70, 한국혈우재단 1,2,4,B1층 (서초동)","서울특별시 서초구 서초동 1628번지 26호 한국혈우재단 B1,1,2,4층",영업/정상
V0133E643E4EC,무브케어랩 퍼스널트레이닝,서초구,exercise_body,public_license_registry,OA-16142,체력단련장업,,3210000,CDFH3301062022000018,"서울특별시 서초구 동광로 4, 다온빌딩 3층 (방배동)",서울특별시 서초구 방배동 2257 다온빌딩,영업/정상
V0157DDAC36F0,휴메이크 휘트니스,강남구,exercise_body,public_license_registry,OA-16142,체력단련장업,,3220000,CDFH3301062018000006,"서울특별시 강남구 선릉로 340, 대치 EM 프라자 지하1층층 (대치동)",서울특별시 강남구 대치동 908-20 대치 EM 프라자,영업/정상
V01919DC59285,애니타임피트니스 역삼점,강남구,exercise_body,public_license_registry,OA-16142,체력단련장업,,3220000,CDFH3301062020000042,"서울특별시 강남구 논현로 406, 다영빌딩 1~2층 (역삼동)",서울특별시 강남구 역삼동 734-3 다영빌딩,영업/정상
V0195EBFE6A4B,인애한의원,서초구,medical_wellness,public_license_registry,OA-16480,한의원,"한방내과, 한방부인과, 한방소아과, 한방안?이비인후?피부과, 한방신경정신과, 한방재활의학과, 사상체질과, 침구과",3210000,PHMA120063210034041100066,"서울특별시 서초구 서초대로 332, 8층 (서초동, 신승빌딩)",서울특별시 서초구 서초동 1676번지 1호 신승빌딩 8층,영업/정상
V019B487F2DF2,큐어람한의원,강남구,medical_wellness,public_license_registry,OA-16480,한의원,"한방내과, 한방부인과, 한방소아과, 한방재활의학과, 사상체질과, 침구과",3220000,PHMA120253220033041100148,"서울특별시 강남구 강남대로94길 15, 5층 (역삼동)",,영업/정상
V01B0288409E4,피트니스 비엠,송파구,relax_recovery,public_license_registry,OA-16146,목욕장업 기타,,3230000,3230000-202-2017-00003,"서울특별시 송파구 올림픽로 76, 13층 (잠실동, J 타워)",서울특별시 송파구 잠실동 175-6,영업/정상
V01C0A09D94F3,바디클락,송파구,exercise_body,public_license_registry,OA-16142,체력단련장업,,3230000,CDFH3301062017000012,"서울특별시 송파구 새말로 62, 송파 푸르지오시티 (문정동)","서울특별시 송파구 문정동 620 송파 푸르지오시티상가 220,221호",영업/정상
V020585098BEC,유정한의원,강남구,medical_wellness,public_license_registry,OA-16480,한의원,"한방내과, 한방부인과, 한방소아과, 한방안?이비인후?피부과, 한방신경정신과, 한방재활의학과, 사상체질과, 침구과",3220000,PHMA120023220033041101846,서울특별시 강남구 논현로171길 15 (신사동),"서울특별시 강남구 신사동 577번지 5호 카로시티빌딩 4층 405호,406호",영업/정상
V0225D1B1C85E,로그짐 잠실역점,송파구,exercise_body,public_license_registry,OA-16142,체력단련장업,,3230000,CDFH3301062021000006,"서울특별시 송파구 올림픽로 293-19, 305, 306, 307호 (신천동, 현대타워아파트)",서울특별시 송파구 신천동 7-28 현대타워아파트,영업/정상
V02301BE1E2FB,일모션(329),강남구,exercise_body,public_license_registry,OA-16142,체력단련장업,,3220000,CDFH3301062013000010,서울특별시 강남구 테헤란로52길 17 (역삼동),서울특별시 강남구 역삼동 708-32 3층,영업/정상
V023070632B37,티에이비픽 청담 피티 필라테스,강남구,exercise_body,public_license_registry,OA-16142,체력단련장업,,3220000,CDFH3301062025000037,"서울특별시 강남구 선릉로162길 41, 지하1층 (청담동)",서울특별시 강남구 청담동 80-3,영업/정상
V02454B544022,위스테이 휘트니스,송파구,exercise_body,public_license_registry,OA-16142,체력단련장업,,3230000,CDFH3301062022000028,"서울특별시 송파구 송파대로30길 39, 종원빌딩 3층 (가락동)",서울특별시 송파구 가락동 76-2 종원빌딩 3층,영업/정상
V0249041C2B17,방배성모정형외과의원,서초구,medical_wellness,public_license_registry,OA-16480,의원,정형외과,3210000,PHMA120023210034041100045,"서울특별시 서초구 방배로 111, 2층 (방배동, 근복빌딩)",,영업/정상
V02492CFAF3C4,터한의원,강남구,medical_wellness,public_license_registry,OA-16480,한의원,"한방내과, 한방부인과, 한방소아과, 한방안?이비인후?피부과, 한방신경정신과, 한방재활의학과, 사상체질과, 침구과",3220000,PHMA120203220033041100078,"서울특별시 강남구 도곡로 405, 삼환 아르누보2 205호 (대치동)",,영업/정상
V025048277BE0,차승환한의원,강남구,medical_wellness,public_license_registry,OA-16480,한의원,"한방내과, 한방부인과, 한방소아과, 한방안?이비인후?피부과, 한방신경정신과, 한방재활의학과, 사상체질과, 침구과",3220000,PHMA120033220033041101865,"서울특별시 강남구 남부순환로 2936, 윈플러스상가 2층 205호 (대치동)",서울특별시 강남구 대치동 507 윈플러스상가,영업/정상
V0250D44AAA3D,진한방내과한의원,강남구,medical_wellness,public_license_registry,OA-16480,한의원,"한방내과, 한방부인과, 한방소아과, 한방안?이비인후?피부과, 한방신경정신과, 한방재활의학과, 사상체질과, 침구과",3220000,PHMA120203220033041100214,"서울특별시 강남구 언주로 311, 로즈1타워 202호 (역삼동)",,영업/정상
V027CA5C59A66,혜민한의원,강남구,medical_wellness,public_license_registry,OA-16480,한의원,"한방내과, 한방부인과, 한방소아과, 한방안?이비인후?피부과, 한방신경정신과, 한방재활의학과, 사상체질과, 침구과",3220000,PHMA120053220033041101935,"서울특별시 강남구 개포로17길 6, 2층 (개포동)",서울특별시 강남구 개포동 1247-4,영업/정상
V0280F8B25118,명옥헌한의원,강남구,medical_wellness,public_license_registry,OA-16480,한의원,"한방내과, 한방부인과, 한방소아과, 한방안?이비인후?피부과, 한방신경정신과, 한방재활의학과, 사상체질과, 침구과",3220000,PHMA120053220033041101920,"서울특별시 강남구 삼성로 726, 경원빌딩 3층 (청담동)",서울특별시 강남구 청담동 63-18 경원빌딩 3층,영업/정상
V02B1C35EA213,리바이브 PT,송파구,exercise_body,public_license_registry,OA-16142,체력단련장업,,3230000,CDFH3301062023000035,"서울특별시 송파구 송파대로 345, 상가A동 4019호 (가락동, 헬리오시티)",서울특별시 송파구 가락동 913 헬리오시티,영업/정상
V02C203298A0D,맑은하늘정형외과의원,강남구,medical_wellness,public_license_registry,OA-16480,의원,"정형외과, 신경외과, 마취통증의학과, 재활의학과",3220000,PHMA120213220033041100085,"서울특별시 강남구 선릉로 324, SH타워 8층 (대치동)",서울특별시 강남구 대치동 922-1 SH타워 8층,영업/정상
V02C31BC07D95,운동장,강남구,exercise_body,public_license_registry,OA-16142,체력단련장업,,3220000,CDFH3301062019000034,"서울특별시 강남구 논현로 826, 이가빌딩 지하1층 (신사동)",서울특별시 강남구 신사동 592-4 이가빌딩,영업/정상
V02CA72B0CDEF,베르미한의원,강남구,medical_wellness,public_license_registry,OA-16480,한의원,"한방내과, 한방부인과, 한방소아과, 한방안?이비인후?피부과, 한방신경정신과, 한방재활의학과, 사상체질과, 침구과",3220000,PHMA120233220033041100165,"서울특별시 강남구 영동대로 722, 풍양빌딩 2층 (청담동)",,영업/정상
V02D5F2EBD4F1,양재경희한의원,서초구,medical_wellness,public_license_registry,OA-16480,한의원,"한방내과, 한방부인과, 한방소아과, 한방안?이비인후?피부과, 한방신경정신과, 한방재활의학과, 사상체질과, 침구과",3210000,PHMA120103210034041100072,"서울특별시 서초구 강남대로 212, 보은빌딩 4층 401호 (양재동)",서울특별시 서초구 양재동 13번지 8호 보은빌딩 401호,영업/정상
V02DE5378A0BB,강남영도한의원,강남구,medical_wellness,public_license_registry,OA-16480,한의원,"한방내과, 한방부인과, 한방소아과, 한방안?이비인후?피부과, 한방신경정신과, 한방재활의학과, 사상체질과, 침구과",3220000,PHMA120033220033041101858,"서울특별시 강남구 선릉로 815, 신한양빌딩 305호 (신사동)",서울특별시 강남구 신사동 665-6 신한양빌딩,영업/정상
V02F64201A222,삼성강내과의원,송파구,medical_wellness,public_license_registry,OA-16480,의원,"내과, 정신건강의학과, 정형외과, 신경외과, 마취통증의학과, 산부인과, 소아청소년과, 안과, 이비인후과, 피부과, 비뇨의학과, 가정의학과",3230000,PHMA120193230034041100025,"서울특별시 송파구 양재대로 1222, 올림픽프라자 2층 70,3호 (방이동)",서울특별시 송파구 방이동 89번지 11호 올림픽프라자,영업/정상
V0301D96AA4A7,롯데호텔남성사우나,송파구,relax_recovery,public_license_registry,OA-16146,공동탕업,,3230000,3230000-202-2003-00056,"서울특별시 송파구 올림픽로 240, 지상4,5층 (잠실동, 롯데호텔)",서울특별시 송파구 잠실동 40-1 롯데호텔,영업/정상
V0317A40E1827,포이한의원,강남구,medical_wellness,public_license_registry,OA-16480,한의원,"한방내과, 한방부인과, 한방소아과, 한방안?이비인후?피부과, 한방신경정신과, 한방재활의학과, 사상체질과, 침구과",3220000,PHMA120223220033041100108,"서울특별시 강남구 논현로 82, 봉명빌딩 3층 (개포동)",,영업/정상
V0327564955C8,내곡마취통증의학과의원,서초구,medical_wellness,public_license_registry,OA-16480,의원,"정형외과, 신경외과, 마취통증의학과, 재활의학과",3210000,PHMA120253210034041100062,"서울특별시 서초구 헌릉로8길 9-8, 내곡플라자 2층 201호 (내곡동)",서울특별시 서초구 내곡동 378 내곡플라자 201호,영업/정상
V032BCA72A694,바른손연세재활의학과의원,서초구,medical_wellness,public_license_registry,OA-16480,의원,"내과, 신경과, 정신건강의학과, 외과, 정형외과, 마취통증의학과, 이비인후과, 피부과, 비뇨의학과, 영상의학과, 재활의학과",3210000,PHMA120153210034041100071,"서울특별시 서초구 강남대로 200, 4층 (양재동, 삼화빌딩)",,영업/정상
V03306F3E405D,강남성모정형외과의원,강남구,medical_wellness,public_license_registry,OA-16480,의원,"내과, 신경과, 외과, 정형외과, 신경외과, 심장혈관흉부외과, 마취통증의학과, 피부과, 영상의학과, 재활의학과, 가정의학과",3220000,PHMA120193220033041100045,"서울특별시 강남구 선릉로 311, 한티빌딩 3층 (역삼동)",서울특별시 강남구 역삼동 765-7,영업/정상
V0335E8790935,바디트레인,강남구,exercise_body,public_license_registry,OA-16142,체력단련장업,,3220000,CDFH3301062018000008,"서울특별시 강남구 논현로87길 41, 신일유토빌 2층 201호 (역삼동)",서울특별시 강남구 역삼동 735-11 신일유토빌,영업/정상
V033B996F19BA,핏그라운드,서초구,exercise_body,public_license_registry,OA-16142,체력단련장업,,3210000,CDFH3301062018000027,"서울특별시 서초구 반포대로21길 23, 세진빌딩 지하1층 (서초동)",서울특별시 서초구 서초동 1510-2 세진빌딩,영업/정상
V0340B95121CD,청춘랩,서초구,exercise_body,public_license_registry,OA-16142,체력단련장업,,3210000,CDFH3301062026000001,"서울특별시 서초구 서래로5길 6, 지층 (반포동)",서울특별시 서초구 반포동 95-10,영업/정상
V034287710C01,바디웰한의원,강남구,medical_wellness,public_license_registry,OA-16480,한의원,"한방내과, 한방부인과, 한방소아과, 한방안?이비인후?피부과, 한방신경정신과, 한방재활의학과, 사상체질과, 침구과",3220000,PHMA120213220033041100058,"서울특별시 강남구 영동대로85길 7, 4층 (대치동)",,영업/정상
V03975F446BEB,삼성밸런스의원,강남구,medical_wellness,public_license_registry,OA-16480,의원,"신경과, 정형외과, 신경외과, 심장혈관흉부외과, 마취통증의학과, 재활의학과",3220000,PHMA120153220033041100207,"서울특별시 강남구 봉은사로 465, 3,4층 (삼성동)",,영업/정상
V039C96390A6F,제이씨엠스파,강남구,relax_recovery,public_license_registry,OA-16146,공동탕업+찜질시설서비스영업,,3220000,3220000-202-2018-00005,"서울특별시 강남구 논현로63길 16, 지하1층 (역삼동, 역삼종합시장 더블루)",서울특별시 강남구 역삼동 796-29 역삼종합시장 더블루,영업/정상
V03ADDA4C8927,리앤핏PT 삼성점,강남구,exercise_body,public_license_registry,OA-16142,체력단련장업,,3220000,CDFH3301062025000009,"서울특별시 강남구 삼성로 605, 청송빌딩 지하1층 (삼성동)",서울특별시 강남구 삼성동 51 청송빌딩 지하1호,영업/정상
V03B7813D83A5,한양재활의학과의원,서초구,medical_wellness,public_license_registry,OA-16480,의원,"정형외과, 신경외과, 마취통증의학과, 재활의학과",3210000,PHMA120053210034041100029,"서울특별시 서초구 방배로 97, 2층 (방배동, 청유빌딩)",서울특별시 서초구 방배동 910번지 14호 청유빌딩 2층,영업/정상
V03B8410C3361,크로스핏 라곰트레이닝,강남구,exercise_body,public_license_registry,OA-16142,체력단련장업,,3220000,CDFH3301062023000045,"서울특별시 강남구 테헤란로 101, 이즈타워 지하3층 (역삼동)",서울특별시 강남구 역삼동 821 이즈타워,영업/정상
V03BCD8D52DC3,민가한의원,서초구,medical_wellness,public_license_registry,OA-16480,한의원,"한방내과, 한방부인과, 한방소아과, 한방안?이비인후?피부과, 한방신경정신과, 한방재활의학과, 사상체질과, 침구과",3210000,PHMA120223210034041100106,"서울특별시 서초구 효령로 396, 2층 (서초동)",서울특별시 서초구 서초동 1342-15,영업/정상
V03C8B9ADF7C9,경희바른맥한의원,송파구,medical_wellness,public_license_registry,OA-16480,한의원,"한방내과, 한방부인과, 한방소아과, 한방안?이비인후?피부과, 한방신경정신과, 한방재활의학과, 사상체질과, 침구과",3230000,PHMA120173230034041100020,"서울특별시 송파구 중대로 148, 1층 (가락동, 삼성빌딩)",서울특별시 송파구 가락동 123번지 3호 1층,영업/정상
V03C94D0035A2,피티스튜디오 건강한 사람들,송파구,exercise_body,public_license_registry,OA-16142,체력단련장업,,3230000,CDFH3301062022000026,"서울특별시 송파구 위례광장로 290, B-15호 (장지동, 위례중앙푸르지오2단지)",서울특별시 송파구 장지동 896 상가동 B-15호,영업/정상
V03D67D5F27FE,구름의자한의원,강남구,medical_wellness,public_license_registry,OA-16480,한의원,"한방내과, 한방부인과, 한방소아과, 한방안?이비인후?피부과, 한방신경정신과, 한방재활의학과, 사상체질과, 침구과, 한방응급과",3220000,PHMA120153220033041100203,"서울특별시 강남구 논현로 841 (신사동, 제이비 미소빌딩, 206호 일부)",,영업/정상
V040B724B7063,리플로우,강남구,exercise_body,public_license_registry,OA-16142,체력단련장업,,3220000,CDFH3301062025000058,"서울특별시 강남구 도산대로96길 13, 5층 (청담동)",서울특별시 강남구 청담동 58-12,영업/정상
V041A80C23946,디프로 PT&필라테스,강남구,exercise_body,public_license_registry,OA-16142,체력단련장업,,3220000,CDFH3301062025000013,"서울특별시 강남구 역삼로63길 23, 4층 (대치동)",서울특별시 강남구 대치동 899-3,영업/정상
V0428D6829263,삼손헬스,송파구,exercise_body,public_license_registry,OA-16142,체력단련장업,,3230000,CDFH3301062019000001,서울특별시 송파구 삼전로 96 (삼전동),서울특별시 송파구 삼전동 1-5,영업/정상
V0431436D3394,체육관 1호,강남구,exercise_body,public_license_registry,OA-16142,체력단련장업,,3220000,CDFH3301062022000006,"서울특별시 강남구 논현로 628, 1층 (논현동)",서울특별시 강남구 논현동 221-13,영업/정상
V043B55BFEEB0,경희장수한의원,강남구,medical_wellness,public_license_registry,OA-16480,한의원,"한방내과, 한방부인과, 한방소아과, 한방안?이비인후?피부과, 한방신경정신과, 한방재활의학과, 사상체질과, 침구과",3220000,PHMA119943220033041101774,"서울특별시 강남구 양재대로55길 13, 조이빌딩 E동 3층 302호 (일원동)",,영업/정상
V04A788A2D784,서래 퍼스널 트레이닝,서초구,exercise_body,public_license_registry,OA-16142,체력단련장업,,3210000,CDFH3301062023000032,"서울특별시 서초구 서래로 48, 3층 (반포동)",서울특별시 서초구 반포동 92-1,영업/정상
V04A89F884110,우성스포츠센터,강남구,exercise_body,public_license_registry,OA-16142,체력단련장업,,3220000,CDFH3301061999000013,서울특별시 강남구 개포로110길 15 (일원동),서울특별시 강남구 일원동 615,영업/정상
V04C8F7B97B8A,빌드업피트니스 PT&골프 언주역점,강남구,exercise_body,public_license_registry,OA-16142,체력단련장업,,3220000,CDFH3301062007000007,"서울특별시 강남구 논현로 626 (논현동,M빌딩 B2)",서울특별시 강남구 논현동 221-5 M빌딩 B2,영업/정상
V04C9823DFF64,트레이닝 메이트,송파구,exercise_body,public_license_registry,OA-16142,체력단련장업,,3230000,CDFH3301062020000010,"서울특별시 송파구 삼전로13길 51, 유니크빌 지하1층 (잠실동)",서울특별시 송파구 잠실동 231-3 유니크빌,영업/정상
V04D58979076F,듀오핏,서초구,exercise_body,public_license_registry,OA-16142,체력단련장업,,3210000,CDFH3301062018000025,"서울특별시 서초구 사평대로2길 22, 2층 (방배동)",서울특별시 서초구 방배동 751-5,영업/정상
V04DBBF1459AD,베네짐 교대점,서초구,exercise_body,public_license_registry,OA-16142,체력단련장업,,3210000,CDFH3301062004000009,"서울특별시 서초구 서초대로 314 (서초동,지1층)",서울특별시 서초구 서초동 1674-1 지1층,영업/정상
V04E219BB936C,한뜸한의원,서초구,medical_wellness,public_license_registry,OA-16480,한의원,"한방내과, 한방부인과, 한방소아과, 한방안?이비인후?피부과, 한방신경정신과, 한방재활의학과, 사상체질과, 침구과",3210000,PHMA120083210034041100045,"서울특별시 서초구 염곡안1길 3, 1층, 지하1층 (염곡동)",서울특별시 서초구 염곡동 85번지 1호,영업/정상
V04FA55B390F8,테디짐PT 반포 삼호가든,서초구,exercise_body,public_license_registry,OA-16142,체력단련장업,,3210000,CDFH3301062017000009,"서울특별시 서초구 서초중앙로 230, 2층 205호 (반포동, 동화반포프라자빌딩)",,영업/정상
V05045731F289,호짐 헬스&PT 일원점,강남구,exercise_body,public_license_registry,OA-16142,체력단련장업,,3220000,CDFH3301062022000037,"서울특별시 강남구 개포로 628, 현대빌딩 지하1층 (일원동)",서울특별시 강남구 일원동 619-1 현대빌딩,영업/정상
V055C27270447,바로바디의원,송파구,medical_wellness,public_license_registry,OA-16480,의원,"내과, 외과, 정형외과, 마취통증의학과, 피부과",3230000,PHMA120143230034041100037,"서울특별시 송파구 송파대로 98, 선도빌딩 5층,6층 일부호 (문정동)",서울특별시 송파구 문정동 74-7 선도빌딩,영업/정상
V0575E4D427D8,에이케이신경외과의원,강남구,medical_wellness,public_license_registry,OA-16480,의원,"내과, 신경과, 외과, 정형외과, 신경외과, 마취통증의학과, 소아청소년과, 영상의학과, 재활의학과, 가정의학과",3220000,PHMA119973220033041100199,"서울특별시 강남구 테헤란로 413, 태양빌딩, 2층일부 (삼성동)",서울특별시 강남구 삼성동 142번지 39호 태양빌딩 2층일부,영업/정상
V0583EF6A2F98,스포존,송파구,exercise_body,public_license_registry,OA-16142,체력단련장업,,3230000,CDFH3301062011000011,"서울특별시 송파구 충민로 52, 지하1층 (문정동)",서울특별시 송파구 문정동 289 가든파이브웍스 지하1층,영업/정상
V05BDA5CC5395,유휘트니스(123),강남구,exercise_body,public_license_registry,OA-16142,체력단련장업,,3220000,CDFH3301062003000011,서울특별시 강남구 압구정로 113  (압구정동),서울특별시 강남구 압구정동 408,영업/정상
V060D3ABF5B7C,김포도 컴퍼니,강남구,exercise_body,public_license_registry,OA-16142,체력단련장업,,3220000,CDFH3301062021000021,"서울특별시 강남구 언주로168길 15, 지하1층 (신사동)",서울특별시 강남구 신사동 644-3,영업/정상
V0614C40E1508,엄마손대중사우나,송파구,relax_recovery,public_license_registry,OA-16146,공동탕업,,3230000,3230000-202-2003-00062,서울특별시 송파구 가락로 103 (석촌동),서울특별시 송파구 석촌동 277-2 지하1층,영업/정상
V068CDBA7030C,압구정연한의원,강남구,medical_wellness,public_license_registry,OA-16480,한의원,"한방내과, 한방부인과, 한방소아과, 한방안?이비인후?피부과, 한방신경정신과, 한방재활의학과, 사상체질과, 침구과",3220000,PHMA120063220033041101958,"서울특별시 강남구 압구정로34길 11, 압구정스퀘어 202 (신사동)",,영업/정상
V06A49DE5492B,굿본재활의학과의원,송파구,medical_wellness,public_license_registry,OA-16480,의원,"정형외과, 신경외과, 마취통증의학과, 재활의학과",3230000,PHMA120223230034041100019,"서울특별시 송파구 위례광장로 230, 제상가3 제C동 2층 203,205,206호 (장지동, 위례2차아이파크)",,영업/정상
V06C54DD6C537,저스트짐 하드코어,강남구,exercise_body,public_license_registry,OA-16142,체력단련장업,,3220000,CDFH3301062012000012,"서울특별시 강남구 역삼로8길 15, 지하1층, 1층 (역삼동)",서울특별시 강남구 역삼동 834-34,영업/정상
V06D1E2B756E6,아토즈무브,강남구,exercise_body,public_license_registry,OA-16142,체력단련장업,,3220000,CDFH3301062022000011,"서울특별시 강남구 선릉로152길 7, 홍경빌딩 4층 (청담동)",서울특별시 강남구 청담동 85-7,영업/정상
V06D3C90552F1,푸르메디의원,송파구,medical_wellness,public_license_registry,OA-16480,의원,"내과, 신경과, 외과, 정형외과, 소아청소년과, 피부과, 영상의학과, 가정의학과",3230000,PHMA120143230034041100053,"서울특별시 송파구 오금로 306, 2층 1호 (가락동, 가락스타클래스)",서울특별시 송파구 가락동 8 가락스타클래스,영업/정상
V06E4BFE72825,BEEFIT STUDIO,서초구,exercise_body,public_license_registry,OA-16142,체력단련장업,,3210000,CDFH3301062022000033,"서울특별시 서초구 바우뫼로6길 8-4, 2층 (우면동)",서울특별시 서초구 우면동 2-9 태성빌딩,영업/정상
V0718ED8B309C,경희에스아이(SI)한의원,서초구,medical_wellness,public_license_registry,OA-16480,한의원,"한방내과, 한방부인과, 한방소아과, 한방안?이비인후?피부과, 한방신경정신과, 한방재활의학과, 사상체질과, 침구과, 한방응급과",3210000,PHMA120153210034041100077,"서울특별시 서초구 강남대로 381, 301호 (서초동, 두산베어스텔)",서울특별시 서초구 서초동 1319번지 11호 두산베어스텔 301호,영업/정상
V071F3D37CE8A,김봉주 올인원 재활 PT,서초구,exercise_body,public_license_registry,OA-16142,체력단련장업,,3210000,CDFH3301062025000015,"서울특별시 서초구 서운로 207, 삼호종합상가 223호 (서초동)",서울특별시 서초구 서초동 1311-7 삼호종합상가,영업/정상
V072F27E8FA7F,미병한의원,송파구,medical_wellness,public_license_registry,OA-16480,한의원,"한방내과, 한방부인과, 한방소아과, 한방안?이비인후?피부과, 한방신경정신과, 한방재활의학과, 사상체질과, 침구과",3230000,PHMA120173230034041100031,"서울특별시 송파구 송파대로 111, 205동 309호 (문정동, 파크하비오)",,영업/정상
V072F80206D3A,경희마루한의원,서초구,medical_wellness,public_license_registry,OA-16480,한의원,"한방내과, 한방부인과, 한방소아과, 한방안?이비인후?피부과, 한방신경정신과, 한방재활의학과, 사상체질과, 침구과",3210000,PHMA120113210034041100113,"서울특별시 서초구 바우뫼로 23, 5층 (우면동)",서울특별시 서초구 우면동 64번지 2호 5층,영업/정상
V07357875870F,현등한의원,강남구,medical_wellness,public_license_registry,OA-16480,한의원,"한방내과, 한방부인과, 한방소아과, 한방안?이비인후?피부과, 한방신경정신과, 한방재활의학과, 사상체질과, 침구과",3220000,PHMA120033220033041101849,"서울특별시 강남구 언주로30길 10, 현대비전21 (도곡동)",,영업/정상
V073F598B1C0C,F45 교대,서초구,exercise_body,public_license_registry,OA-16142,체력단련장업,,3210000,CDFH3301062022000010,"서울특별시 서초구 서초대로51길 24, 3층 (서초동)",서울특별시 서초구 서초동 1698-8,영업/정상
V074FDA885D58,쥬빌짐,서초구,exercise_body,public_license_registry,OA-16142,체력단련장업,,3210000,CDFH3301062013000002,"서울특별시 서초구 서운로 208 (서초동, 삼호서초동종합상가 211,212호)","서울특별시 서초구 서초동 1310 삼호서초동종합상가 211,212호",영업/정상
V07513D557824,김인섭의원,강남구,medical_wellness,public_license_registry,OA-16480,의원,"내과, 외과, 정형외과, 신경외과, 심장혈관흉부외과, 소아청소년과, 안과, 이비인후과, 피부과, 비뇨의학과, 영상의학과, 응급의학과",3220000,PHMA120213220033041100117,"서울특별시 강남구 논현로 64, 삼우빌딩 3층 (개포동)",서울특별시 강남구 개포동 1228 삼우빌딩,영업/정상
V075D9E2B207C,바로그짐 강남구청,강남구,exercise_body,public_license_registry,OA-16142,체력단련장업,,3220000,CDFH3301062012000036,"서울특별시 강남구 학동로68길 7 (삼성동,힐스테이트1단지 상가 4층)",서울특별시 강남구 삼성동 16 힐스테이트1단지 상가 4층,영업/정상
V076CBE03622B,무아 피트니스,서초구,exercise_body,public_license_registry,OA-16142,체력단련장업,,3210000,CDFH3301062026000007,"서울특별시 서초구 언남길 71, 와이젠하우스 지하1층 (양재동)",서울특별시 서초구 양재동 272-10 와이젠하우스,영업/정상
V078DEED14181,청담에스에스640의원,강남구,medical_wellness,public_license_registry,OA-16480,의원,"성형외과, 피부과, 재활의학과, 가정의학과",3220000,PHMA120203220033041100117,"서울특별시 강남구 삼성로 640, 건설기술인회관(별관) 2층 (삼성동)",서울특별시 강남구 삼성동 65-2 건설기술인회관(별관) 2층,영업/정상
V0790B12B991B,운한의원,강남구,medical_wellness,public_license_registry,OA-16480,한의원,"한방내과, 한방부인과, 한방소아과, 한방안?이비인후?피부과, 한방신경정신과, 한방재활의학과, 침구과",3220000,PHMA120183220033041100055,"서울특별시 강남구 언주로30길 10, 현대비전21 402호 (도곡동)",서울특별시 강남구 도곡동 467-19 현대비전21,영업/정상
V079F44D9BD4B,아워피트니스 내방점,서초구,exercise_body,public_license_registry,OA-16142,체력단련장업,,3210000,CDFH3301062024000003,"서울특별시 서초구 방배로 141, 텔콤빌딩 내방 (방배동)",서울특별시 서초구 방배동 935-40 텔콤빌딩 내방,영업/정상
V07A62A83911C,파티마의원,송파구,medical_wellness,public_license_registry,OA-16480,의원,"내과, 외과, 정형외과, 소아청소년과, 이비인후과, 피부과, 비뇨의학과",3230000,PHMA120023230034041101092,"서울특별시 송파구 천호대로152길 17, 2층 (풍납동)",서울특별시 송파구 풍납동 476-15,영업/정상
V07B5319057E4,바람드리한의원,송파구,medical_wellness,public_license_registry,OA-16480,한의원,"한방내과, 한방부인과, 한방소아과, 한방안?이비인후?피부과, 한방신경정신과, 한방재활의학과, 사상체질과, 침구과",3230000,PHMA120133230034041100051,"서울특별시 송파구 바람드리길 59, 2층 (풍납동)",,영업/정상
V07D485A7F487,경희선진한의원,송파구,medical_wellness,public_license_registry,OA-16480,한의원,"한방내과, 한방부인과, 한방소아과, 한방안?이비인후?피부과, 한방신경정신과, 한방재활의학과, 사상체질과, 침구과",3230000,PHMA120113230034041100025,"서울특별시 송파구 백제고분로48길 3 (방이동,2층)",,영업/정상
V07DFE4AD0C89,반포스탠다정형외과의원,서초구,medical_wellness,public_license_registry,OA-16480,의원,"정형외과, 마취통증의학과",3210000,PHMA120233210034041100090,"서울특별시 서초구 반포대로 291, 원베일리 스퀘어 5층 501~506호 (반포동)",서울특별시 서초구 반포동 0 원베일리 스퀘어,영업/정상
V07E9896DF79A,청담성모정형외과의원,강남구,medical_wellness,public_license_registry,OA-16480,의원,"내과, 정형외과, 신경외과, 마취통증의학과, 재활의학과",3220000,PHMA120193220033041100103,"서울특별시 강남구 삼성로 620, 블래스톤리조트 4층 (삼성동)",서울특별시 강남구 삼성동 70번지 블래스톤리조트,영업/정상
V07F9A7E9C979,강남선이고은한의원,강남구,medical_wellness,public_license_registry,OA-16480,한의원,"한방내과, 한방부인과, 한방소아과, 한방안?이비인후?피부과, 한방신경정신과, 한방재활의학과, 사상체질과, 침구과",3220000,PHMA120163220033041100127,"서울특별시 강남구 논현로93길 6, 2층 (역삼동)",서울특별시 강남구 역삼동 641-14 2층,영업/정상
V07FBF75132C0,투스타짐PT 역삼점,강남구,exercise_body,public_license_registry,OA-16142,체력단련장업,,3220000,CDFH3301062018000016,"서울특별시 강남구 언주로 311, 로즈1타워 201호 (역삼동)",서울특별시 강남구 역삼동 784-4 로즈1타워,영업/정상
V080F4DC3DB23,주식회사 블레스라이프 필라테스,서초구,exercise_body,public_license_registry,OA-16142,체력단련장업,,3210000,CDFH3301062017000013,"서울특별시 서초구 서초대로 397, 2층 203-1호 (서초동)",서울특별시 서초구 서초동 1316-5 부띠크 모나코,영업/정상
V08416CC83E4E,우아미한의원,서초구,medical_wellness,public_license_registry,OA-16480,한의원,"한방내과, 한방부인과, 한방소아과, 한방안?이비인후?피부과, 한방신경정신과, 한방재활의학과, 사상체질과, 침구과, 한방응급과",3210000,PHMA120153210034041100037,"서울특별시 서초구 서초대로53길 10, 3층 (서초동)",,영업/정상
V0846A49D5D83,메디셀의원,서초구,medical_wellness,public_license_registry,OA-16480,의원,"내과, 정형외과, 신경외과, 마취통증의학과, 피부과, 진단검사의학과, 재활의학과, 가정의학과",3210000,PHMA120213210034041100022,"서울특별시 서초구 남부순환로 2646, 메디셀 플러스 의원빌딩 지하 1, 2~4층 (양재동)",서울특별시 서초구 양재동 2-2 메디셀 플러스 의원빌딩,영업/정상
V084B828DB8DA,휴메이크 휘트니스,송파구,exercise_body,public_license_registry,OA-16142,체력단련장업,,3230000,CDFH3301062015000021,서울특별시 송파구 백제고분로 275 (석촌동),서울특별시 송파구 석촌동 14-7,영업/정상
V084C27BED297,베스트연합의원,송파구,medical_wellness,public_license_registry,OA-16480,의원,"내과, 외과, 정형외과, 신경외과, 소아청소년과, 이비인후과, 피부과, 비뇨의학과, 가정의학과",3230000,PHMA120033230034041101119,"서울특별시 송파구 마천로 281, 지하1층,1층 (마천동)",서울특별시 송파구 마천동 127-9,영업/정상
V0853F8510F83,사과나무한의원,송파구,medical_wellness,public_license_registry,OA-16480,한의원,"한방내과, 한방부인과, 한방소아과, 한방안?이비인후?피부과, 한방신경정신과, 한방재활의학과, 사상체질과, 침구과",3230000,PHMA120043230034041101213,"서울특별시 송파구 동남로 141, 옥산빌딩 4층 일부호 (가락동)",,영업/정상
V086EF8EAF34D,한중제생한의원,서초구,medical_wellness,public_license_registry,OA-16480,한의원,"한방내과, 한방부인과, 한방소아과, 한방안?이비인후?피부과, 한방신경정신과, 한방재활의학과, 사상체질과, 침구과",3210000,PHMA120253210034041100008,"서울특별시 서초구 신반포로 205, 반포쇼핑타운 6동 310, 312호 (잠원동)",서울특별시 서초구 잠원동 69-12 반포쇼핑타운 6동,영업/정상
V08775E32EB56,광제한의원,강남구,medical_wellness,public_license_registry,OA-16480,한의원,"한방내과, 한방부인과, 한방소아과, 한방안?이비인후?피부과, 한방신경정신과, 한방재활의학과, 사상체질과, 침구과, 한방응급과",3220000,PHMA120143220033041100153,"서울특별시 강남구 도곡로18길 46, 105호 (도곡동)",서울특별시 강남구 도곡동 893-23,영업/정상
V08778C9731AE,자연본한의원,송파구,medical_wellness,public_license_registry,OA-16480,한의원,"한방내과, 한방부인과, 한방소아과, 한방안?이비인후?피부과, 한방신경정신과, 한방재활의학과, 사상체질과, 침구과",3230000,PHMA120253230034041100060,"서울특별시 송파구 양재대로 1164, 홍일빌딩 3층 (오금동)",,영업/정상
V08CB2DB9FAA8,김기준봄한의원,송파구,medical_wellness,public_license_registry,OA-16480,한의원,"한방내과, 한방부인과, 한방소아과, 한방안?이비인후?피부과, 한방신경정신과, 한방재활의학과, 사상체질과, 침구과",3230000,PHMA120073230034041101480,"서울특별시 송파구 올림픽로 240 (잠실동,롯데호텔건물 지하1층,6층)","서울특별시 송파구 잠실3동 40번지 1호 롯데호텔건물 지하1층,6층",영업/정상
V08DF7774E507,MASTER GYM(마스터짐 앤 필라테스),강남구,exercise_body,public_license_registry,OA-16142,체력단련장업,,3220000,CDFH3301062020000029,"서울특별시 강남구 도산대로96길 13, 6층 (청담동)",서울특별시 강남구 청담동 58-12,영업/정상
V08E495BD41EC,동인당한의원,송파구,medical_wellness,public_license_registry,OA-16480,한의원,"한방내과, 한방부인과, 한방소아과, 한방안?이비인후?피부과, 한방신경정신과, 한방재활의학과, 사상체질과, 침구과",3230000,PHMA119913230034041100374,"서울특별시 송파구 마천로41길 25, 1,2층 (마천동)","서울특별시 송파구 마천동  135번지 8호 1,2층",영업/정상
V08FB7088EFD8,대한퍼스널트레이너협회,서초구,exercise_body,public_license_registry,OA-16142,체력단련장업,,3210000,CDFH3301062015000017,"서울특별시 서초구 방배중앙로 6, 부림빌딩 2층 (방배동)",서울특별시 서초구 방배동 917-1 부림빌딩,영업/정상
V091107EE0E80,G.O PT Studio,서초구,exercise_body,public_license_registry,OA-16142,체력단련장업,,3210000,CDFH3301062013000004,"서울특별시 서초구 명달로 116 (서초동, 2층)",서울특별시 서초구 서초동 1507-19 송형빌딩 2층,영업/정상
V091A388B96EC,문정법조타운점 스포애니 (주)케이디헬스케어,송파구,exercise_body,public_license_registry,OA-16142,체력단련장업,,3230000,CDFH3301062018000021,"서울특별시 송파구 송파대로 145, 문정 오벨리스크 지하2층 (문정동)",서울특별시 송파구 문정동 652-2 문정 오벨리스크,영업/정상
V092B9A9DF827,MOTIVITY(모티비티),강남구,exercise_body,public_license_registry,OA-16142,체력단련장업,,3220000,CDFH3301062026000009,"서울특별시 강남구 도곡로18길 5, 201호 (도곡동)",서울특별시 강남구 도곡동 545-2,영업/정상
V095F268C6690,수토피아불가마사우나패밀리클래스,강남구,relax_recovery,public_license_registry,OA-16146,공동탕업,,3220000,3220000-202-1989-00292,"서울특별시 강남구 봉은사로25길 5 (논현동,,7,8)","서울특별시 강남구 논현동 206-6 ,7,8",영업/정상
V096854FC8D40,REFLEX(리플렉스),송파구,exercise_body,public_license_registry,OA-16142,체력단련장업,,3230000,CDFH3301062022000013,"서울특별시 송파구 가락로 214, 창우빌딩 202호 (송파동)",서울특별시 송파구 송파동 147-1 창우빌딩 202호,영업/정상
V09A830C47A25,세황부부한의원,서초구,medical_wellness,public_license_registry,OA-16480,한의원,"한방내과, 한방부인과, 한방소아과, 한방안?이비인후?피부과, 한방신경정신과, 한방재활의학과, 사상체질과, 침구과",3210000,PHMA119993210034041100001,"서울특별시 서초구 반포대로13길 7, 제이라인 빌딩 1층 (서초동)",,영업/정상
V09E5C9E7E06B,하늘체한의원,강남구,medical_wellness,public_license_registry,OA-16480,한의원,"한방내과, 한방부인과, 한방소아과, 한방안?이비인후?피부과, 한방신경정신과, 한방재활의학과, 사상체질과, 침구과",3220000,PHMA120073220033041102022,"서울특별시 강남구 압구정로30길 9, 201호,301호 (신사동)",,영업/정상
V09ED41044CB3,양지한의원,서초구,medical_wellness,public_license_registry,OA-16480,한의원,"한방내과, 한방부인과, 한방소아과, 한방안?이비인후?피부과, 한방신경정신과, 한방재활의학과, 사상체질과, 침구과",3210000,PHMA120083210034041100112,"서울특별시 서초구 방배로13길 10, 2층 (방배동)",서울특별시 서초구 방배동 924-10 2층,영업/정상
V0A10CDD2D00C,스타휘트니스 246,강남구,exercise_body,public_license_registry,OA-16142,체력단련장업,,3220000,CDFH3301062021000007,"서울특별시 강남구 언주로130길 12, 가동 3층 (논현동)",서울특별시 강남구 논현동 246,영업/정상
V0A15DC6EE836,청담정형외과의원,강남구,medical_wellness,public_license_registry,OA-16480,의원,"정형외과, 신경외과, 마취통증의학과, 재활의학과",3220000,PHMA120243220033041100227,"서울특별시 강남구 학동로 501, 2층 (청담동)",서울특별시 강남구 청담동 76-5 2층,영업/정상
V0A17A23746DF,테디피트니스 문정점,송파구,exercise_body,public_license_registry,OA-16142,체력단련장업,,3230000,CDFH3301062022000011,"서울특별시 송파구 새말로8길 30, 지하1층 (문정동)",서울특별시 송파구 문정동 75-9 지하1층,영업/정상
V0A1D686CF84E,온트재활의학과의원,서초구,medical_wellness,public_license_registry,OA-16480,의원,"신경과, 정형외과, 신경외과, 마취통증의학과, 재활의학과",3210000,PHMA120223210034041100107,"서울특별시 서초구 강남대로53길 12, 솔라티움시티 강남 302~305,309호 (서초동)",서울특별시 서초구 서초동 1327-34 솔라티움시티 강남,영업/정상
V0A435A5D55D2,PT하우스(253),강남구,exercise_body,public_license_registry,OA-16142,체력단련장업,,3220000,CDFH3301062011000009,"서울특별시 강남구 선릉로 842  (청담동,4층)",서울특별시 강남구 청담동 84 4층,영업/정상
V0A68BCC16D1E,휴즈짐,강남구,exercise_body,public_license_registry,OA-16142,체력단련장업,,3220000,CDFH3301062021000028,"서울특별시 강남구 선릉로132길 17, 지하1층 (청담동)",서울특별시 강남구 청담동 38-18,영업/정상
V0A7A57166445,마음가짐,강남구,exercise_body,public_license_registry,OA-16142,체력단련장업,,3220000,CDFH3301062018000002,"서울특별시 강남구 테헤란로81길 51, 3층 (삼성동)",서울특별시 강남구 삼성동 151-20,영업/정상
V0A9176DC3072,부띠끄 피트니스,서초구,exercise_body,public_license_registry,OA-16142,체력단련장업,,3210000,CDFH3301062012000013,"서울특별시 서초구 남부순환로364길 8-15, 동일빌딩 3층 (양재동)",서울특별시 서초구 양재동 2-12 동일빌딩,영업/정상
V0AA0B8208E1F,모드니한의원,강남구,medical_wellness,public_license_registry,OA-16480,한의원,"한방내과, 한방부인과, 한방소아과, 한방안?이비인후?피부과, 한방신경정신과, 한방재활의학과, 사상체질과, 침구과",3220000,PHMA120203220033041100159,"서울특별시 강남구 삼성로 626, k빌딩 2층 (삼성동)",,영업/정상
V0AA463CFFDC3,청담베스트내과의원,강남구,medical_wellness,public_license_registry,OA-16480,의원,"내과, 정형외과",3220000,PHMA120153220033041100117,"서울특별시 강남구 학동로53길 3-2, 지하1층, 3~5층 (논현동)","서울특별시 강남구 논현동 118-6 지하1층, 3~5층",영업/정상
V0AE45085A316,요한한의원,강남구,medical_wellness,public_license_registry,OA-16480,한의원,"한방내과, 한방부인과, 한방소아과, 한방안?이비인후?피부과, 한방신경정신과, 한방재활의학과, 사상체질과, 침구과",3220000,PHMA119793220033041101726,"서울특별시 강남구 학동로 337, H타워 6층 (논현동)",,영업/정상
V0AE53968BDD7,우영한의원,서초구,medical_wellness,public_license_registry,OA-16480,한의원,"한방내과, 한방부인과, 한방소아과, 한방안?이비인후?피부과, 한방신경정신과, 한방재활의학과, 사상체질과, 침구과",3210000,PHMA120193210034041100018,"서울특별시 서초구 방배로 177, 레마빌딩 2층 (방배동)",서울특별시 서초구 방배동 852번지 20호 레마빌딩,영업/정상
V0AF02FFB17A3,크로스핏 에이드 삼전,송파구,exercise_body,public_license_registry,OA-16142,체력단련장업,,3230000,CDFH3301062025000037,"서울특별시 송파구 백제고분로 185, 지하2층 (잠실동)",서울특별시 송파구 잠실동 250-14,영업/정상
V0B1B0DB638A5,반포제일한의원,서초구,medical_wellness,public_license_registry,OA-16480,한의원,"한방내과, 한방부인과, 한방소아과, 한방안?이비인후?피부과, 한방신경정신과, 한방재활의학과, 사상체질과, 침구과",3210000,PHMA120243210034041100011,"서울특별시 서초구 신반포로 157, 반포쇼핑타운 402호 (잠원동)",서울특별시 서초구 잠원동 75-10 반포쇼핑타운,영업/정상
V0B6F7C612812,강남센트럴한의원,서초구,medical_wellness,public_license_registry,OA-16480,한의원,"한방내과, 한방부인과, 한방소아과, 한방재활의학과, 침구과",3210000,PHMA120223210034041100044,"서울특별시 서초구 신반포로 205, 반포쇼핑타운 제6동 2층 19~27호 (잠원동)",서울특별시 서초구 잠원동 69-12 반포쇼핑타운,영업/정상
V0B87D1083052,오라카이 청계산호텔 사우나,서초구,relax_recovery,public_license_registry,OA-16146,공동탕업,,3210000,3210000-202-2018-00002,"서울특별시 서초구 청계산로9길 1-7, 오라카이 청계산호텔 지하1층 (신원동)",서울특별시 서초구 신원동 271-21 지하1층,영업/정상
V0BB83E471BB9,웰가의원,강남구,medical_wellness,public_license_registry,OA-16480,의원,"내과, 정형외과, 신경외과, 성형외과, 마취통증의학과, 피부과",3220000,PHMA120053220033041100720,"서울특별시 강남구 봉은사로 209, 6층 (논현동)",서울특별시 강남구 논현동 235-9,영업/정상
V0BC0217A7ED3,김갑수마취통증의학과의원,서초구,medical_wellness,public_license_registry,OA-16480,의원,"내과, 신경과, 외과, 정형외과, 신경외과, 마취통증의학과, 재활의학과",3210000,PHMA119993210034041100004,"서울특별시 서초구 동작대로 130, 지상2층 (방배동)",서울특별시 서초구 방배동 1770번지 2층,영업/정상
V0BCC797AF192,윌로우한의원,강남구,medical_wellness,public_license_registry,OA-16480,한의원,"한방내과, 한방부인과, 한방소아과, 한방안?이비인후?피부과, 한방신경정신과, 한방재활의학과, 사상체질과, 침구과",3220000,PHMA120243220033041100182,"서울특별시 강남구 도곡로 408, 디마크 빌딩 2층 205호 (대치동)",서울특별시 강남구 대치동 1024 디마크 빌딩,영업/정상
V0BDB94A2C6FB,크로스핏 타키온,강남구,exercise_body,public_license_registry,OA-16142,체력단련장업,,3220000,CDFH3301062022000053,"서울특별시 강남구 논현로 90, 보성빌딩 지하1층 (개포동)",서울특별시 강남구 개포동 1229 보성빌딩,영업/정상
V0BF0FB3D09E4,더웰니스의원,서초구,medical_wellness,public_license_registry,OA-16480,의원,"내과, 마취통증의학과, 피부과, 재활의학과, 가정의학과",3210000,PHMA120233210034041100004,"서울특별시 서초구 신반포로 219, 반포쇼핑타운 8동 2층 1~2호 (잠원동)",서울특별시 서초구 잠원동 69-22 반포쇼핑타운 8동 1~2호,영업/정상
V0C4E7F5BD200,연세공감정형외과 의원,서초구,medical_wellness,public_license_registry,OA-16480,의원,"내과, 신경과, 정형외과, 신경외과, 마취통증의학과, 재활의학과",3210000,PHMA120223210034041100127,"서울특별시 서초구 서초중앙로 125, 로이어즈타워 4층 (서초동)",서울특별시 서초구 서초동 1573-10 로이어즈타워,영업/정상
V0C73FD86F7E7,프리미엄 온핏 개포점,강남구,exercise_body,public_license_registry,OA-16142,체력단련장업,,3220000,CDFH3301062025000021,"서울특별시 강남구 선릉로 40, 지하1층 (개포동)",서울특별시 강남구 개포동 168-7,영업/정상
V0C868CBEF246,크로스핏 에이블,송파구,exercise_body,public_license_registry,OA-16142,체력단련장업,,3230000,CDFH3301062012000007,"서울특별시 송파구 석촌호수로 272, 지하1층 (송파동)",서울특별시 송파구 송파동 32 지하1층,영업/정상
V0CAD7B9B8523,하이라이트핏(HILIGHT FIT),강남구,exercise_body,public_license_registry,OA-16142,체력단련장업,,3220000,CDFH3301062021000051,"서울특별시 강남구 역삼로5길 19, 지하1층 (역삼동)",서울특별시 강남구 역삼동 830-11,영업/정상
V0CBA0382ECF0,아너스티성형외과의원,서초구,medical_wellness,public_license_registry,OA-16480,의원,"내과, 신경과, 정신건강의학과, 외과, 정형외과, 신경외과, 심장혈관흉부외과, 성형외과, 마취통증의학과, 산부인과, 소아청소년과, 안과, 이비인후과, 피부과, 비뇨의학과, 영상의학과, 병리과, 진단검사의학과, 재활의학과, 가정의학과, 응급의학과, 예방의학과",3210000,PHMA120233210034041100054,"서울특별시 서초구 강남대로 589, 멀버리힐스 8층 (잠원동)",서울특별시 서초구 잠원동 27-2,영업/정상
V0CC64A458684,코지짐(330),강남구,exercise_body,public_license_registry,OA-16142,체력단련장업,,3220000,CDFH3301062013000011,서울특별시 강남구 남부순환로 2921 (대치동),서울특별시 강남구 대치동 623 남서울종합시장 3층8호,영업/정상
V0CD35361E2BB,안태호한의원,송파구,medical_wellness,public_license_registry,OA-16480,한의원,"한방내과, 한방부인과, 한방소아과, 한방안?이비인후?피부과, 한방신경정신과, 한방재활의학과, 사상체질과, 침구과",3230000,PHMA119903230034041100301,"서울특별시 송파구 올림픽로35길 112, 장미아파트 비상가 317호 (신천동)",서울특별시 송파구 신천동 7번지 장미아파트 비상가,영업/정상
V0CD3781629DF,규림한의원,송파구,medical_wellness,public_license_registry,OA-16480,한의원,"한방내과, 한방부인과, 한방소아과, 한방안?이비인후?피부과, 한방신경정신과, 한방재활의학과, 사상체질과, 침구과",3230000,PHMA120193230034041100043,"서울특별시 송파구 올림픽로 119, 잠실파인애플상가 5층 22호 (잠실동)",,영업/정상
V0CED37B031A3,광지의원,강남구,medical_wellness,public_license_registry,OA-16480,의원,"내과, 신경과, 정신건강의학과, 이비인후과, 피부과, 비뇨의학과, 재활의학과, 가정의학과",3220000,PHMA120163220033041100165,"서울특별시 강남구 학동로97길 15, 1층 (청담동)",서울특별시 강남구 청담동 70번지 14호 1층,영업/정상
V0D29E6B0CF5F,피크핏(PEAKFIT),강남구,exercise_body,public_license_registry,OA-16142,체력단련장업,,3220000,CDFH3301062021000044,"서울특별시 강남구 봉은사로 211, 그림바우빌딩 지하1층 (논현동)",서울특별시 강남구 논현동 235-10 그림바우빌딩,영업/정상
V0D3E582862D1,경희미르애한의원,송파구,medical_wellness,public_license_registry,OA-16480,한의원,"한방내과, 한방부인과, 한방소아과, 한방안?이비인후?피부과, 한방신경정신과, 한방재활의학과, 사상체질과, 침구과",3230000,PHMA120173230034041100048,"서울특별시 송파구 송파대로 201, 송파 테라타워2 A동 201호 (문정동)",서울특별시 송파구 문정동 642 송파 테라타워2 A동 201호,영업/정상
V0D5F5D20AFBA,현민헬스클럽,송파구,exercise_body,public_license_registry,OA-16142,체력단련장업,,3230000,CDFH3301062002000007,"서울특별시 송파구 동남로18길 45 (가락동, 용진빌딩)",서울특별시 송파구 가락동 189-13,영업/정상
V0D61E26F3749,리라이프짐,송파구,exercise_body,public_license_registry,OA-16142,체력단련장업,,3230000,CDFH3301062022000014,"서울특별시 송파구 백제고분로50길 4, 3층 (방이동)",서울특별시 송파구 방이동 149-13 3층,영업/정상
V0D7AE29A420A,로얄핏PT,서초구,exercise_body,public_license_registry,OA-16142,체력단련장업,,3210000,CDFH3301062024000024,"서울특별시 서초구 사임당로 151, 대한무지개종합상가 3층 1호 (서초동)",서울특별시 서초구 서초동 1332-2 대한무지개종합상가,영업/정상
V0D88509CFCBD,피트니스 더원,강남구,exercise_body,public_license_registry,OA-16142,체력단련장업,,3220000,CDFH3301062014000037,"서울특별시 강남구 언주로 874 (신사동, 쌍봉빌딩 지하1층)",서울특별시 강남구 신사동 638-13,영업/정상
V0D8BE46B4381,JP Station,강남구,exercise_body,public_license_registry,OA-16142,체력단련장업,,3220000,CDFH3301062009000013,"서울특별시 강남구 논현로175길 69, 원영빌딩 3층 (신사동)",서울특별시 강남구 신사동 550-1 원영빌딩,영업/정상
V0D94336D6823,황만기키본한의원,강남구,medical_wellness,public_license_registry,OA-16480,한의원,"한방내과, 한방부인과, 한방소아과, 한방안?이비인후?피부과, 한방신경정신과, 한방재활의학과, 사상체질과, 침구과",3220000,PHMA120243220033041100110,"서울특별시 강남구 압구정로32길 11, 캐럴라인타워 1층 (신사동)",서울특별시 강남구 신사동 613-5 캐럴라인타워,영업/정상
V0D958CE9B1CB,서울아산신경과의원,서초구,medical_wellness,public_license_registry,OA-16480,의원,"내과, 신경과, 정형외과, 신경외과, 마취통증의학과",3210000,PHMA120153210034041100078,"서울특별시 서초구 남부순환로350길 4, 7층 (양재동, 대진빌딩)",,영업/정상
V0DC659CB9514,무브먼트 케이 PT,강남구,exercise_body,public_license_registry,OA-16142,체력단련장업,,3220000,CDFH3301062025000024,"서울특별시 강남구 선릉로 647, 영광빌딩 3층 (논현동)",서울특별시 강남구 논현동 254-17 영광빌딩,영업/정상
V0DD8F54E8D7D,잠실성모바루다신경외과의원,송파구,medical_wellness,public_license_registry,OA-16480,의원,"신경과, 정형외과, 신경외과, 마취통증의학과, 재활의학과",3230000,PHMA120263230034041100023,"서울특별시 송파구 올림픽로35길 45, 212~220호 (신천동)",,영업/정상
V0DF2AF22654C,대치경희한의원,강남구,medical_wellness,public_license_registry,OA-16480,한의원,"한방내과, 한방부인과, 한방소아과, 한방안?이비인후?피부과, 한방신경정신과, 한방재활의학과, 사상체질과, 침구과",3220000,PHMA120233220033041100055,"서울특별시 강남구 도곡로 419, 쇼핑넷빌딩 4층 (대치동)",,영업/정상
V0E0D3B0AAC78,세연마취통증의학과의원,강남구,medical_wellness,public_license_registry,OA-16480,의원,"내과, 신경과, 정형외과, 마취통증의학과, 재활의학과",3220000,PHMA119963220033041100189,"서울특별시 강남구 강남대로 616, 신사미타워B101,B102,B103,702호,16층 (신사동)",서울특별시 강남구 신사동 501번지 신사미타워,영업/정상
V0E0E929A653D,고려더튼튼정형외과재활의학과의원,서초구,medical_wellness,public_license_registry,OA-16480,의원,"정형외과, 재활의학과",3210000,PHMA120183210034041100022,"서울특별시 서초구 동작대로 118, 방배동예다인프라자빌딩 201,202,203,204,205호 (방배동)",서울특별시 서초구 방배동 1549번지 방배동예다인프라자빌딩,영업/정상
V0E1D0B78A4EF,숨케어한의원,강남구,medical_wellness,public_license_registry,OA-16480,한의원,"한방내과, 한방부인과, 한방소아과, 한방안?이비인후?피부과, 한방신경정신과, 한방재활의학과, 사상체질과, 침구과, 한방응급과",3220000,PHMA120133220033041100250,"서울특별시 강남구 남부순환로359길 12(도곡동, 항덕빌딩)",서울특별시 강남구 도곡동 959-17 항덕빌딩,영업/정상
V0E2A60CF5943,피치짐,서초구,exercise_body,public_license_registry,OA-16142,체력단련장업,,3210000,CDFH3301062020000023,"서울특별시 서초구 명달로20길 21, 1층 (서초동, 서초 에스테온)",서울특별시 서초구 서초동 1514-7 서초 에스테온,영업/정상
V0E550AB029AE,인프핏,강남구,exercise_body,public_license_registry,OA-16142,체력단련장업,,3220000,CDFH3301062023000042,"서울특별시 강남구 학동로43길 38, 110호 (논현동, 논현웰스톤)",서울특별시 강남구 논현동 108 논현웰스톤,영업/정상
V0E5BB811F42D,무드온성형외과의원,강남구,medical_wellness,public_license_registry,OA-16480,의원,"내과, 신경과, 정신건강의학과, 외과, 정형외과, 신경외과, 심장혈관흉부외과, 성형외과, 마취통증의학과, 소아청소년과, 안과, 이비인후과, 피부과, 가정의학과",3220000,PHMA120223220033041100140,"서울특별시 강남구 강남대로 584, 성일빌딩 4층 (논현동)",서울특별시 강남구 논현동 18-4 성일빌딩,영업/정상
V0E695E815178,행복한경희한의원,송파구,medical_wellness,public_license_registry,OA-16480,한의원,"한방내과, 한방부인과, 한방소아과, 한방안?이비인후?피부과, 한방신경정신과, 한방재활의학과, 사상체질과, 침구과",3230000,PHMA120093230034041100074,"서울특별시 송파구 풍성로25길 42 (풍납동,2층)",,영업/정상
V0E6D1E00BC4C,신사한의원,강남구,medical_wellness,public_license_registry,OA-16480,한의원,"한방내과, 한방부인과, 한방소아과, 한방안?이비인후?피부과, 한방신경정신과, 한방재활의학과, 사상체질과, 침구과",3220000,PHMA120243220033041100124,"서울특별시 강남구 논현로161길 37-1, 2층 (신사동)",서울특별시 강남구 신사동 552-8 2층호,영업/정상
V0E6D6F3A930E,이수척한의원,서초구,medical_wellness,public_license_registry,OA-16480,한의원,"한방내과, 한방부인과, 한방소아과, 한방안?이비인후?피부과, 한방신경정신과, 한방재활의학과, 사상체질과, 침구과",3210000,PHMA120213210034041100132,"서울특별시 서초구 서초대로 3-4, 207호 (방배동, 방배디오슈페리움1)",서울특별시 서초구 방배동 3001-2 방배디오슈페리움1,영업/정상
V0E8F577D04AB,모두탑365정형외과의원,강남구,medical_wellness,public_license_registry,OA-16480,의원,"정형외과, 신경외과, 마취통증의학과, 재활의학과",3220000,PHMA120263220033041100007,"서울특별시 강남구 선릉로 323, 4,5층 (역삼동)","서울특별시 강남구 역삼동 756-14 4,5층",영업/정상
V0E9400A00C34,봄날내과의원,송파구,medical_wellness,public_license_registry,OA-16480,의원,"내과, 외과, 정형외과, 소아청소년과, 안과, 이비인후과, 피부과, 비뇨의학과, 가정의학과",3230000,PHMA120193230034041100056,서울특별시 송파구 오금로32길 35 (송파동),서울특별시 송파구 송파동 167번지 1호,영업/정상
V0E95BD25A7A2,베러댄 나우 PT STUDIO 언주,강남구,exercise_body,public_license_registry,OA-16142,체력단련장업,,3220000,CDFH3301062023000019,"서울특별시 강남구 봉은사로30길 11 (역삼동, 역삼동658빌딩)",서울특별시 강남구 역삼동 658 역삼동658빌딩,영업/정상
V0EBB3D9F16C3,리샘한의원,강남구,medical_wellness,public_license_registry,OA-16480,한의원,"한방내과, 한방부인과, 한방소아과, 한방안?이비인후?피부과, 한방신경정신과, 한방재활의학과",3220000,PHMA120123220033041100117,"서울특별시 강남구 압구정로30길 23, 5층 502호 (신사동)",,영업/정상
V0EF44D9CB8AF,짐박스피트니스 강남3호점,서초구,exercise_body,public_license_registry,OA-16142,체력단련장업,,3210000,CDFH3301062026000013,"서울특별시 서초구 강남대로 309, 코리아비지니스센타 지하2층 (서초동)",서울특별시 서초구 서초동 1338-21 코리아비지니스센타,영업/정상
V0F0DA8EF5095,웨이트랩 삼전역점,송파구,exercise_body,public_license_registry,OA-16142,체력단련장업,,3230000,CDFH3301062024000024,"서울특별시 송파구 백제고분로 172, 제이케이빌딩 2층 (잠실동)",서울특별시 송파구 잠실동 335-4 제이케이빌딩,영업/정상
V0F11758B3AE5,노련한 PT,서초구,exercise_body,public_license_registry,OA-16142,체력단련장업,,3210000,CDFH3301062019000011,"서울특별시 서초구 사임당로17길 123, 맥스빌딩 (서초동)",서울특별시 서초구 서초동 1640-8 맥스빌딩,영업/정상
V0F220E6438AB,잠실점 스포애니 (주)케이디헬스케어,송파구,exercise_body,public_license_registry,OA-16142,체력단련장업,,3230000,CDFH3301062007000001,"서울특별시 송파구 삼학사로 99, 6,7층 (삼전동, 인터불고)","서울특별시 송파구 삼전동 130-5 인터불고 6,7층",영업/정상
V0F2C970D07B6,필유재한의원,송파구,medical_wellness,public_license_registry,OA-16480,한의원,"한방내과, 한방부인과, 한방소아과, 한방안?이비인후?피부과, 한방신경정신과, 한방재활의학과, 사상체질과, 침구과",3230000,PHMA120183230034041100065,"서울특별시 송파구 위례성대로20길 33, 삼광빌딩 2층 (오금동)",서울특별시 송파구 오금동 18번지 7호 삼광빌딩,영업/정상
V0F2F7D51776E,참진한의원,강남구,medical_wellness,public_license_registry,OA-16480,한의원,"한방내과, 한방부인과, 한방소아과, 한방안?이비인후?피부과, 한방신경정신과, 한방재활의학과, 사상체질과, 침구과",3220000,PHMA120043220033041101866,"서울특별시 강남구 논현로85길 43, 4층,6층 (역삼동)",,영업/정상
V0F350B54EACC,터한의원,송파구,medical_wellness,public_license_registry,OA-16480,한의원,"한방내과, 한방부인과, 한방소아과, 한방안?이비인후?피부과, 한방신경정신과, 한방재활의학과, 사상체질과, 침구과",3230000,PHMA120193230034041100008,"서울특별시 송파구 올림픽로 104, 동성빌딩 2층 1호 (잠실동)",,영업/정상
V0F3FCB5FD3A5,미도휘트니스(246),강남구,exercise_body,public_license_registry,OA-16142,체력단련장업,,3220000,CDFH3301062011000003,"서울특별시 강남구 남부순환로 3032 (대치동,미도상가 202-2호)",서울특별시 강남구 대치동 511 미도상가 202-2호,영업/정상
V0F4AD5DC092E,에스바디짐,송파구,exercise_body,public_license_registry,OA-16142,체력단련장업,,3230000,CDFH3301062020000022,"서울특별시 송파구 가락로 144, 송파 린 3층 (송파동)",서울특별시 송파구 송파동 98-33 송파 린,영업/정상
V0F4B040595DB,웰씨짐 휘트니스,강남구,exercise_body,public_license_registry,OA-16142,체력단련장업,,3220000,CDFH3301062001000013,서울특별시 강남구 선릉로63길 9 (역삼동),서울특별시 강남구 역삼동 765-2,영업/정상
V0F53666F34CC,에스신경외과의원,송파구,medical_wellness,public_license_registry,OA-16480,의원,"정형외과, 신경외과, 마취통증의학과, 영상의학과",3230000,PHMA120093230034041100086,"서울특별시 송파구 양재대로 1222, 올림픽프라자 1층 2-1, 3, 4, 22, 35호 (방이동)",서울특별시 송파구 방이동 89-11 올림픽프라자,영업/정상
V0F96AE554E75,웨이브휘트니스,서초구,exercise_body,public_license_registry,OA-16142,체력단련장업,,3210000,CDFH3301062023000016,"서울특별시 서초구 반포대로14길 71, LG서초에클라트 지하1층 (서초동)",서울특별시 서초구 서초동 1599-2 LG서초에클라트,영업/정상
V0FA16518A105,동의다올한의원,서초구,medical_wellness,public_license_registry,OA-16480,한의원,"한방내과, 한방부인과, 한방소아과, 한방안?이비인후?피부과, 한방신경정신과, 한방재활의학과, 사상체질과, 침구과",3210000,PHMA120203210034041100005,"서울특별시 서초구 신반포로 313, 고암빌딩 2층 (잠원동)",서울특별시 서초구 잠원동 41번지 12호 고암빌딩,영업/정상
V0FA3D677036C,케이슬림한의원,강남구,medical_wellness,public_license_registry,OA-16480,한의원,"한방내과, 한방부인과, 한방소아과, 한방안?이비인후?피부과, 한방신경정신과, 한방재활의학과, 사상체질과, 침구과",3220000,PHMA120263220033041100136,"서울특별시 강남구 도산대로 111, S-TOWER 10층 1001호 (신사동)",서울특별시 강남구 신사동 513-3 S-TOWER,영업/정상
V0FA4DFEB9A68,운제당한의원,송파구,medical_wellness,public_license_registry,OA-16480,한의원,"한방내과, 한방부인과, 한방소아과, 한방안?이비인후?피부과, 한방신경정신과, 한방재활의학과, 사상체질과, 침구과",3230000,PHMA119933230034041100492,"서울특별시 송파구 동남로 189, 404호 (가락동, 가락쌍용@26동 프라자상가)",서울특별시 송파구 가락동 140번지,영업/정상
V0FBA2FDB333A,피지오 로직 재활PT&트레이닝센터,송파구,exercise_body,public_license_registry,OA-16142,체력단련장업,,3230000,CDFH3301062025000014,"서울특별시 송파구 가락로 99, 6층 601호 (석촌동)",서울특별시 송파구 석촌동 277,영업/정상
V0FF7091AC2D8,앤한의원,강남구,medical_wellness,public_license_registry,OA-16480,한의원,"한방내과, 한방부인과, 한방소아과, 한방안?이비인후?피부과, 한방신경정신과, 한방재활의학과, 사상체질과, 침구과",3220000,PHMA120243220033041100049,"서울특별시 강남구 테헤란로 139-1, 2층 (역삼동)",,영업/정상
V0FFD30B99A5E,리웰짐,송파구,exercise_body,public_license_registry,OA-16142,체력단련장업,,3230000,CDFH3301062020000027,"서울특별시 송파구 중대로9길 30, 다보빌딩 (가락동)",서울특별시 송파구 가락동 82-6 다보빌딩,영업/정상
V10232765C23E,바디소울짐PT 문정점,송파구,exercise_body,public_license_registry,OA-16142,체력단련장업,,3230000,CDFH3301062021000040,"서울특별시 송파구 송파대로22길 4, 해성빌딩 3층 (문정동)",서울특별시 송파구 문정동 55 해성빌딩 3층,영업/정상
V1081239CAD47,바른PT,강남구,exercise_body,public_license_registry,OA-16142,체력단련장업,,3220000,CDFH3301062022000045,"서울특별시 강남구 강남대로 570, 선양빌딩 지하1층 B01호 (논현동)",서울특별시 강남구 논현동 49 선양빌딩,영업/정상
V1087F1F01DCF,강남브엘의원,강남구,medical_wellness,public_license_registry,OA-16480,의원,"정형외과, 마취통증의학과, 산부인과, 피부과, 비뇨의학과, 가정의학과",3220000,PHMA120253220033041100200,"서울특별시 강남구 봉은사로 111, 8층 (논현동)",,영업/정상
V10A6EFEF6FC3,본초경희한의원,송파구,medical_wellness,public_license_registry,OA-16480,한의원,"한방내과, 한방부인과, 한방소아과, 한방안?이비인후?피부과, 한방신경정신과, 한방재활의학과, 사상체질과, 침구과",3230000,PHMA120073230034041101426,"서울특별시 송파구 올림픽로35길 93, B108,109호 (신천동, 더스타리버)",,영업/정상
V10A755203046,몸감독,강남구,exercise_body,public_license_registry,OA-16142,체력단련장업,,3220000,CDFH3301062025000032,"서울특별시 강남구 논현로151길 11, 지하1층 (신사동)",서울특별시 강남구 신사동 563-21,영업/정상
V10FF53D61DCF,SEQUENCE M.,강남구,exercise_body,public_license_registry,OA-16142,체력단련장업,,3220000,CDFH3301062024000060,"서울특별시 강남구 논현로150길 4, 3층 (논현동)",서울특별시 강남구 논현동 66-1,영업/정상
V1107F93906DA,클린타투의원,강남구,medical_wellness,public_license_registry,OA-16480,의원,"내과, 정형외과, 성형외과, 산부인과, 피부과, 가정의학과",3220000,PHMA120183220033041100030,"서울특별시 강남구 봉은사로 111, 4층 (논현동)",서울특별시 강남구 논현동 201번지 12호 4층,영업/정상
V1117F8068BBD,랜디네짐,송파구,exercise_body,public_license_registry,OA-16142,체력단련장업,,3230000,CDFH3301062024000039,"서울특별시 송파구 백제고분로 386, 지하층 1호 (송파동)",서울특별시 송파구 송파동 84-1,영업/정상
V112021FE9786,석전한의원,강남구,medical_wellness,public_license_registry,OA-16480,한의원,"한방내과, 한방부인과, 한방소아과, 한방안?이비인후?피부과, 한방신경정신과, 한방재활의학과, 사상체질과, 침구과, 한방응급과",3220000,PHMA120133220033041100093,서울특별시 강남구 논현로164길 6(신사동),서울특별시 강남구 신사동 598-1,영업/정상
V11280E134C22,잠실수양 불한증막,송파구,relax_recovery,public_license_registry,OA-16146,공동탕업+찜질시설서비스영업,,3230000,3230000-202-2003-00061,"서울특별시 송파구 오금로11길 33 (방이동,지하1,2층)","서울특별시 송파구 방이동 39-2 지하1,2층",영업/정상
V1129AF41FADC,피티투그로우 PT,송파구,exercise_body,public_license_registry,OA-16142,체력단련장업,,3230000,CDFH3301062024000019,"서울특별시 송파구 올림픽로10길 9, 진영빌딩 3층 (잠실동)",서울특별시 송파구 잠실동 180-1 진영빌딩 3층,영업/정상
V1138DCCE13EC,신사 라이크짐 2호점,강남구,exercise_body,public_license_registry,OA-16142,체력단련장업,,3220000,CDFH3301062021000045,"서울특별시 강남구 강남대로158길 26, M SPACE 빌딩 B1층 (신사동)",서울특별시 강남구 신사동 517-4 M SPACE 빌딩,영업/정상
V1182AA848979,엠엔휘트니스 3호점(447),강남구,exercise_body,public_license_registry,OA-16142,체력단련장업,,3220000,CDFH3301062016000016,"서울특별시 강남구 삼성로 352, B1층 (대치동, 창진빌딩)",서울특별시 강남구 대치동 961 B1층,영업/정상
V1198779D2F3E,심재한의원,서초구,medical_wellness,public_license_registry,OA-16480,한의원,"한방내과, 한방부인과, 한방소아과, 한방안?이비인후?피부과, 한방신경정신과, 한방재활의학과, 사상체질과, 침구과",3210000,PHMA120233210034041100032,"서울특별시 서초구 반포대로14길 71, LG서초에클라트 2층 206호 (서초동)",서울특별시 서초구 서초동 1599-2 LG서초에클라트 206호,영업/정상
V11A5F7B70D9E,일상의한의원,서초구,medical_wellness,public_license_registry,OA-16480,한의원,"한방내과, 한방부인과, 한방소아과, 한방안?이비인후?피부과, 한방신경정신과, 한방재활의학과, 사상체질과, 침구과",3210000,PHMA120203210034041100025,"서울특별시 서초구 남부순환로350길 4, 대진빌딩 5층 501호 (양재동)",서울특별시 서초구 양재동 12번지 3호 대진빌딩,영업/정상
V11B3752CB8C4,짐박스피트니스 강남2호점,강남구,exercise_body,public_license_registry,OA-16142,체력단련장업,,3220000,CDFH3301062025000023,"서울특별시 강남구 강남대로 364, 미왕빌딩 지하2층 (역삼동)",서울특별시 강남구 역삼동 826-21 미왕빌딩,영업/정상
V11E57C75F0FF,지암한의원,서초구,medical_wellness,public_license_registry,OA-16480,한의원,"한방내과, 한방부인과, 한방소아과, 한방안?이비인후?피부과, 한방신경정신과, 한방재활의학과, 사상체질과, 침구과",3210000,PHMA120253210034041100036,"서울특별시 서초구 반포대로28길 54, 대진빌딩 3층 (서초동)",,영업/정상
V1219DE020757,압구정역점 스포애니 (주)케이디헬스케어,강남구,exercise_body,public_license_registry,OA-16142,체력단련장업,,3220000,CDFH3301062024000049,"서울특별시 강남구 논현로 839, 서원식스 지하1층 (신사동)",서울특별시 강남구 신사동 584 서원식스,영업/정상
V123DD8D60F54,서울올림정형외과의원,송파구,medical_wellness,public_license_registry,OA-16480,의원,"정형외과, 신경외과, 마취통증의학과, 재활의학과",3230000,PHMA120263230034041100011,"서울특별시 송파구 올림픽로35길 45, 501~509호 (신천동)",서울특별시 송파구 신천동 20-4,영업/정상
V12476B38EEE2,삼성스마트신경과의원,서초구,medical_wellness,public_license_registry,OA-16480,의원,"내과, 신경과, 정신건강의학과, 정형외과, 신경외과, 마취통증의학과, 이비인후과, 재활의학과",3210000,PHMA120253210034041100021,"서울특별시 서초구 강남대로39길 5, 지하1층 103~108호 (서초동, 서초동두산위브)",서울특별시 서초구 서초동 1362 서초동두산위브,영업/정상
V124C7C1D03DA,유재활의학과의원,강남구,medical_wellness,public_license_registry,OA-16480,의원,"내과, 정형외과, 신경외과, 마취통증의학과, 재활의학과",3220000,PHMA120143220033041100069,"서울특별시 강남구 강남대로 492, 한맥빌딩 11층 (논현동)",서울특별시 강남구 논현동 165-8 한맥빌딩,영업/정상
V125EA2B529AF,호텔리베라사우나(남),강남구,relax_recovery,public_license_registry,OA-16146,공동탕업,,3220000,3220000-202-1987-00204,서울특별시 강남구 영동대로 737 (청담동),서울특별시 강남구 청담동 53-7,영업/정상
V1267187D71E5,강남청아한의원,송파구,medical_wellness,public_license_registry,OA-16480,한의원,"한방내과, 한방부인과, 한방소아과, 한방안?이비인후?피부과, 한방신경정신과, 한방재활의학과, 사상체질과, 침구과",3230000,PHMA120223230034041100010,"서울특별시 송파구 송파대로 345, 1A동 3009~3010호 (가락동, 헬리오시티)",서울특별시 송파구 가락동 913 헬리오시티,영업/정상
V12852A89FF89,수정사우나,서초구,relax_recovery,public_license_registry,OA-16146,공동탕업,,3210000,3210000-202-1983-00130,서울특별시 서초구 반포대로21길 30 (서초동),서울특별시 서초구 서초동 1511-14,영업/정상
V1286C9AB5131,스트레치 플러스PT 송파역점,송파구,exercise_body,public_license_registry,OA-16142,체력단련장업,,3230000,CDFH3301062025000031,"서울특별시 송파구 송파대로 345, 근린생활시설1B동 2층 2066호 (가락동, 헬리오시티)",서울특별시 송파구 가락동 913 헬리오시티,영업/정상
V128C239A8011,CD BOXING FIT,강남구,exercise_body,public_license_registry,OA-16142,체력단련장업,,3220000,CDFH3301062018000045,"서울특별시 강남구 도곡로 191, 상운빌딩 3층 (역삼동)",서울특별시 강남구 역삼동 798-18 상운빌딩,영업/정상
V12A1107E6AD7,빌드업피트니스 언주역점,강남구,relax_recovery,public_license_registry,OA-16146,공동탕업,,3220000,3220000-202-2026-00005,"서울특별시 강남구 논현로 626, 지하2층 (논현동)",서울특별시 강남구 논현동 221-5,영업/정상
V12A2A0A5ABC1,"버핏그라운드 삼성, 팀버핏 삼성",강남구,exercise_body,public_license_registry,OA-16142,체력단련장업,,3220000,CDFH3301062024000039,"서울특별시 강남구 삼성로 512, B2층 (삼성동)",서울특별시 강남구 삼성동 157-1,영업/정상
V12A9F14FF9D6,성모채움정형외과의원,송파구,medical_wellness,public_license_registry,OA-16480,의원,"내과, 정형외과, 신경외과, 마취통증의학과, 재활의학과",3230000,PHMA120213230034041100049,"서울특별시 송파구 동남로 141, 옥산빌딩 6층 (가락동)",서울특별시 송파구 가락동 125-6 옥산빌딩,영업/정상
V12AD6D38F2B2,고은선한의원,강남구,medical_wellness,public_license_registry,OA-16480,한의원,"한방내과, 한방부인과, 한방소아과, 한방안?이비인후?피부과, 한방신경정신과, 한방재활의학과, 사상체질과, 침구과",3220000,PHMA120193220033041100161,"서울특별시 강남구 강남대로118길 26, 2층 (논현동)",,영업/정상
V12C1D630CF14,동양허브장생한의원,서초구,medical_wellness,public_license_registry,OA-16480,한의원,"한방내과, 한방부인과, 한방소아과, 한방안?이비인후?피부과, 한방신경정신과, 한방재활의학과, 사상체질과, 침구과",3210000,PHMA119833210034041100008,"서울특별시 서초구 강남대로89길 10, 장생시니어타운 (반포동)",서울특별시 서초구 반포동 707번지 9호 장생시니어타운,영업/정상
V12F70E632F3A,(주)인어스휘트니스,강남구,exercise_body,public_license_registry,OA-16142,체력단련장업,,3220000,CDFH3301062013000021,서울특별시 강남구 영동대로 602 (삼성동),서울특별시 강남구 삼성동 107 미켈란 107 지하2층,영업/정상
V12FDE1289C03,곽한의원,서초구,medical_wellness,public_license_registry,OA-16480,한의원,"한방내과, 한방부인과, 한방소아과, 한방안?이비인후?피부과, 한방신경정신과, 한방재활의학과, 사상체질과, 침구과",3210000,PHMA119993210034041100021,"서울특별시 서초구 사임당로 151, 3층 (서초동, 무지개종합상가)",,영업/정상
V130E19748299,진주,강남구,relax_recovery,public_license_registry,OA-16146,공동탕업,,3220000,3220000-202-2012-00009,"서울특별시 강남구 봉은사로 129-1, 지하1중층 (논현동)",서울특별시 강남구 논현동 203 지하1중층,영업/정상
V132B02B3FAB7,탈로스 송파,송파구,exercise_body,public_license_registry,OA-16142,체력단련장업,,3230000,CDFH3301062025000004,"서울특별시 송파구 양산로 38, 지하1층 (거여동)",서울특별시 송파구 거여동 567,영업/정상
V1345E7FF22ED,미다스한의원,서초구,medical_wellness,public_license_registry,OA-16480,한의원,"한방내과, 한방부인과, 한방소아과, 한방안?이비인후?피부과, 한방신경정신과, 한방재활의학과, 사상체질과, 침구과",3210000,PHMA120223210034041100020,"서울특별시 서초구 서초대로 310, 소망빌딩 4층 (서초동)",서울특별시 서초구 서초동 1673-10 소망빌딩,영업/정상
V135AB9FEDF58,유연바디랩,강남구,exercise_body,public_license_registry,OA-16142,체력단련장업,,3220000,CDFH3301062024000010,"서울특별시 강남구 선릉로112길 64, 3층 (삼성동)",서울특별시 강남구 삼성동 45,영업/정상
V135B2BD62A2A,강남항외과의원,서초구,medical_wellness,public_license_registry,OA-16480,의원,"내과, 신경과, 외과, 정형외과, 신경외과, 심장혈관흉부외과, 성형외과, 마취통증의학과, 산부인과, 소아청소년과, 피부과, 비뇨의학과, 재활의학과, 가정의학과",3210000,PHMA120043210034041100018,"서울특별시 서초구 강남대로 423, 601호 (서초동, 한승빌딩)",,영업/정상
V13828A5245C9,화인신경외과의원,송파구,medical_wellness,public_license_registry,OA-16480,의원,"정형외과, 신경외과, 마취통증의학과, 재활의학과",3230000,PHMA120243230034041100005,"서울특별시 송파구 양산로 38, 2,3층 (거여동)",서울특별시 송파구 거여동 567,영업/정상
V13C3FD108579,리더스한의원,강남구,medical_wellness,public_license_registry,OA-16480,한의원,"한방내과, 한방부인과, 한방소아과, 한방안?이비인후?피부과, 한방신경정신과, 한방재활의학과, 사상체질과, 침구과",3220000,PHMA120133220033041100005,"서울특별시 강남구 논현로10길 28, 2층 (개포동)",,영업/정상
V13C42A448C8D,피트니스 리저브 선릉역점,강남구,exercise_body,public_license_registry,OA-16142,체력단련장업,,3220000,CDFH3301062024000045,"서울특별시 강남구 선릉로 428, B1층 (대치동)",서울특별시 강남구 대치동 889-41,영업/정상
V13D8BDB127A5,헤세드(274),강남구,exercise_body,public_license_registry,OA-16142,체력단련장업,,3220000,CDFH3301062012000001,"서울특별시 강남구 학동로101길 33 (청담동, 청담상가)",서울특별시 강남구 청담동 132-3 204호,영업/정상
V13E3C7862EE0,미도헬스클럽(55),강남구,exercise_body,public_license_registry,OA-16142,체력단련장업,,3220000,CDFH3301061997000005,서울특별시 강남구 남부순환로 3032  (대치동),서울특별시 강남구 대치동 511,영업/정상
V13E793B856C1,라이즈업 피티짐,송파구,exercise_body,public_license_registry,OA-16142,체력단련장업,,3230000,CDFH3301062015000027,"서울특별시 송파구 새말로 105 (문정동, 현석빌딩)",서울특별시 송파구 문정동 70-12,영업/정상
V1400D7BD9340,함소아한의원,강남구,medical_wellness,public_license_registry,OA-16480,한의원,"한방내과, 한방부인과, 한방소아과, 한방안?이비인후?피부과, 한방신경정신과, 한방재활의학과, 사상체질과, 침구과",3220000,PHMA120043220033041101877,"서울특별시 강남구 남부순환로 2911-1, 성보2빌딩 2층 (대치동)",서울특별시 강남구 대치동 649 성보2빌딩,영업/정상
V14263ECC5167,브이아이피짐(VIPGYM) 방이점,송파구,exercise_body,public_license_registry,OA-16142,체력단련장업,,3230000,CDFH3301062019000006,"서울특별시 송파구 마천로 13, 3층 301호 (방이동)",서울특별시 송파구 방이동 210,영업/정상
V14374E7BDF3A,커브스 삼성클럽(264),강남구,exercise_body,public_license_registry,OA-16142,체력단련장업,,3220000,CDFH3301062011000022,"서울특별시 강남구 선릉로126길 14  (삼성동,예우빌딩 3층)",서울특별시 강남구 삼성동 10-18 예우빌딩 3층,영업/정상
V145E6AFA1C2A,수서가정의학과의원,강남구,medical_wellness,public_license_registry,OA-16480,의원,"내과, 정형외과, 소아청소년과, 이비인후과, 피부과, 가정의학과",3220000,PHMA120153220033041100153,"서울특별시 강남구 광평로51길 49, 102호 (수서동, 수서주공아파트)",서울특별시 강남구 수서동 707 수서주공아파트 102호,영업/정상
V146AF0063F89,박스핏퍼스널트레이닝(PARK'S FIT PERSONAL TRAINING),서초구,exercise_body,public_license_registry,OA-16142,체력단련장업,,3210000,CDFH3301062024000033,"서울특별시 서초구 신반포로 177, 반포쇼핑타운 4층 401호 (잠원동)",서울특별시 서초구 잠원동 75-19 반포쇼핑타운,영업/정상
V146C3DED526E,김한의원,송파구,medical_wellness,public_license_registry,OA-16480,한의원,"한방내과, 한방부인과, 한방소아과, 한방안?이비인후?피부과, 한방신경정신과, 한방재활의학과, 사상체질과, 침구과",3230000,PHMA119933230034041100444,"서울특별시 송파구 송파대로 260, 713,714호 (가락동, 제일오피스텔)","서울특별시 송파구 가락동 99번지 3,4호 제일오피스텔 713,714호",영업/정상
V14B2DE708D51,오륜경희한의원,송파구,medical_wellness,public_license_registry,OA-16480,한의원,"한방내과, 한방부인과, 한방소아과, 한방안?이비인후?피부과, 한방신경정신과, 한방재활의학과, 사상체질과, 침구과",3230000,PHMA120263230034041100056,"서울특별시 송파구 양재대로 1222, 올림픽프라자 2층 7호 (방이동)",,영업/정상
V14CAB604174A,스포애니 남부터미널역점(주)케이디헬스케어,서초구,exercise_body,public_license_registry,OA-16142,체력단련장업,,3210000,CDFH3301062023000026,"서울특별시 서초구 서초중앙로8길 51, 지하1층 (서초동)",서울특별시 서초구 서초동 1618-6,영업/정상
V14CFEA95D1EB,크로스핏 강남 반포,서초구,exercise_body,public_license_registry,OA-16142,체력단련장업,,3210000,CDFH3301062022000024,"서울특별시 서초구 방배중앙로 204, 리첸시아 지하1층 (방배동)",서울특별시 서초구 방배동 755-14 리첸시아,영업/정상
V14FBC65BB2DE,엄인호마취통증의학과의원,서초구,medical_wellness,public_license_registry,OA-16480,의원,"정형외과, 신경외과, 마취통증의학과, 재활의학과",3210000,PHMA119983210034041100003,"서울특별시 서초구 신반포로 177, 3동 4층 (잠원동, 잠원동, 반포쇼핑)","서울특별시 서초구 잠원동 75번지 19호 반포쇼핑 3동 4층(417, 418, 419호)",영업/정상
V1504BF49B284,더정형외과의원,강남구,medical_wellness,public_license_registry,OA-16480,의원,"내과, 신경과, 외과, 정형외과, 신경외과, 심장혈관흉부외과, 피부과, 재활의학과, 가정의학과",3220000,PHMA120203220033041100119,"서울특별시 강남구 삼성로92길 29, 도일빌딩 4~5층 (삼성동)",서울특별시 강남구 삼성동 158-15 도일빌딩 4~5층,영업/정상
V150A601F2F74,테라피티 방이동점,송파구,exercise_body,public_license_registry,OA-16142,체력단련장업,,3230000,CDFH3301062022000012,"서울특별시 송파구 위례성대로18길 31-7, 에벤에셀빌딩 지하1층 (방이동)",서울특별시 송파구 방이동 206-8 에벤에셀빌딩 지하1층,영업/정상
V150C2B60AC47,바른밸런스 PT STUDIO,서초구,exercise_body,public_license_registry,OA-16142,체력단련장업,,3210000,CDFH3301062021000013,"서울특별시 서초구 효령로 165, 한진빌딩 2층 (서초동)",서울특별시 서초구 서초동 1490-49 한진빌딩,영업/정상
V151EE2FECEFE,양준상의원,강남구,medical_wellness,public_license_registry,OA-16480,의원,"내과, 외과, 정형외과, 신경외과, 심장혈관흉부외과, 성형외과, 마취통증의학과, 산부인과, 소아청소년과, 이비인후과, 피부과, 비뇨의학과, 재활의학과, 가정의학과",3220000,PHMA120173220033041100088,"서울특별시 강남구 도산대로 333, K+ 메디칼타워 4층 (신사동)",,영업/정상
V15244C270085,고트의원,서초구,medical_wellness,public_license_registry,OA-16480,의원,"외과, 정형외과, 성형외과, 마취통증의학과, 산부인과, 이비인후과, 피부과",3210000,PHMA120023210034041100027,"서울특별시 서초구 강남대로 375, 602~610호 (서초동, 서초현대타워아파트)",서울특별시 서초구 서초동 1319-13 서초현대타워아파트,영업/정상
V15284ADE0291,수서신광한의원,강남구,medical_wellness,public_license_registry,OA-16480,한의원,"한방내과, 한방부인과, 한방소아과, 한방안?이비인후?피부과, 한방신경정신과, 한방재활의학과, 사상체질과, 침구과",3220000,PHMA120183220033041100192,"서울특별시 강남구 광평로 295, 사이룩스오피스텔, 동관 2층 211호 (수서동)",,영업/정상
V152EF0E18BE3,스페이스짐 여성전용 헬스&PT 이수점,서초구,exercise_body,public_license_registry,OA-16142,체력단련장업,,3210000,CDFH3301062024000005,"서울특별시 서초구 동작대로 108, 지하1층 (방배동, 디오슈페리움2)",서울특별시 서초구 방배동 3001-1 디오슈페리움2차,영업/정상
V1532B6B14A07,86 피티(PT),강남구,exercise_body,public_license_registry,OA-16142,체력단련장업,,3220000,CDFH3301062021000035,"서울특별시 강남구 양재대로55길 37, 403호 (일원동)",서울특별시 강남구 일원동 642-11,영업/정상
V153B1BBED018,송파고려신경외과의원,송파구,medical_wellness,public_license_registry,OA-16480,의원,"내과, 외과, 정형외과, 신경외과, 성형외과, 소아청소년과, 피부과, 비뇨의학과",3230000,PHMA119933230034041100477,"서울특별시 송파구 오금로 410 (가락동, 2층)",서울특별시 송파구 가락동 167번지 3호(2층),영업/정상
V15489E9029E8,대치궁한의원,강남구,medical_wellness,public_license_registry,OA-16480,한의원,"한방내과, 한방부인과, 한방소아과, 한방안?이비인후?피부과, 한방신경정신과, 한방재활의학과, 사상체질과, 침구과, 한방응급과",3220000,PHMA120153220033041100223,"서울특별시 강남구 삼성로 233, 2층 210호 (대치동, 신사빌딩)",서울특별시 강남구 대치동 1019번지 1호  신사빌딩 2층 210호,영업/정상
V15567683CE42,고알레 클럽하우스,강남구,exercise_body,public_license_registry,OA-16142,체력단련장업,,3220000,CDFH3301062021000012,"서울특별시 강남구 도산대로 326, 대동타워 지하1층 (논현동)",서울특별시 강남구 논현동 93 대동타워,영업/정상
V156917DE5D08,대들보의원,서초구,medical_wellness,public_license_registry,OA-16480,의원,"정형외과, 신경외과, 마취통증의학과",3210000,PHMA120233210034041100034,"서울특별시 서초구 청계산로 189, 내곡드림씨티 2~3층 304호, 301호 (신원동)",서울특별시 서초구 신원동 607,영업/정상
V159C8A4E9AA9,역삼생생본의원?한의원,강남구,medical_wellness,public_license_registry,OA-16480,의원,"외과, 정형외과, 재활의학과",3220000,PHMA120213220033041100158,"서울특별시 강남구 논현로93길 3, 호양빌딩 2,3,4,5,6층 (역삼동)",,영업/정상
V15A5904511A4,한음한방신경정신과한의원,강남구,medical_wellness,public_license_registry,OA-16480,한의원,"한방내과, 한방부인과, 한방소아과, 한방안?이비인후?피부과, 한방신경정신과, 한방재활의학과, 사상체질과, 침구과",3220000,PHMA120243220033041100050,"서울특별시 강남구 언주로98길 37, 한음빌딩 4층 (역삼동)",서울특별시 강남구 역삼동 704-29 한음빌딩,영업/정상
V15E9981FF9AC,아트지짐,강남구,exercise_body,public_license_registry,OA-16142,체력단련장업,,3220000,CDFH3301062017000039,"서울특별시 강남구 봉은사로 163, 지하1층 (논현동, 마르세움)",서울특별시 강남구 논현동 206-14,영업/정상
V15EE77FB81CE,로그짐 올림픽공원점,송파구,exercise_body,public_license_registry,OA-16142,체력단련장업,,3230000,CDFH3301062021000010,"서울특별시 송파구 올림픽로35길 10, 제비동 2층 207호 (신천동, 파크리오)",서울특별시 송파구 신천동 20-6 파크리오,영업/정상
V1609EF0F768A,다미내과의원,송파구,medical_wellness,public_license_registry,OA-16480,의원,"내과, 정형외과, 소아청소년과, 안과, 이비인후과, 피부과",3230000,PHMA120143230034041100038,"서울특별시 송파구 올림픽로35길 123, 2층 206호 (신천동, 향군타워)",서울특별시 송파구 신천동 7번지 29호 향군타워 2층 206호,영업/정상
V1611C2A74D69,렛츠피티,서초구,exercise_body,public_license_registry,OA-16142,체력단련장업,,3210000,CDFH3301062020000006,"서울특별시 서초구 방배로 110, 하나은행 지하층 102호 (방배동)",서울특별시 서초구 방배동 907-4 하나은행,영업/정상
V161585CD1DFC,태풍PT,서초구,exercise_body,public_license_registry,OA-16142,체력단련장업,,3210000,CDFH3301062026000002,"서울특별시 서초구 서초중앙로28길 14, 진정빌딩 지하2층 (서초동)",서울특별시 서초구 서초동 1697-3 진정빌딩,영업/정상
V162BA7DCEB70,사암정한의원,서초구,medical_wellness,public_license_registry,OA-16480,한의원,"한방내과, 한방부인과, 한방소아과, 한방안?이비인후?피부과, 한방신경정신과, 한방재활의학과, 사상체질과, 침구과",3210000,PHMA120263210034041100065,"서울특별시 서초구 서초대로 3-4, 106호 (방배동, 방배디오슈페리움Ⅰ)",서울특별시 서초구 방배동 3001-2 방배디오슈페리움Ⅰ,영업/정상
V164A327D6E11,자영한의원,서초구,medical_wellness,public_license_registry,OA-16480,한의원,"한방내과, 한방부인과, 한방소아과, 한방안?이비인후?피부과, 한방신경정신과, 한방재활의학과, 사상체질과, 침구과",3210000,PHMA120023210034041100028,"서울특별시 서초구 동산로 20, 2층 (양재동, 태화빌딩)",서울특별시 서초구 양재동 333번지 1호 태화빌딩 2층,영업/정상
V16A45F6582BC,좋은꿈한의원,송파구,medical_wellness,public_license_registry,OA-16480,한의원,"한방내과, 한방부인과, 한방소아과, 한방안?이비인후?피부과, 한방신경정신과, 한방재활의학과, 사상체질과, 침구과",3230000,PHMA120223230034041100015,"서울특별시 송파구 백제고분로19길 18, 2층 201호 (잠실동)",,영업/정상
V16E274B42D8E,쏠 트레이닝 센터(SOL Training Center),송파구,exercise_body,public_license_registry,OA-16142,체력단련장업,,3230000,CDFH3301062015000026,"서울특별시 송파구 마천로 2, 수미르빌 지하1층 (방이동)",서울특별시 송파구 방이동 211-6 수미르빌 지하1층,영업/정상
V16EF2F3735A2,빌더바디(Build The Body),서초구,exercise_body,public_license_registry,OA-16142,체력단련장업,,3210000,CDFH3301062018000018,"서울특별시 서초구 방배천로20길 1, 5층 (방배동)",서울특별시 서초구 방배동 426-3,영업/정상
V16F88C85A4F5,르네상스휘트니스클럽,송파구,relax_recovery,public_license_registry,OA-16146,공동탕업,,3230000,3230000-202-2003-00022,서울특별시 송파구 오금로 307 (오금동),서울특별시 송파구 오금동 45,영업/정상
V171BD1032AE5,바디랩그룹트레이닝&PT,송파구,exercise_body,public_license_registry,OA-16142,체력단련장업,,3230000,CDFH3301062020000003,"서울특별시 송파구 올림픽로35길 104, 4층 (신천동, 장미아파트)",서울특별시 송파구 신천동 7 장미아파트,영업/정상
V172731A1DEE7,애틀릭스 트레이닝 양재,강남구,exercise_body,public_license_registry,OA-16142,체력단련장업,,3220000,CDFH3301062021000060,"서울특별시 강남구 남부순환로355길 13, 지하1층 (도곡동)",서울특별시 강남구 도곡동 954-19,영업/정상
V1751B6992BFC,365웰정형외과재활의학과의원,송파구,medical_wellness,public_license_registry,OA-16480,의원,"정형외과, 신경외과, 마취통증의학과, 소아청소년과, 영상의학과, 재활의학과, 가정의학과",3230000,PHMA120223230034041100057,"서울특별시 송파구 오금로 239, 365웰빌딩 지하1층, 2~5층 1층 103호 (방이동)",서울특별시 송파구 방이동 226-12 365웰빌딩,영업/정상
V1775F7369BF4,강남수재활의학과의원,서초구,medical_wellness,public_license_registry,OA-16480,의원,"정형외과, 재활의학과",3210000,PHMA120083210034041100079,"서울특별시 서초구 서초대로 323, 5,6층 (서초동, 삼풍프라자)","서울특별시 서초구 서초동 1690번지 1호 삼풍프라자 5층,6층",영업/정상
V1783792E8617,무진한의원,서초구,medical_wellness,public_license_registry,OA-16480,한의원,"한방내과, 한방부인과, 한방소아과, 한방안?이비인후?피부과, 한방신경정신과, 한방재활의학과, 사상체질과, 침구과",3210000,PHMA120163210034041100007,"서울특별시 서초구 강남대로 220, 5층 (양재동, 연우빌딩)",,영업/정상
V1783EC8D245A,(주)빅브로짐 방배점,서초구,exercise_body,public_license_registry,OA-16142,체력단련장업,,3210000,CDFH3301062020000004,"서울특별시 서초구 방배로 103, 서리풀타워 지하1층 (방배동)",서울특별시 서초구 방배동 924-20,영업/정상
V1784CBCC6CD7,삼성제일한의원,송파구,medical_wellness,public_license_registry,OA-16480,한의원,"한방내과, 한방부인과, 한방소아과, 한방안?이비인후?피부과, 한방신경정신과, 한방재활의학과, 사상체질과, 침구과, 한방응급과",3230000,PHMA120223230034041100017,"서울특별시 송파구 석촌호수로 80, 송천빌딩 3층 (잠실동)",서울특별시 송파구 잠실동 209 송천빌딩,영업/정상
V17C02F0F0B6A,경희라인한의원,송파구,medical_wellness,public_license_registry,OA-16480,한의원,"한방내과, 한방부인과, 한방소아과, 한방안?이비인후?피부과, 한방신경정신과, 한방재활의학과, 사상체질과, 침구과",3230000,PHMA120183230034041100057,"서울특별시 송파구 충민로 181, 로체프라자 301~304호 (장지동)",,영업/정상
V17C6973E8DB4,4TP fitness,서초구,exercise_body,public_license_registry,OA-16142,체력단련장업,,3210000,CDFH3301062015000007,"서울특별시 서초구 고무래로 18-4 (반포동, 지하중2층, 지하2층, 지하3층)","서울특별시 서초구 반포동 55-2 지하중2층, 지하2층, 지하3층",영업/정상
V17F4B6372BED,바른성모재활의학과의원,강남구,medical_wellness,public_license_registry,OA-16480,의원,"내과, 신경과, 정신건강의학과, 정형외과, 신경외과, 마취통증의학과, 산부인과, 소아청소년과, 안과, 이비인후과, 피부과, 비뇨의학과, 재활의학과, 가정의학과",3220000,PHMA120243220033041100081,"서울특별시 강남구 봉은사로 302, 역삼아모제SK리더스뷰 2층 201~202호 (역삼동)",서울특별시 강남구 역삼동 680 역삼아모제SK리더스뷰 201~2호,영업/정상
V1810AA434A87,유태성한의원,서초구,medical_wellness,public_license_registry,OA-16480,한의원,"한방내과, 한방부인과, 한방소아과, 한방안?이비인후?피부과, 한방신경정신과, 한방재활의학과, 사상체질과, 침구과",3210000,PHMA119913210034041100017,"서울특별시 서초구 효령로 276, 2호 (서초동)",서울특별시 서초구 서초동 1457번지 2호,영업/정상
V1813E3172CF9,짐어스,강남구,exercise_body,public_license_registry,OA-16142,체력단련장업,,3220000,CDFH3301062004000007,"서울특별시 강남구 삼성로 38 (개포동,지상6층)",서울특별시 강남구 개포동 186-1 지상6층,영업/정상
V18558214D822,은하수한의원,송파구,medical_wellness,public_license_registry,OA-16480,한의원,"한방내과, 한방부인과, 한방소아과, 한방안?이비인후?피부과, 한방신경정신과, 한방재활의학과, 사상체질과, 침구과",3230000,PHMA120113230034041100022,"서울특별시 송파구 동남로 147 (가락동,수동빌딩 2층)",서울특별시 송파구 가락2동 125번지 2호 수동빌딩 2층,영업/정상
V1867A3058E60,이코리아PTGYM,송파구,exercise_body,public_license_registry,OA-16142,체력단련장업,,3230000,CDFH3301062012000004,"서울특별시 송파구 위례성대로22길 18, 2층 (오금동)",서울특별시 송파구 오금동 10-3 2층,영업/정상
V18714823A509,경희다정한의원,송파구,medical_wellness,public_license_registry,OA-16480,한의원,"한방내과, 한방부인과, 한방소아과, 한방안?이비인후?피부과, 한방신경정신과, 한방재활의학과, 사상체질과, 침구과",3230000,PHMA120263230034041100002,"서울특별시 송파구 중대로 24, 4층 1호 (문정동, 올림픽훼밀리타운)",서울특별시 송파구 문정동 150 올림픽훼밀리타운,영업/정상
V187AA4EEB8E9,(주)마이다스(362),강남구,exercise_body,public_license_registry,OA-16142,체력단련장업,,3220000,CDFH3301062014000014,서울특별시 강남구 봉은사로 471 (삼성동),"서울특별시 강남구 삼성동 50-2 힐스테이트2단지 상가동 501, 502호",영업/정상
V18854E88BA20,강남사우나,강남구,relax_recovery,public_license_registry,OA-16146,공동탕업,,3220000,3220000-202-2002-00004,서울특별시 강남구 영동대로 210 (대치동),서울특별시 강남구 대치동 66,영업/정상
V188CB662BB50,아침맑은한의원,송파구,medical_wellness,public_license_registry,OA-16480,한의원,"한방내과, 한방부인과, 한방소아과, 한방안?이비인후?피부과, 한방신경정신과, 한방재활의학과, 사상체질과, 침구과",3230000,PHMA120143230034041100020,서울특별시 송파구 백제고분로 200 (삼전동),,영업/정상
V18B3FF26221C,민스맞춤운동센터,송파구,exercise_body,public_license_registry,OA-16142,체력단련장업,,3230000,CDFH3301062022000007,"서울특별시 송파구 거마로2길 3-4, 301호 (거여동)",서울특별시 송파구 거여동 40 301호,영업/정상
V18DC20CECC15,한걸음한의원,강남구,medical_wellness,public_license_registry,OA-16480,한의원,"한방내과, 한방부인과, 한방소아과, 한방안?이비인후?피부과, 한방신경정신과, 한방재활의학과, 사상체질과, 침구과",3220000,PHMA120043220033041101879,"서울특별시 강남구 논현로 841, 제이비 미소 빌딩 307호 (신사동)",,영업/정상
V18E344FDEA01,동의보감한의원,송파구,medical_wellness,public_license_registry,OA-16480,한의원,"한방내과, 한방부인과, 한방소아과, 한방안?이비인후?피부과, 한방신경정신과, 한방재활의학과, 사상체질과, 침구과",3230000,PHMA120183230034041100019,"서울특별시 송파구 마천로 315, 306호 (마천동, 현대그린빌)",서울특별시 송파구 마천동 181번지 현대그린빌 306호,영업/정상
V18E71A16FE7E,짐팬지,강남구,exercise_body,public_license_registry,OA-16142,체력단련장업,,3220000,CDFH3301062023000028,"서울특별시 강남구 삼성로119길 43, 지하1층 (삼성동)",서울특별시 강남구 삼성동 27-28,영업/정상
V18F2C669CBC0,짐타운,강남구,exercise_body,public_license_registry,OA-16142,체력단련장업,,3220000,CDFH3301062020000036,서울특별시 강남구 언주로172길 14 (신사동),서울특별시 강남구 신사동 636-16,영업/정상
V19027DE05E75,유엘 체형교정센터,강남구,exercise_body,public_license_registry,OA-16142,체력단련장업,,3220000,CDFH3301062025000011,"서울특별시 강남구 테헤란로37길 41, 1층 2호 (역삼동)",서울특별시 강남구 역삼동 673-18,영업/정상
V1902A05F299D,현대헬스,서초구,exercise_body,public_license_registry,OA-16142,체력단련장업,,3210000,CDFH3301061997000003,"서울특별시 서초구 방배천로 22  (방배동,3층)",서울특별시 서초구 방배동 452-4 3층,영업/정상
V19186BD7DDF6,인스타성형외과의원,강남구,medical_wellness,public_license_registry,OA-16480,의원,"성형외과, 이비인후과, 피부과, 재활의학과",3220000,PHMA120163220033041100181,"서울특별시 강남구 강남대로 406, GLASS TOWER 7층 (역삼동)",서울특별시 강남구 역삼동 820-9 GLASS TOWER,영업/정상
V191E473E5D65,설명한의원,서초구,medical_wellness,public_license_registry,OA-16480,한의원,"한방내과, 한방부인과, 한방소아과, 한방안?이비인후?피부과, 한방신경정신과, 한방재활의학과, 사상체질과, 침구과",3210000,PHMA120253210034041100113,"서울특별시 서초구 효령로 406, LG전자대리점 2층 (서초동)",,영업/정상
V19247EDE7921,피지오 스튜디오 필라테스 & PT 송파 방이점,송파구,exercise_body,public_license_registry,OA-16142,체력단련장업,,3230000,CDFH3301062025000035,"서울특별시 송파구 백제고분로48길 27, 4층 (방이동)",서울특별시 송파구 방이동 142-4 성우빌딩,영업/정상
V19276BEA5130,소프트 실버타입,강남구,exercise_body,public_license_registry,OA-16142,체력단련장업,,3220000,CDFH3301062021000059,"서울특별시 강남구 삼성로 651, 3층 301호 (삼성동, 래미안 라클래시)",서울특별시 강남구 삼성동 19-4 래미안 라클래시,영업/정상
V19331B9A1E08,양재퍼스트정형외과의원,서초구,medical_wellness,public_license_registry,OA-16480,의원,"내과, 정형외과, 신경외과, 마취통증의학과, 재활의학과, 가정의학과",3210000,PHMA120243210034041100134,"서울특별시 서초구 남부순환로 2583, 서희타워 101,102호 (서초동)","서울특별시 서초구 서초동 1366-4 서희타워 101,1호",영업/정상
V19359BDE0763,김영석한방내과한의원,강남구,medical_wellness,public_license_registry,OA-16480,한의원,"한방내과, 한방부인과, 한방소아과, 한방안?이비인후?피부과, 한방신경정신과, 한방재활의학과, 사상체질과, 침구과, 한방응급과",3220000,PHMA120153220033041100048,"서울특별시 강남구 삼성로 212 (대치동, 은마아파트내 우체국상가 206호)",서울특별시 강남구 대치동 316번지 은마아파트내 우체국상가 206호,영업/정상
V1935B11E813A,옵티멈스포츠클럽,송파구,exercise_body,public_license_registry,OA-16142,체력단련장업,,3230000,CDFH3301062007000007,"서울특별시 송파구 올림픽로35가길 16 (신천동, 송파 FUN STADIUM)",서울특별시 송파구 신천동 7-12 5층,영업/정상
V1964F0145151,태인한의원,송파구,medical_wellness,public_license_registry,OA-16480,한의원,"한방내과, 한방부인과, 한방소아과, 한방안?이비인후?피부과, 한방신경정신과, 한방재활의학과, 사상체질과, 침구과",3230000,PHMA120223230034041100072,"서울특별시 송파구 백제고분로 187, 3층 302호 (잠실동, 파크인-수)",,영업/정상
V197AA0947344,경희선한의원,송파구,medical_wellness,public_license_registry,OA-16480,한의원,"한방내과, 한방부인과, 한방소아과, 한방안?이비인후?피부과, 한방신경정신과, 한방재활의학과, 사상체질과, 침구과",3230000,PHMA120193230034041100077,"서울특별시 송파구 송파대로 345, 1A동 4층 4003호 (가락동, 헬리오시티)",,영업/정상
V198C4224BA27,표나실정형외과의원,서초구,medical_wellness,public_license_registry,OA-16480,의원,"내과, 외과, 정형외과, 마취통증의학과, 소아청소년과, 피부과, 비뇨의학과, 가정의학과",3210000,PHMA120043210034041100035,"서울특별시 서초구 방배천로 158, 3~5층 (방배동, 동천빌딩)",서울특별시 서초구 방배동 830번지 2호 동천빌딩 3~5층,영업/정상
V1990F2E3673B,첨성대한의원,강남구,medical_wellness,public_license_registry,OA-16480,한의원,"한방내과, 한방부인과, 한방소아과, 한방안?이비인후?피부과, 한방신경정신과, 한방재활의학과, 사상체질과, 침구과",3220000,PHMA120053220033041101899,"서울특별시 강남구 학동로12길 35, 2층 (논현동, 스마트빌딩)",서울특별시 강남구 논현동 148번지 22호 스마트빌딩 2층,영업/정상
V1998744F0505,서울기운찬정형외과의원,송파구,medical_wellness,public_license_registry,OA-16480,의원,"정형외과, 신경외과, 마취통증의학과, 재활의학과",3230000,PHMA120193230034041100027,"서울특별시 송파구 석촌호수로 76, 2층 (잠실동)",서울특별시 송파구 잠실동 208번지 8호,영업/정상
V19C00E966E5E,경희정재현한의원,강남구,medical_wellness,public_license_registry,OA-16480,한의원,"한방내과, 한방부인과, 한방소아과, 한방안?이비인후?피부과, 한방신경정신과, 한방재활의학과, 사상체질과, 침구과, 한방응급과",3220000,PHMA120133220033041100120,"서울특별시 강남구 남부순환로365길 22, 3층 (도곡동)",서울특별시 강남구 도곡동 903-9,영업/정상
V19DBB841ADE4,BRN GYM,강남구,exercise_body,public_license_registry,OA-16142,체력단련장업,,3220000,CDFH3301062026000020,"서울특별시 강남구 논현로159길 32, B1층 (신사동)",서울특별시 강남구 신사동 552-20,영업/정상
V19DF4748F7C2,연세새봄의원,강남구,medical_wellness,public_license_registry,OA-16480,의원,"내과, 정형외과, 산부인과, 피부과, 가정의학과",3220000,PHMA120203220033041100024,"서울특별시 강남구 도산대로 328, 2층, 3층일부 (논현동)",,영업/정상
V19E8855EAB99,연세선우의원,강남구,medical_wellness,public_license_registry,OA-16480,의원,"내과, 신경과, 정신건강의학과, 정형외과, 소아청소년과, 피부과, 비뇨의학과, 가정의학과",3220000,PHMA120083220033041101034,"서울특별시 강남구 학동로 504, 2층 201호 (삼성동)",서울특별시 강남구 삼성동 52번지 3호 2층201호,영업/정상
V19F6EE2FB5BE,최원준 GYM,강남구,exercise_body,public_license_registry,OA-16142,체력단련장업,,3220000,CDFH3301062024000024,"서울특별시 강남구 삼성로 155, 대치퍼스트빌딩 B121호 (대치동)",서울특별시 강남구 대치동 507-2 대치퍼스트빌딩,영업/정상
V1A29E447CB78,평화당한의원,송파구,medical_wellness,public_license_registry,OA-16480,한의원,"한방내과, 한방부인과, 한방소아과, 한방안?이비인후?피부과, 한방신경정신과, 한방재활의학과, 사상체질과, 침구과",3230000,PHMA120043230034041101238,"서울특별시 송파구 중대로 24, 208호 (문정동, 올림픽훼밀리타운)",,영업/정상
V1A31C6B60406,렛츠핏 양재점 헬스&PT,서초구,exercise_body,public_license_registry,OA-16142,체력단련장업,,3210000,CDFH3301062025000029,"서울특별시 서초구 동산로 64, 화성빌딩 2층 (양재동)",서울특별시 서초구 양재동 377-3 화성빌딩,영업/정상
V1A3A9FCADB28,노블라인의원,강남구,medical_wellness,public_license_registry,OA-16480,의원,"내과, 외과, 정형외과, 성형외과, 피부과",3220000,PHMA120113220033041100058,"서울특별시 강남구 압구정로 162 (신사동, 베네하임시티 B101,B102)","서울특별시 강남구 신사동 579번지 3호 베네하임시티 B101,B102",영업/정상
V1A6DDFE553B8,토마토휘트니스클럽,서초구,exercise_body,public_license_registry,OA-16142,체력단련장업,,3210000,CDFH3301062005000008,"서울특별시 서초구 신반포로47길 30  (잠원동,(2,3,4층))","서울특별시 서초구 잠원동 38-1 (2,3,4층)",영업/정상
V1A72B7A9C518,진맥잘보는한의원,서초구,medical_wellness,public_license_registry,OA-16480,한의원,"한방내과, 한방부인과, 한방소아과, 한방안?이비인후?피부과, 한방신경정신과, 한방재활의학과, 사상체질과, 침구과",3210000,PHMA120053210034041100066,"서울특별시 서초구 서초대로 317, 3층 (서초동)",,영업/정상
V1A9BCA65DC20,바디웍,송파구,exercise_body,public_license_registry,OA-16142,체력단련장업,,3230000,CDFH3301062015000025,"서울특별시 송파구 위례성대로20길 23, 2, 3층 (오금동)","서울특별시 송파구 오금동 18-1 2, 3층",영업/정상
V1ACC055C67C0,내셔널짐 서초점,서초구,exercise_body,public_license_registry,OA-16142,체력단련장업,,3210000,CDFH3301062022000013,"서울특별시 서초구 사임당로 143, Cross 143 4층 407,408호 (서초동)",서울특별시 서초구 서초동 1332-4 Cross 143,영업/정상
V1ADDAEE59155,권승로한의원,송파구,medical_wellness,public_license_registry,OA-16480,한의원,"한방내과, 한방부인과, 한방소아과, 한방안?이비인후?피부과, 한방신경정신과, 한방재활의학과, 사상체질과, 침구과",3230000,PHMA120093230034041100025,"서울특별시 송파구 올림픽로 119 (잠실동,파인애플상가 4층 B018호)",,영업/정상
V1B09BDC603AA,영은한의원,서초구,medical_wellness,public_license_registry,OA-16480,한의원,"한방내과, 한방부인과, 한방소아과, 한방안?이비인후?피부과, 한방신경정신과, 한방재활의학과, 사상체질과, 침구과",3210000,PHMA120223210034041100005,"서울특별시 서초구 동산로2길 25, 2층 (양재동)",서울특별시 서초구 양재동 332-8,영업/정상
V1B0E86FA89A5,프라이멀짐(404),강남구,exercise_body,public_license_registry,OA-16142,체력단련장업,,3220000,CDFH3301062015000006,"서울특별시 강남구 도산대로81길 41, 지하1층 (청담동)",서울특별시 강남구 청담동 100-14 지하1층,영업/정상
V1B1522614C01,(주)그레이트짐,서초구,exercise_body,public_license_registry,OA-16142,체력단련장업,,3210000,CDFH3301062012000010,"서울특별시 서초구 남부순환로347길 101 (서초동, 지하1층)",서울특별시 서초구 서초동 1341-7 지하1층,영업/정상
V1B21E53F1E2C,우성스포츠센터 보석사우나,강남구,relax_recovery,public_license_registry,OA-16146,공동탕업,,3220000,3220000-202-2016-00006,"서울특별시 강남구 개포로110길 15, 지하2층 (일원동, 우성스포츠센터)",서울특별시 강남구 일원동 615,영업/정상
V1B95518F99D0,짐타임 송파나루역점,송파구,exercise_body,public_license_registry,OA-16142,체력단련장업,,3230000,CDFH3301062017000007,서울특별시 송파구 백제고분로 460 (방이동),서울특별시 송파구 방이동 110-3,영업/정상
V1B9B37265905,짐플러스 헬스PT 방배,서초구,exercise_body,public_license_registry,OA-16142,체력단련장업,,3210000,CDFH3301062012000005,"서울특별시 서초구 방배로 127 (방배동, 지하1, 지하2)","서울특별시 서초구 방배동 925-3 지하1, 지하2",영업/정상
V1BD1750B9E5E,잠실새내역정형외과의원,송파구,medical_wellness,public_license_registry,OA-16480,의원,"정형외과, 신경외과, 마취통증의학과, 재활의학과, 가정의학과",3230000,PHMA120233230034041100004,"서울특별시 송파구 석촌호수로 74, 잠실엘타워 2층 201,202호 (잠실동)",,영업/정상
V1BF86CD4EE24,해성한의원,서초구,medical_wellness,public_license_registry,OA-16480,한의원,"한방내과, 한방부인과, 한방소아과, 한방안?이비인후?피부과, 한방신경정신과, 한방재활의학과, 사상체질과, 침구과",3210000,PHMA120213210034041100099,"서울특별시 서초구 방배로 81, 유경빌딩 3층 (방배동)",,영업/정상
V1C13F1AA33A4,훈짐PT,강남구,exercise_body,public_license_registry,OA-16142,체력단련장업,,3220000,CDFH3301062023000061,"서울특별시 강남구 선릉로16길 4, 2층 (개포동)",서울특별시 강남구 개포동 168,영업/정상
V1C2AF0C9951A,자향한의원,강남구,medical_wellness,public_license_registry,OA-16480,한의원,"한방내과, 한방부인과, 한방소아과, 한방안?이비인후?피부과, 한방신경정신과, 한방재활의학과, 사상체질과, 침구과, 한방응급과",3220000,PHMA120143220033041100032,"서울특별시 강남구 헌릉로 569, 301호 (세곡동)",서울특별시 강남구 세곡동 581,영업/정상
V1C7CC634FA1B,압구정함소아한의원,강남구,medical_wellness,public_license_registry,OA-16480,한의원,"한방내과, 한방부인과, 한방소아과, 한방안?이비인후?피부과, 한방신경정신과, 한방재활의학과, 사상체질과, 침구과",3220000,PHMA120063220033041101978,"서울특별시 강남구 도산대로16길 13-16, 101~102호 (논현동, 함소아빌딩)",,영업/정상
V1CAD9FB569CC,서초양재참좋은정형외과의원,서초구,medical_wellness,public_license_registry,OA-16480,의원,"정형외과, 마취통증의학과, 재활의학과",3210000,PHMA120163210034041100018,"서울특별시 서초구 강남대로 213 (양재동, 스포타임)",,영업/정상
V1CB8FD46D0A5,청담인한의원,서초구,medical_wellness,public_license_registry,OA-16480,한의원,"한방내과, 한방부인과, 한방소아과, 한방안?이비인후?피부과, 한방신경정신과, 한방재활의학과, 사상체질과, 침구과",3210000,PHMA120133210034041100096,"서울특별시 서초구 서초대로 397, 304(우측)호 (서초동, 부띠크 모나코)",서울특별시 서초구 서초동 1316번지 5호 부띠크모나코 304호(우측),영업/정상
V1CBFF0A898CD,파트너짐,강남구,exercise_body,public_license_registry,OA-16142,체력단련장업,,3220000,CDFH3301062022000001,"서울특별시 강남구 논현로167길 9, 낙산프라자 지하1층 (신사동)",서울특별시 강남구 신사동 570-12 낙산프라자,영업/정상
V1CC1FBFB2499,달리기한의원,송파구,medical_wellness,public_license_registry,OA-16480,한의원,"한방내과, 한방부인과, 한방소아과, 한방안?이비인후?피부과, 한방신경정신과, 한방재활의학과, 사상체질과, 침구과",3230000,PHMA120253230034041100062,"서울특별시 송파구 올림픽로34길 3-36, 201호 (방이동)",,영업/정상
V1CCF012D58F5,모바스튜디오,서초구,exercise_body,public_license_registry,OA-16142,체력단련장업,,3210000,CDFH3301062025000019,"서울특별시 서초구 잠원로4길 50, 메이플 자이 근린생활시설 315호, 316호 (잠원동)",서울특별시 서초구 잠원동 60-3 메이플 자이 근린생활시설,영업/정상
V1CD2D7A7067A,멤버쉽 휘트니스 플레이 바이 어스,강남구,exercise_body,public_license_registry,OA-16142,체력단련장업,,3220000,CDFH3301062012000029,"서울특별시 강남구 논현로10길 29, 5층 (개포동)",서울특별시 강남구 개포동 1197-2 5층,영업/정상
V1D0A06BF3F6E,MUTO FIT,송파구,exercise_body,public_license_registry,OA-16142,체력단련장업,,3230000,CDFH3301062016000006,"서울특별시 송파구 올림픽로35가길 9, B01호 (신천동, 잠실 푸르지오 월드마크)",서울특별시 송파구 신천동 11-4 B01호,영업/정상
V1D0F892576C5,정성을다하는정한의원,송파구,medical_wellness,public_license_registry,OA-16480,한의원,"한방내과, 한방부인과, 한방소아과, 한방안?이비인후?피부과, 한방신경정신과, 한방재활의학과, 사상체질과, 침구과",3230000,PHMA120063230034041101392,"서울특별시 송파구 백제고분로11길 35, 2층 (잠실동)",,영업/정상
V1D63688BC58F,에이투에프 송파,송파구,exercise_body,public_license_registry,OA-16142,체력단련장업,,3230000,CDFH3301062015000015,서울특별시 송파구 위례성대로 180 (오금동),서울특별시 송파구 오금동 3-1,영업/정상
V1D7E50AA799D,코리아짐,송파구,exercise_body,public_license_registry,OA-16142,체력단련장업,,3230000,CDFH3301062023000018,"서울특별시 송파구 백제고분로41길 18, 지하1층 (송파동)",서울특별시 송파구 송파동 24-7,영업/정상
V1D9AB1001BB4,핏엔젤 반포점,서초구,exercise_body,public_license_registry,OA-16142,체력단련장업,,3210000,CDFH3301062025000016,"서울특별시 서초구 서초중앙로 225, 남도빌딩 4층 (반포동)",서울특별시 서초구 반포동 52-6 남도빌딩,영업/정상
V1D9C332557E6,서울ND(엔디)의원,강남구,medical_wellness,public_license_registry,OA-16480,의원,"내과, 신경과, 정신건강의학과, 정형외과, 성형외과, 마취통증의학과, 산부인과, 소아청소년과, 안과, 이비인후과, 피부과, 비뇨의학과, 가정의학과",3220000,PHMA120103220033041100058,"서울특별시 강남구 선릉로 641, 3층 302, 303호 (논현동)","서울특별시 강남구 논현2동 254번지 29호 3층  302, 303호",영업/정상
V1DD3A8824200,NP 컨디셔닝,강남구,exercise_body,public_license_registry,OA-16142,체력단련장업,,3220000,CDFH3301062020000004,"서울특별시 강남구 압구정로28길 40, 신사동 더원 빌딩 5층 (신사동)",서울특별시 강남구 신사동 569-29 신사동 더원 빌딩,영업/정상
V1DDF84C119EA,더무브,서초구,exercise_body,public_license_registry,OA-16142,체력단련장업,,3210000,CDFH3301062024000013,"서울특별시 서초구 반포대로14길 42, 하이앤드타워 2층 (서초동)",서울특별시 서초구 서초동 1589-12 하이앤드타워,영업/정상
V1DE149D78D8C,김민철 트레이닝,서초구,exercise_body,public_license_registry,OA-16142,체력단련장업,,3210000,CDFH3301062021000007,"서울특별시 서초구 서초중앙로31길 18, 그랑반포 4층 (반포동)",서울특별시 서초구 반포동 49-7 그랑반포,영업/정상
V1DEFAAB34C74,유레디 PT&PILATES,강남구,exercise_body,public_license_registry,OA-16142,체력단련장업,,3220000,CDFH3301062023000040,"서울특별시 강남구 논현로38길 18, 3층 (도곡동)",서울특별시 강남구 도곡동 412-5,영업/정상
V1E0A969F35D0,온유당한의원,강남구,medical_wellness,public_license_registry,OA-16480,한의원,"한방내과, 한방부인과, 한방소아과, 한방안?이비인후?피부과, 한방신경정신과, 한방재활의학과, 사상체질과, 침구과",3220000,PHMA120263220033041100013,"서울특별시 강남구 선릉로 837, 3층 (신사동)",서울특별시 강남구 신사동 664-8,영업/정상
V1E1033060EEA,백선탕,서초구,relax_recovery,public_license_registry,OA-16146,공동탕업,,3210000,3210000-202-1983-00132,서울특별시 서초구 방배로 234-9 (방배동),서울특별시 서초구 방배동 773-18 (1층~2층),영업/정상
V1E54D89DBDA1,감동한의원,송파구,medical_wellness,public_license_registry,OA-16480,한의원,"한방내과, 한방부인과, 한방소아과, 한방안?이비인후?피부과, 한방신경정신과, 한방재활의학과, 침구과",3230000,PHMA120253230034041100027,"서울특별시 송파구 올림픽로35길 10, B동 3층 302호 (신천동)",서울특별시 송파구 신천동 20-6 파크리오,영업/정상
V1E5D0B120F5D,(주)건강과 땀 휘트니스,강남구,exercise_body,public_license_registry,OA-16142,체력단련장업,,3220000,CDFH3301062017000004,"서울특별시 강남구 광평로 281 (수서동, 수서빌딩)",,영업/정상
V1E6AFBFFEA6A,짐 다운 GYM,강남구,exercise_body,public_license_registry,OA-16142,체력단련장업,,3220000,CDFH3301062014000041,"서울특별시 강남구 테헤란로8길 7, 지하2층 (역삼동)",서울특별시 강남구 역삼동 823-3 지하2층,영업/정상
V1E9828A322C2,스포애니 삼전역점,송파구,exercise_body,public_license_registry,OA-16142,체력단련장업,,3230000,CDFH3301062025000002,"서울특별시 송파구 백제고분로 170, 2층 (잠실동)",서울특별시 송파구 잠실동 335-2,영업/정상
V1EA9F973CB38,경희도림한의원,강남구,medical_wellness,public_license_registry,OA-16480,한의원,"한방내과, 한방부인과, 한방소아과, 한방안?이비인후?피부과, 한방신경정신과, 한방재활의학과, 사상체질과, 침구과",3220000,PHMA119953220033041101782,"서울특별시 강남구 선릉로 32, 영동농협개포지소 201호 (개포동)",,영업/정상
V1EB75C05889E,삼성더건강내과의원,강남구,medical_wellness,public_license_registry,OA-16480,의원,"내과, 신경과, 정신건강의학과, 정형외과, 신경외과, 마취통증의학과, 산부인과, 소아청소년과, 이비인후과, 피부과, 비뇨의학과, 영상의학과, 진단검사의학과, 재활의학과, 결핵과, 가정의학과, 예방의학과",3220000,PHMA120233220033041100065,"서울특별시 강남구 선릉로 34, 4층 (개포동)",서울특별시 강남구 개포동 167-9,영업/정상
V1EFFDAD87B82,강남아이누리한의원,강남구,medical_wellness,public_license_registry,OA-16480,한의원,"한방내과, 한방부인과, 한방소아과, 한방안?이비인후?피부과, 한방신경정신과, 한방재활의학과, 사상체질과, 침구과",3220000,PHMA120183220033041100159,"서울특별시 강남구 선릉로 225, 도곡렉슬상가 304호 (도곡동)",,영업/정상
V1F193E1D4336,어나더 필라테스 라운지,송파구,exercise_body,public_license_registry,OA-16142,체력단련장업,,3230000,CDFH3301062021000024,"서울특별시 송파구 오금로32길 30, 2층 (송파동)",서울특별시 송파구 송파동 163-19 2층,영업/정상
V1F1FFC132D02,펠리체PT스튜디오,서초구,exercise_body,public_license_registry,OA-16142,체력단련장업,,3210000,CDFH3301062015000010,"서울특별시 서초구 서초중앙로20길 38, 2층 (서초동, 동진빌딩)",서울특별시 서초구 서초동 1665-32 동진빌딩 2층,영업/정상
V1F2D2FA30A65,아나플한의원,송파구,medical_wellness,public_license_registry,OA-16480,한의원,"한방내과, 한방부인과, 한방소아과, 한방안?이비인후?피부과, 한방신경정신과, 한방재활의학과, 사상체질과, 침구과",3230000,PHMA120093230034041100033,"서울특별시 송파구 올림픽로35길 10, 파크리오 상가B동 407호 (신천동)",,영업/정상
V1F527C29C0E6,MN휘트니스,서초구,exercise_body,public_license_registry,OA-16142,체력단련장업,,3210000,CDFH3301062015000009,"서울특별시 서초구 사임당로 174 (서초동, 강남미래타워B101호~B103호)",서울특별시 서초구 서초동 1337 강남미래타워B101호~B103호,영업/정상
V1F55C7095A86,다스름한의원,서초구,medical_wellness,public_license_registry,OA-16480,한의원,"한방내과, 한방부인과, 한방소아과, 한방안?이비인후?피부과, 한방신경정신과, 한방재활의학과, 사상체질과, 침구과",3210000,PHMA120193210034041100010,"서울특별시 서초구 샘마루길 4, 한울 1층 (내곡동)",서울특별시 서초구 내곡동 6번지 33호 한울 1층,영업/정상
V1F6E7076EE93,C&S휘트니스,서초구,exercise_body,public_license_registry,OA-16142,체력단련장업,,3210000,CDFH3301062011000007,"서울특별시 서초구 사임당로 32  (서초동,(지1층))",서울특별시 서초구 서초동 1597-4 (지1층),영업/정상
V1FA8A1FC0911,서울더나은마취통증의학과의원,송파구,medical_wellness,public_license_registry,OA-16480,의원,"내과, 정형외과, 신경외과, 마취통증의학과, 재활의학과",3230000,PHMA120223230034041100036,"서울특별시 송파구 양재대로 1164, 홍일빌딩 1층 (오금동)",서울특별시 송파구 오금동 1 홍일빌딩,영업/정상
V1FC5CCBD75A0,유재욱재활의학과의원,강남구,medical_wellness,public_license_registry,OA-16480,의원,"정형외과, 성형외과, 마취통증의학과, 재활의학과, 가정의학과",3220000,PHMA120063220033041100825,"서울특별시 강남구 강남대로 248, 목원빌딩, 6층일부 (도곡동)",서울특별시 강남구 도곡동 952-10 목원빌딩,영업/정상
V1FF50B535A33,마인드 플러스 트레이닝 서래,서초구,exercise_body,public_license_registry,OA-16142,체력단련장업,,3210000,CDFH3301062026000012,"서울특별시 서초구 사평대로28길 63, 제지1층 제비101호 (반포동)",서울특별시 서초구 반포동 551-11,영업/정상
V202A65C14424,에이티에이치 트레이닝센터,송파구,exercise_body,public_license_registry,OA-16142,체력단련장업,,3230000,CDFH3301062026000015,"서울특별시 송파구 새말로 62, 지하1층 상가B10호 상가B11호 (문정동)",서울특별시 송파구 문정동 620 송파 푸르지오시티,영업/정상
V202B3D180674,로하스한의원,서초구,medical_wellness,public_license_registry,OA-16480,한의원,"한방내과, 한방부인과, 한방소아과, 한방안?이비인후?피부과, 한방신경정신과, 한방재활의학과, 사상체질과, 침구과",3210000,PHMA120083210034041100048,"서울특별시 서초구 사평대로57길 131, 1층 (반포동)",,영업/정상
V203CFDDACD2B,노들담한의원,강남구,medical_wellness,public_license_registry,OA-16480,한의원,"한방내과, 한방부인과, 한방소아과, 한방안?이비인후?피부과, 한방신경정신과, 한방재활의학과, 사상체질과, 침구과, 한방응급과",3220000,PHMA120143220033041100173,"서울특별시 강남구 강남대로78길 12 (역삼동, 프레스티지 11층)",,영업/정상
V203FAD137146,밝은빛한의원,송파구,medical_wellness,public_license_registry,OA-16480,한의원,"한방내과, 한방부인과, 한방소아과, 한방안?이비인후?피부과, 한방신경정신과, 한방재활의학과, 사상체질과, 침구과",3230000,PHMA120043230034041101237,"서울특별시 송파구 송이로 18, 성지빌딩 2층 (송파동)",,영업/정상
V20466EEA92EF,예스이비인후과의원,서초구,medical_wellness,public_license_registry,OA-16480,의원,"내과, 정신건강의학과, 외과, 정형외과, 신경외과, 성형외과, 소아청소년과, 안과, 이비인후과, 피부과, 비뇨의학과, 영상의학과, 가정의학과",3210000,PHMA120243210034041100061,"서울특별시 서초구 서초중앙로 45, 서초레몬 203호 (서초동)",서울특별시 서초구 서초동 1600-11 서초레몬,영업/정상
V2046F3AD13FD,김인중한의원,송파구,medical_wellness,public_license_registry,OA-16480,한의원,"한방내과, 한방부인과, 한방소아과, 한방안?이비인후?피부과, 한방신경정신과, 한방재활의학과, 사상체질과, 침구과",3230000,PHMA120133230034041100061,"서울특별시 송파구 중대로 68, 3층 305,306호 (문정동, 훼미리샤르망빌딩)",서울특별시 송파구 문정동 150번지 26호 훼미리샤르망빌딩,영업/정상
V2051A1480E42,신사마취통증의학과의원,강남구,medical_wellness,public_license_registry,OA-16480,의원,"정형외과, 신경외과, 마취통증의학과, 재활의학과",3220000,PHMA119933220033041100133,"서울특별시 강남구 테헤란로 121, 3층 301호 (역삼동, 원빌딩)",서울특별시 강남구 역삼동 648번지 26호 301호,영업/정상
V207CDC803482,헤론연세의원,서초구,medical_wellness,public_license_registry,OA-16480,의원,"내과, 정형외과, 소아청소년과, 이비인후과, 피부과",3210000,PHMA120063210034041100081,"서울특별시 서초구 동광로1길 112, 203,204,205호 (방배동, 롯데캐슬헤론상가)",서울특별시 서초구 방배동 754번지 1호 롯데캐슬헤론상가 203호,영업/정상
V20C3E313EBDC,카스탈리아,강남구,relax_recovery,public_license_registry,OA-16146,공동탕업,,3220000,3220000-202-2025-00001,"서울특별시 강남구 언주로150길 14, 지하2층 (논현동)",서울특별시 강남구 논현동 97-26,영업/정상
V20D44D3EEC45,박재민한의원,송파구,medical_wellness,public_license_registry,OA-16480,한의원,"한방내과, 한방부인과, 한방소아과, 한방안?이비인후?피부과, 한방신경정신과, 한방재활의학과, 사상체질과, 침구과",3230000,PHMA119983230034041100743,"서울특별시 송파구 송파대로 278, 한성빌딩 (가락동)",서울특별시 송파구 가락동 96번지 16호 한성빌딩,영업/정상
V2122D38DDE8E,논현역점 스포애니 (주)케이디헬스케어,강남구,exercise_body,public_license_registry,OA-16142,체력단련장업,,3220000,CDFH3301062012000041,"서울특별시 강남구 학동로4길 15, 동화상가 B01, B03, B04, B05호 (논현동)",서울특별시 강남구 논현동 122-8 동화상가,영업/정상
V212DFC56533D,뱅뱅사거리점 스포애니 (주)케이디헬스케어,서초구,exercise_body,public_license_registry,OA-16142,체력단련장업,,3210000,CDFH3301062017000015,"서울특별시 서초구 강남대로 279, 지하1층 (서초동)",서울특별시 서초구 서초동 1357-35 백향빌딩,영업/정상
V2158A6581E02,그린몰의원,강남구,medical_wellness,public_license_registry,OA-16480,의원,"내과, 외과, 정형외과, 마취통증의학과, 소아청소년과, 이비인후과, 피부과, 영상의학과, 진단검사의학과, 재활의학과, 가정의학과",3220000,PHMA120183220033041100097,"서울특별시 강남구 도산대로 107, BIO, 5층일부, 7층, 8층일부 (신사동)",,영업/정상
V21663504F4E6,스포니스 방이점,송파구,exercise_body,public_license_registry,OA-16142,체력단련장업,,3230000,CDFH3301062022000009,"서울특별시 송파구 위례성대로18길 31-20, MIK TOWER 지하1층 (방이동)",서울특별시 송파구 방이동 207 MIK TOWER,영업/정상
V2176D923834E,미래신경과의원,송파구,medical_wellness,public_license_registry,OA-16480,의원,"내과, 신경과, 정형외과, 신경외과, 마취통증의학과, 소아청소년과, 재활의학과",3230000,PHMA120013230034041100959,"서울특별시 송파구 중대로 80 (문정동, LG문정프라자 3층)",,영업/정상
V218FFE7A2E62,생기한의원,서초구,medical_wellness,public_license_registry,OA-16480,한의원,"한방내과, 한방부인과, 한방소아과, 한방안?이비인후?피부과, 한방신경정신과, 한방재활의학과, 사상체질과, 침구과",3210000,PHMA120113210034041100073,"서울특별시 서초구 서초대로77길 3, 14층 1405호 (서초동, 아라타워)",,영업/정상
V21C1EBF75F01,더프리비하우스,강남구,exercise_body,public_license_registry,OA-16142,체력단련장업,,3220000,CDFH3301062026000025,"서울특별시 강남구 강남대로 330, 36층 3602호 (역삼동)",서울특별시 강남구 역삼동 832-2,영업/정상
V21EE299CBC3D,이담외과의원,강남구,medical_wellness,public_license_registry,OA-16480,의원,"내과, 외과, 정형외과, 심장혈관흉부외과, 성형외과, 피부과",3220000,PHMA120213220033041100017,"서울특별시 강남구 도산대로 235, 평화빌딩 2,3층 (신사동)",,영업/정상
V21F55F35DCD6,디앤에이 트레이닝 센터,서초구,exercise_body,public_license_registry,OA-16142,체력단련장업,,3210000,CDFH3301062024000026,"서울특별시 서초구 남부순환로333길 13, 효봉빌딩 2층 (서초동)",서울특별시 서초구 서초동 1425-9 효봉빌딩,영업/정상
V21FA7A311278,플레이존스포츠(Playzone),강남구,exercise_body,public_license_registry,OA-16142,체력단련장업,,3220000,CDFH3301062018000023,서울특별시 강남구 압구정로 106 (신사동),서울특별시 강남구 신사동 528-8,영업/정상
V22068EB2F345,마크짐휘트니스,송파구,exercise_body,public_license_registry,OA-16142,체력단련장업,,3230000,CDFH3301062013000007,서울특별시 송파구 송파대로 405 (석촌동),서울특별시 송파구 석촌동 290-3 지하1층,영업/정상
V2217A47E2540,유성당한의원,서초구,medical_wellness,public_license_registry,OA-16480,한의원,"한방내과, 한방부인과, 한방소아과, 한방안?이비인후?피부과, 한방신경정신과, 한방재활의학과, 사상체질과, 침구과",3210000,PHMA120043210034041100024,"서울특별시 서초구 사평대로2길 19-19, 2층 (방배동)",서울특별시 서초구 방배동 756번지 7호 2층,영업/정상
V222276ED8976,차움,강남구,relax_recovery,public_license_registry,OA-16146,목욕장업 기타,,3220000,3220000-202-2010-00010,"서울특별시 강남구 도산대로 442 (청담동,피엔폴루스 지상3층)",서울특별시 강남구 청담동 4-1 피엔폴루스 지상3층,영업/정상
V2228E877DD92,동양정형외과의원,강남구,medical_wellness,public_license_registry,OA-16480,의원,"외과, 정형외과, 신경외과",3220000,PHMA119913220033041100113,"서울특별시 강남구 논현로 310, 지하1층2호,지상1층102호 (역삼동)",서울특별시 강남구 역삼동 788-40,영업/정상
V22329144752F,비바라짐 (신논현),서초구,exercise_body,public_license_registry,OA-16142,체력단련장업,,3210000,CDFH3301062018000003,"서울특별시 서초구 서운로 220, 대지스포츠플라자 2층 (서초동)",서울특별시 서초구 서초동 1302-2 대지스포츠플라자,영업/정상
V224FE6CB20AB,짐퍼스트 헬스&PT 문정역점,송파구,exercise_body,public_license_registry,OA-16142,체력단련장업,,3230000,CDFH3301062017000005,"서울특별시 송파구 법원로 114 (문정동, 엠스테이트)",서울특별시 송파구 문정동 643-1,영업/정상
V227CF27A2288,메디컬블룸한의원,강남구,medical_wellness,public_license_registry,OA-16480,한의원,"한방내과, 한방부인과, 한방소아과, 한방안?이비인후?피부과, 한방신경정신과, 한방재활의학과, 사상체질과, 침구과",3220000,PHMA120263220033041100004,"서울특별시 강남구 선릉로92길 37-3, 2층 (삼성동)",서울특별시 강남구 삼성동 142-14 2층,영업/정상
V22983E29F9EC,오정석경희한의원,송파구,medical_wellness,public_license_registry,OA-16480,한의원,"한방내과, 한방부인과, 한방소아과, 한방안?이비인후?피부과, 한방신경정신과, 한방재활의학과, 사상체질과, 침구과",3230000,PHMA120063230034041101374,"서울특별시 송파구 백제고분로21길 19, 202호 (삼전동)",,영업/정상
V22CCD16B2640,아미쿠스짐,송파구,exercise_body,public_license_registry,OA-16142,체력단련장업,,3230000,CDFH3301062020000030,서울특별시 송파구 새말로10길 5 (문정동),서울특별시 송파구 문정동 81-6,영업/정상
V22E4246F0FA2,원진한의원,강남구,medical_wellness,public_license_registry,OA-16480,한의원,"한방내과, 한방부인과, 한방소아과, 한방안?이비인후?피부과, 한방신경정신과, 한방재활의학과, 사상체질과, 침구과",3220000,PHMA119873220033041101747,"서울특별시 강남구 테헤란로87길 17, 305호 (삼성동)",서울특별시 강남구 삼성1동 158번지 10호,영업/정상
V22FE273CDD4F,일생의 피티,서초구,exercise_body,public_license_registry,OA-16142,체력단련장업,,3210000,CDFH3301062023000003,"서울특별시 서초구 동광로19길 16, 3층 (방배동)",서울특별시 서초구 방배동 795-5 복빌딩,영업/정상
V231250B05A5F,연세베스트이비인후과의원,서초구,medical_wellness,public_license_registry,OA-16480,의원,"내과, 신경과, 외과, 정형외과, 성형외과, 소아청소년과, 안과, 이비인후과, 피부과, 영상의학과, 가정의학과, 응급의학과",3210000,PHMA120243210034041100012,"서울특별시 서초구 동작대로 118, 방배동예다인프라자빌딩 405,406호 (방배동)",서울특별시 서초구 방배동 1549 방배동예다인프라자빌딩,영업/정상
V23137AC6649C,짐퍼스트 헬스&PT 올림픽공원점,송파구,exercise_body,public_license_registry,OA-16142,체력단련장업,,3230000,CDFH3301062005000003,"서울특별시 송파구 토성로 78 (풍납동, 정민빌딩)",서울특별시 송파구 풍납동 402-4 4층,영업/정상
V231A702B93B5,김시효한의원,서초구,medical_wellness,public_license_registry,OA-16480,한의원,"한방내과, 한방부인과, 한방소아과, 한방안?이비인후?피부과, 한방신경정신과, 한방재활의학과, 사상체질과, 침구과",3210000,PHMA120233210034041100039,"서울특별시 서초구 본마을4길 1, 1층 (신원동)",서울특별시 서초구 신원동 462-38,영업/정상
V2345F93769F2,하워드마취통증의학과의원,서초구,medical_wellness,public_license_registry,OA-16480,의원,"내과, 신경과, 정형외과, 신경외과, 마취통증의학과, 이비인후과, 피부과, 비뇨의학과, 영상의학과, 재활의학과, 가정의학과",3210000,PHMA120233210034041100072,"서울특별시 서초구 서초대로 310, 소망빌딩 6층 (서초동)",서울특별시 서초구 서초동 1673-10 소망빌딩,영업/정상
V2349B0001487,인사이트 그룹PT 양재역점,서초구,exercise_body,public_license_registry,OA-16142,체력단련장업,,3210000,CDFH3301062024000004,"서울특별시 서초구 서운로6길 26, 지훈빌딩 지하1층 (서초동)",서울특별시 서초구 서초동 1364-39 지훈빌딩,영업/정상
V237C41BC9935,다이아몬드짐 헬스,서초구,exercise_body,public_license_registry,OA-16142,체력단련장업,,3210000,CDFH3301062020000012,"서울특별시 서초구 서초대로 346, 지하1층 102호 (서초동, 서초동 동아빌라트)",서울특별시 서초구 서초동 1678-1 서초동 동아빌라트,영업/정상
V239DDFBAA15B,황우량중국한의원,서초구,medical_wellness,public_license_registry,OA-16480,한의원,"한방내과, 한방부인과, 한방소아과, 한방안?이비인후?피부과, 한방신경정신과, 한방재활의학과, 사상체질과, 침구과",3210000,PHMA120053210034041100044,"서울특별시 서초구 방배로 184, 2층 (방배동)",,영업/정상
V239F76D80DE3,수하림한의원,송파구,medical_wellness,public_license_registry,OA-16480,한의원,"한방내과, 한방부인과, 한방소아과, 한방안?이비인후?피부과, 한방신경정신과, 한방재활의학과, 사상체질과, 침구과",3230000,PHMA120113230034041100052,"서울특별시 송파구 위례성대로12길 18, 한국건설자원공제조합 1호 (방이동)",서울특별시 송파구 방이동 164-5 한국건설자원공제조합,영업/정상
V23A978E85522,대치 인,강남구,exercise_body,public_license_registry,OA-16142,체력단련장업,,3220000,CDFH3301062012000020,"서울특별시 강남구 삼성로 212, 편의동 103호 (대치동, 은마상가)",서울특별시 강남구 대치동 316 은마상가 편의동 103호,영업/정상
V23AD140F5066,언주365한의원,강남구,medical_wellness,public_license_registry,OA-16480,한의원,"한방내과, 한방부인과, 한방소아과, 한방안?이비인후?피부과, 한방신경정신과, 한방재활의학과, 사상체질과, 침구과",3220000,PHMA119923220033041101766,서울특별시 강남구 남부순환로363길 16(도곡동),,영업/정상
V23B5878A111A,쏘.핏,강남구,exercise_body,public_license_registry,OA-16142,체력단련장업,,3220000,CDFH3301062022000028,"서울특별시 강남구 선릉로 28, 일영빌딩 지하1층 (개포동)",서울특별시 강남구 개포동 158 일영빌딩,영업/정상
V23E78E572E32,건강한너,강남구,exercise_body,public_license_registry,OA-16142,체력단련장업,,3220000,CDFH3301062017000027,"서울특별시 강남구 학동로12길 43, 지하1층 (논현동)",서울특별시 강남구 논현동 149-17,영업/정상
V23F7B5750AE0,이형빈가정의학과의원,서초구,medical_wellness,public_license_registry,OA-16480,의원,"내과, 정신건강의학과, 정형외과, 마취통증의학과, 소아청소년과, 이비인후과, 피부과, 가정의학과",3210000,PHMA120173210034041100052,"서울특별시 서초구 서초대로 389, 2층 1-1호 (서초동, 진흥상가)",,영업/정상
V240DB38314B5,우림영상의학과의원,송파구,medical_wellness,public_license_registry,OA-16480,의원,"내과, 신경과, 정형외과, 소아청소년과, 영상의학과, 진단검사의학과, 가정의학과",3230000,PHMA120063230034041101367,"서울특별시 송파구 백제고분로 365, 태문빌딩 5,7층 502, 701호 (석촌동)",서울특별시 송파구 석촌동 174-2 태문빌딩,영업/정상
V2416EB06033B,F45 트레이닝 잠실,송파구,exercise_body,public_license_registry,OA-16142,체력단련장업,,3230000,CDFH3301062021000028,"서울특별시 송파구 송파대로 558, 월드타워빌딩 지하1층 (신천동)",서울특별시 송파구 신천동 7-25 월드타워빌딩 지하1층,영업/정상
V24387E6F66CF,설명한의원,송파구,medical_wellness,public_license_registry,OA-16480,한의원,"한방내과, 한방부인과, 한방소아과, 한방안?이비인후?피부과, 한방신경정신과, 한방재활의학과, 사상체질과, 침구과",3230000,PHMA120263230034041100047,"서울특별시 송파구 백제고분로48길 20, 2층 (방이동)",,영업/정상
V24648E29B7D2,양재성모정형외과의원,강남구,medical_wellness,public_license_registry,OA-16480,의원,"신경과, 정형외과, 신경외과, 마취통증의학과, 재활의학과",3220000,PHMA120203220033041100167,"서울특별시 강남구 강남대로 238, 스카이쏠라빌딩 8~9층 (도곡동)",,영업/정상
V2466229AF242,올바른몸,강남구,exercise_body,public_license_registry,OA-16142,체력단련장업,,3220000,CDFH3301062023000036,"서울특별시 강남구 논현로131길 28, 3층 (논현동)",서울특별시 강남구 논현동 39-20,영업/정상
V246FBEB84E7C,클래시 휘트니스,서초구,exercise_body,public_license_registry,OA-16142,체력단련장업,,3210000,CDFH3301062022000017,"서울특별시 서초구 효령로53길 24, 디아레나 서초 지층 101호 (서초동)",서울특별시 서초구 서초동 1588-5 디아레나 서초,영업/정상
V248B191CF7AF,효재한의원,송파구,medical_wellness,public_license_registry,OA-16480,한의원,"한방내과, 한방부인과, 한방소아과, 한방안?이비인후?피부과, 한방신경정신과, 한방재활의학과, 사상체질과, 침구과",3230000,PHMA120133230034041100030,"서울특별시 송파구 오금로 507, 거여빌딩 101호 (거여동)",,영업/정상
V24929B95603B,박스트레인,강남구,exercise_body,public_license_registry,OA-16142,체력단련장업,,3220000,CDFH3301062014000027,"서울특별시 강남구 압구정로4길 11, 지하1층 (신사동)",서울특별시 강남구 신사동 525-2,영업/정상
V24A02F5E0ABE,경희시안한의원,송파구,medical_wellness,public_license_registry,OA-16480,한의원,"한방내과, 한방부인과, 한방소아과, 한방안?이비인후?피부과, 한방신경정신과, 한방재활의학과, 사상체질과, 침구과",3230000,PHMA120263230034041100019,"서울특별시 송파구 올림픽로 329, 르엘상가 415~417호 (신천동)",,영업/정상
V24CD74ED09F3,아머피티샵,송파구,exercise_body,public_license_registry,OA-16142,체력단련장업,,3230000,CDFH3301062020000013,"서울특별시 송파구 석촌호수로 114, 지하1층 (잠실동)",서울특별시 송파구 잠실동 242-7,영업/정상
V24D780E5C9CF,피지컬액티브짐 방이2호점,송파구,exercise_body,public_license_registry,OA-16142,체력단련장업,,3230000,CDFH3301062020000006,"서울특별시 송파구 올림픽로34길 5-29, 보광스퀘어 2층 204호 (방이동)",서울특별시 송파구 방이동 41-3 보광스퀘어 2층 204호,영업/정상
V24EB8E863D90,건우한의원,강남구,medical_wellness,public_license_registry,OA-16480,한의원,"한방내과, 한방부인과, 한방소아과, 한방안?이비인후?피부과, 한방신경정신과, 한방재활의학과, 사상체질과, 침구과",3220000,PHMA119853220033041101742,"서울특별시 강남구 선릉로 630, 동화빌딩 1층 (삼성동)",서울특별시 강남구 삼성동 34-21 동화빌딩,영업/정상
V24EC3DFFBBF2,올바로 짐,송파구,exercise_body,public_license_registry,OA-16142,체력단련장업,,3230000,CDFH3301062019000016,"서울특별시 송파구 법원로9길 26, 에이치비지니스파크 c동 지하층 112~119호 (문정동)",서울특별시 송파구 문정동 645-2 에이치비지니스파크,영업/정상
V24F618A8CECC,송파365한의원,송파구,medical_wellness,public_license_registry,OA-16480,한의원,"한방내과, 한방부인과, 한방소아과, 한방안?이비인후?피부과, 한방신경정신과, 한방재활의학과, 사상체질과, 침구과",3230000,PHMA120153230034041100054,"서울특별시 송파구 마천로 264, 흥일빌딩 301호 (거여동)",,영업/정상
V24FA0979B5DA,워너비,서초구,exercise_body,public_license_registry,OA-16142,체력단련장업,,3210000,CDFH3301062017000012,"서울특별시 서초구 남부순환로347길 101 (서초동, 지하1층)",,영업/정상
V250005932F91,더깊은한방내과한의원,강남구,medical_wellness,public_license_registry,OA-16480,한의원,"한방내과, 한방부인과, 한방소아과, 한방안?이비인후?피부과, 한방신경정신과, 한방재활의학과, 사상체질과, 침구과",3220000,PHMA120233220033041100118,"서울특별시 강남구 테헤란로103길 8-8, 5층 (삼성동)",,영업/정상
V2528513B72F4,서초탑정형외과의원,서초구,medical_wellness,public_license_registry,OA-16480,의원,"신경과, 외과, 정형외과, 신경외과, 마취통증의학과, 재활의학과",3210000,PHMA120243210034041100072,"서울특별시 서초구 서초중앙로 26, 1층 109호 (서초동, 래미안 서초유니빌)",서울특별시 서초구 서초동 1445-4 래미안 서초유니빌 1층 109호,영업/정상
V2531AF3676EB,헐크짐,서초구,exercise_body,public_license_registry,OA-16142,체력단련장업,,3210000,CDFH3301062017000002,"서울특별시 서초구 동산로13길 6, 지하층 (양재동)",서울특별시 서초구 양재동 291-22,영업/정상
V2553F5BBC99C,버드레인핏,강남구,exercise_body,public_license_registry,OA-16142,체력단련장업,,3220000,CDFH3301062022000034,"서울특별시 강남구 논현로151길 50, 지하1층 (신사동)",서울특별시 강남구 신사동 543-9,영업/정상
V256BE4389EEF,임용성내과의원,송파구,medical_wellness,public_license_registry,OA-16480,의원,"내과, 정형외과, 소아청소년과, 영상의학과, 재활의학과, 가정의학과",3230000,PHMA120023230034041101031,"서울특별시 송파구 올림픽로 119, 4층 B22호 (잠실동, 파인애플상가)",서울특별시 송파구 잠실동 19번지 9호 파인애플상가 4층 B22호,영업/정상
V256E01A850D4,닥터정한의원,강남구,medical_wellness,public_license_registry,OA-16480,한의원,"한방내과, 한방부인과, 한방소아과, 한방신경정신과, 한방재활의학과, 침구과",3220000,PHMA120113220033041100075,"서울특별시 강남구 강남대로136길 7, 3층 (논현동)",서울특별시 강남구 논현동 20번지 15호 3층,영업/정상
V256EAB9151B2,프리원핏 가락점,송파구,exercise_body,public_license_registry,OA-16142,체력단련장업,,3230000,CDFH3301062026000005,"서울특별시 송파구 송이로17길 23, 지하1층 (가락동)",서울특별시 송파구 가락동 40-2,영업/정상
V256F3B115F27,김영록한의원,서초구,medical_wellness,public_license_registry,OA-16480,한의원,"한방내과, 한방부인과, 한방소아과, 한방안?이비인후?피부과, 한방신경정신과, 한방재활의학과, 사상체질과, 침구과",3210000,PHMA119913210034041100013,"서울특별시 서초구 과천대로 946 (방배동, 우성아파트상가)",서울특별시 서초구 방배동 2525번지,영업/정상
V258C5AAD4B6B,최현영한의원,서초구,medical_wellness,public_license_registry,OA-16480,한의원,"한방내과, 한방부인과, 한방소아과, 한방안?이비인후?피부과, 한방신경정신과, 한방재활의학과, 사상체질과, 침구과",3210000,PHMA120223210034041100120,"서울특별시 서초구 동작대로 114, (재)원불교 유문빌딩 4층 1호 (방배동)",서울특별시 서초구 방배동 3160 (재)원불교 유문빌딩,영업/정상
V25A624F59590,가원한의원,강남구,medical_wellness,public_license_registry,OA-16480,한의원,"한방내과, 한방부인과, 한방소아과, 한방안?이비인후?피부과, 한방신경정신과, 한방재활의학과, 사상체질과, 침구과",3220000,PHMA120053220033041101925,"서울특별시 강남구 학동로 342, 에스케이 허브블루 303~304호 (논현동)",서울특별시 강남구 논현동 241-3 에스케이 허브블루,영업/정상
V25B084176B9C,JW Motion Science Lab.(정원 움직임 과학 연구소),강남구,exercise_body,public_license_registry,OA-16142,체력단련장업,,3220000,CDFH3301062020000043,"서울특별시 강남구 도산대로75길 26, 가당빌딩 (청담동)",서울특별시 강남구 청담동 99-3 가당빌딩,영업/정상
V25D2F4EA82F9,마디쌩쌩신경외과의원,송파구,medical_wellness,public_license_registry,OA-16480,의원,"정형외과, 신경외과, 마취통증의학과, 재활의학과",3230000,PHMA120233230034041100033,"서울특별시 송파구 중대로 118, 에이치빌딩 2,3층 (가락동)",서울특별시 송파구 가락동 112-9 에이치빌딩,영업/정상
V25DFA95A1FD6,사라한의원,강남구,medical_wellness,public_license_registry,OA-16480,한의원,"한방내과, 한방부인과, 한방소아과, 한방안?이비인후?피부과, 한방신경정신과, 한방재활의학과, 사상체질과, 침구과",3220000,PHMA120213220033041100215,"서울특별시 강남구 강남대로 502, 서희빌딩 5층 일부 (논현동)",,영업/정상
V2609F62F3E9E,F45 문정,송파구,exercise_body,public_license_registry,OA-16142,체력단련장업,,3230000,CDFH3301062023000023,"서울특별시 송파구 법원로 128, 문정역SKV1 B동 216-217호 (문정동)",서울특별시 송파구 문정동 642-3 문정역SKV1,영업/정상
V2631AF9E1A42,최지연한의원,서초구,medical_wellness,public_license_registry,OA-16480,한의원,"한방내과, 한방부인과, 한방소아과, 한방안?이비인후?피부과, 한방신경정신과, 한방재활의학과, 사상체질과, 침구과",3210000,PHMA120023210034041100034,"서울특별시 서초구 바우뫼로7길 8, 404호 (우면동, 세신상가)",,영업/정상
V2651A31482A9,옵티멀휘트니스(optimal fitness),서초구,exercise_body,public_license_registry,OA-16142,체력단련장업,,3210000,CDFH3301062012000009,"서울특별시 서초구 사평대로22길 14, 2층 (반포동)",서울특별시 서초구 반포동 106-5,영업/정상
V265DC8E818E8,호명한의원,서초구,medical_wellness,public_license_registry,OA-16480,한의원,"한방내과, 한방부인과, 한방소아과, 한방안?이비인후?피부과, 한방신경정신과, 한방재활의학과, 사상체질과, 침구과",3210000,PHMA120223210034041100001,"서울특별시 서초구 반포대로 93, 해은빌딩 4층 (서초동)",,영업/정상
V26ADCB48F697,경희동산한의원,서초구,medical_wellness,public_license_registry,OA-16480,한의원,"한방내과, 한방부인과, 한방소아과, 한방안?이비인후?피부과, 한방신경정신과, 한방재활의학과, 사상체질과, 침구과",3210000,PHMA120143210034041100038,"서울특별시 서초구 동광로12길 8, 1층 (방배동, 유정빌딩)",,영업/정상
V26E29D133D50,대길한의원,송파구,medical_wellness,public_license_registry,OA-16480,한의원,"한방내과, 한방부인과, 한방소아과, 한방안?이비인후?피부과, 한방신경정신과, 한방재활의학과, 사상체질과, 침구과",3230000,PHMA120213230034041100054,"서울특별시 송파구 충민로2길 26, 장지플라자 301호 (장지동)",,영업/정상
V26E5E809D399,약연재한의원,강남구,medical_wellness,public_license_registry,OA-16480,한의원,"한방내과, 한방부인과, 한방소아과, 한방안?이비인후?피부과, 한방신경정신과, 한방재활의학과, 사상체질과, 침구과, 한방응급과",3220000,PHMA120153220033041100150,"서울특별시 강남구 선릉로161길 21, 2층 (신사동)",,영업/정상
V26ED10ADBCE2,대청한의원,강남구,medical_wellness,public_license_registry,OA-16480,한의원,"한방내과, 한방부인과, 한방소아과, 한방안?이비인후?피부과, 한방신경정신과, 한방재활의학과, 침구과",3220000,PHMA120203220033041100128,"서울특별시 강남구 일원로3길 34, 4층 (일원동)",서울특별시 강남구 일원동 677-5,영업/정상
V27444AB5DA16,클럽케이서울,강남구,relax_recovery,public_license_registry,OA-16146,공동탕업+찜질시설서비스영업,,3220000,3220000-202-2010-00013,"서울특별시 강남구 선릉로 524 (삼성동,대림아크로텔 지하1층B101호)",서울특별시 강남구 삼성동 140-3 대림아크로텔 지하1층B101호,영업/정상
V274AF98FFA48,Move Gym,송파구,exercise_body,public_license_registry,OA-16142,체력단련장업,,3230000,CDFH3301062019000009,"서울특별시 송파구 오금로 136, 청양빌딩 (송파동)",서울특별시 송파구 송파동 59-8 청양빌딩,영업/정상
V2755C0486648,리미지한의원,강남구,medical_wellness,public_license_registry,OA-16480,한의원,"한방내과, 한방부인과, 한방안?이비인후?피부과, 한방신경정신과, 한방재활의학과, 사상체질과, 침구과",3220000,PHMA120133220033041100174,"서울특별시 강남구 강남대로 248, 목원빌딩 2층 (도곡동)",서울특별시 강남구 도곡동 952-10 목원빌딩,영업/정상
V275CD2360900,주식회사 영자피트니스 서초,서초구,exercise_body,public_license_registry,OA-16142,체력단련장업,,3210000,CDFH3301062018000006,"서울특별시 서초구 서초대로 254, 오퓨런스 지하3층 (서초동)",서울특별시 서초구 서초동 1553-5 오퓨런스,영업/정상
V2791D0F64693,중앙한의원,송파구,medical_wellness,public_license_registry,OA-16480,한의원,"한방내과, 한방부인과, 한방소아과, 한방안?이비인후?피부과, 한방신경정신과, 한방재활의학과, 사상체질과, 침구과",3230000,PHMA120183230034041100044,"서울특별시 송파구 마천로45길 7, 101호 (마천동)",,영업/정상
V279F1BB7C44E,강남제일한의원,강남구,medical_wellness,public_license_registry,OA-16480,한의원,"한방내과, 한방부인과, 한방소아과, 한방안?이비인후?피부과, 한방신경정신과, 한방재활의학과, 사상체질과, 침구과",3220000,PHMA120063220033041101944,"서울특별시 강남구 삼성로 212, 상가 C동 205호 (대치동, 은마아파트)",서울특별시 강남구 대치동 316 은마아파트,영업/정상
V27B8FF3BB049,훼미리한의원,송파구,medical_wellness,public_license_registry,OA-16480,한의원,"한방내과, 한방부인과, 한방소아과, 한방안?이비인후?피부과, 한방신경정신과, 한방재활의학과, 사상체질과, 침구과",3230000,PHMA120043230034041101222,"서울특별시 송파구 중대로 68, 6층 (문정동, 훼미리 샤르망)",,영업/정상
V27CE4E83500B,에픽성형외과의원,강남구,medical_wellness,public_license_registry,OA-16480,의원,"내과, 신경과, 외과, 정형외과, 신경외과, 심장혈관흉부외과, 성형외과, 마취통증의학과, 산부인과, 소아청소년과, 안과, 이비인후과, 피부과, 비뇨의학과, 가정의학과",3220000,PHMA120213220033041100074,"서울특별시 강남구 강남대로 616, 신사미타워 12층 (신사동)",서울특별시 강남구 신사동 501 신사미타워 12층,영업/정상
V2813461560B1,스포니스 반포점,서초구,exercise_body,public_license_registry,OA-16142,체력단련장업,,3210000,CDFH3301062020000007,"서울특별시 서초구 신반포로 지하 241, 반포역 지하1층 733-111(일부)호 (잠원동)",서울특별시 서초구 잠원동 103 반포역,영업/정상
V28175F9728F4,미케이의원,서초구,medical_wellness,public_license_registry,OA-16480,의원,"정형외과, 성형외과, 피부과",3210000,PHMA120193210034041100026,"서울특별시 서초구 서초대로77길 24, 강남 지웰타워2 4층 (서초동)","서울특별시 서초구 서초동 1306번지 4호 강남 지웰타워2, 4층",영업/정상
V281DA586723B,리스펙짐,서초구,exercise_body,public_license_registry,OA-16142,체력단련장업,,3210000,CDFH3301062010000008,"서울특별시 서초구 반포대로 118 (서초동, (지1층))",서울특별시 서초구 서초동 1542-14 우림빌딩(지1층),영업/정상
V281DF36500EF,경희이룸한의원,서초구,medical_wellness,public_license_registry,OA-16480,한의원,"한방내과, 한방부인과, 한방소아과, 한방안?이비인후?피부과, 한방신경정신과, 한방재활의학과, 사상체질과, 침구과",3210000,PHMA120253210034041100084,"서울특별시 서초구 잠원로4길 50, 메이플 자이 근린생활시설 2동 2층 203~205호 (잠원동)",서울특별시 서초구 잠원동 60-3 메이플 자이 근린생활시설,영업/정상
V28326A2A2740,CLUB GYM,송파구,exercise_body,public_license_registry,OA-16142,체력단련장업,,3230000,CDFH3301062019000007,"서울특별시 송파구 가락로 273, 102호 (방이동)",서울특별시 송파구 방이동 159-15,영업/정상
V28639601790B,하늘마음한의원,서초구,medical_wellness,public_license_registry,OA-16480,한의원,"한방내과, 한방부인과, 한방소아과, 한방안?이비인후?피부과, 한방신경정신과, 한방재활의학과, 사상체질과, 침구과",3210000,PHMA120063210034041100026,"서울특별시 서초구 반포대로 96, 2층 (서초동, 석정빌딩)",서울특별시 서초구 서초동 1544번지 3호 석정빌딩 2층,영업/정상
V28844E0DF386,파프짐 개포,강남구,exercise_body,public_license_registry,OA-16142,체력단련장업,,3220000,CDFH3301062022000052,"서울특별시 강남구 언주로7길 6, 지하2층 (개포동)",서울특별시 강남구 개포동 656-3,영업/정상
V2887B287AB82,수미르한의원,서초구,medical_wellness,public_license_registry,OA-16480,한의원,"한방내과, 한방부인과, 한방소아과, 한방안?이비인후?피부과, 한방재활의학과, 침구과",3210000,PHMA120233210034041100094,"서울특별시 서초구 반포대로30길 61, 명지빌딩 3층 (서초동)",서울특별시 서초구 서초동 1572-12 명지빌딩,영업/정상
V28AE1BC60870,심신경외과의원,강남구,medical_wellness,public_license_registry,OA-16480,의원,"내과, 외과, 정형외과, 신경외과, 마취통증의학과",3220000,PHMA120193220033041100031,"서울특별시 강남구 양재대로55길 15, 2층 (일원동)",서울특별시 강남구 일원동 644-1,영업/정상
V290E4968F24F,스파인랩,송파구,exercise_body,public_license_registry,OA-16142,체력단련장업,,3230000,CDFH3301062020000028,"서울특별시 송파구 법원로4길 5, 송파법조타운푸르지오 (문정동)",서울특별시 송파구 문정동 652 송파법조타운푸르지오,영업/정상
V29189D2C4DC6,위례차차한의원,송파구,medical_wellness,public_license_registry,OA-16480,한의원,"한방내과, 한방부인과, 한방소아과, 한방안?이비인후?피부과, 한방신경정신과, 한방재활의학과, 사상체질과, 침구과",3230000,PHMA120213230034041100050,"서울특별시 송파구 위례광장로 199, 성희프라자 2층 201호 (장지동)",,영업/정상
V291B9DBC08FC,겨레한의원,강남구,medical_wellness,public_license_registry,OA-16480,한의원,"한방내과, 한방부인과, 한방소아과, 한방안?이비인후?피부과, 한방신경정신과, 한방재활의학과, 사상체질과, 침구과",3220000,PHMA120183220033041100121,"서울특별시 강남구 자곡로 114, 서강플라자 202호 (자곡동)",,영업/정상
V291E8848BB3C,갑을병한의원,서초구,medical_wellness,public_license_registry,OA-16480,한의원,"한방내과, 한방부인과, 한방소아과, 한방안?이비인후?피부과, 한방신경정신과, 한방재활의학과, 사상체질과, 침구과",3210000,PHMA120203210034041100050,"서울특별시 서초구 서초중앙로 125, 로이어즈타워 2층 205호 (서초동)",서울특별시 서초구 서초동 1573-10 로이어즈타워 205호,영업/정상
V29469B0923A1,시원따뜻한의원,서초구,medical_wellness,public_license_registry,OA-16480,한의원,"한방내과, 한방부인과, 한방소아과, 한방안?이비인후?피부과, 한방신경정신과, 한방재활의학과, 사상체질과, 침구과",3210000,PHMA120113210034041100002,"서울특별시 서초구 서초중앙로 117, 훈민타워 3층 (서초동)",,영업/정상
V2978C21195FA,커브스가락클럽,송파구,exercise_body,public_license_registry,OA-16142,체력단련장업,,3230000,CDFH3301062010000010,"서울특별시 송파구 동남로 198, 3층 (가락동)",서울특별시 송파구 가락동 193-6 3층,영업/정상
V2991C20432D4,머슬메모리,서초구,exercise_body,public_license_registry,OA-16142,체력단련장업,,3210000,CDFH3301062023000019,"서울특별시 서초구 강남대로83길 24, 2층 (반포동)",서울특별시 서초구 반포동 735-30,영업/정상
V29A7F5699AEC,짐모드 피트니스 석촌점,송파구,exercise_body,public_license_registry,OA-16142,체력단련장업,,3230000,CDFH3301062024000042,"서울특별시 송파구 송파대로 473, 지하1층 (석촌동, 양지473)",서울특별시 송파구 석촌동 183-2 양지473,영업/정상
V29C0C5A4A12E,화이트짐,강남구,exercise_body,public_license_registry,OA-16142,체력단련장업,,3220000,CDFH3301062010000002,"서울특별시 강남구 논현로 319 (역삼동,(B1))",서울특별시 강남구 역삼동 797-22 (B1),영업/정상
V29D7D9B9282E,움직이는 공간,강남구,exercise_body,public_license_registry,OA-16142,체력단련장업,,3220000,CDFH3301062019000038,"서울특별시 강남구 학동로42길 53, 지하1층 (논현동)",서울특별시 강남구 논현동 262,영업/정상
V29F878F33F1C,양재숲연세정형외과의원,서초구,medical_wellness,public_license_registry,OA-16480,의원,"정형외과, 신경외과, 마취통증의학과, 재활의학과",3210000,PHMA120193210034041100003,서울특별시 서초구 동산로 4 (양재동),서울특별시 서초구 양재동 327번지 1호,영업/정상
V2A0C786B3F5B,한티한의원,강남구,medical_wellness,public_license_registry,OA-16480,한의원,"한방내과, 한방부인과, 한방소아과, 한방안?이비인후?피부과, 한방신경정신과, 한방재활의학과, 사상체질과, 침구과",3220000,PHMA120163220033041100154,"서울특별시 강남구 선릉로63길 7, 2층 일부 (역삼동)",서울특별시 강남구 역삼동 765-5,영업/정상
V2A14804D6085,(주)더 파스칼,서초구,exercise_body,public_license_registry,OA-16142,체력단련장업,,3210000,CDFH3301062009000005,"서울특별시 서초구 마방로10길 15 (양재동,트윈타워 B동(지1층))",서울특별시 서초구 양재동 275-4 트윈타워 B동(지1층),영업/정상
V2A4421475E80,유당한의원,송파구,medical_wellness,public_license_registry,OA-16480,한의원,"한방내과, 한방부인과, 한방소아과, 한방안?이비인후?피부과, 한방신경정신과, 한방재활의학과, 사상체질과, 침구과",3230000,PHMA119973230034041100692,"서울특별시 송파구 오금로 504, 2층 (거여동, 하나메디칼크리닉빌딩)",서울특별시 송파구 거여동 27번지,영업/정상
V2A5470DDBD0A,서울연세의원,강남구,medical_wellness,public_license_registry,OA-16480,의원,"내과, 정신건강의학과, 외과, 정형외과, 신경외과, 마취통증의학과, 소아청소년과, 안과, 이비인후과, 피부과, 비뇨의학과, 재활의학과, 가정의학과",3220000,PHMA120203220033041100185,"서울특별시 강남구 영동대로 210, 쌍용대치종합상가 2층 201A호 (대치동, 쌍용아파트)",서울특별시 강남구 대치동 66 쌍용대치종합상가,영업/정상
V2A65921C962E,프라이어강남점(195),강남구,exercise_body,public_license_registry,OA-16142,체력단련장업,,3220000,CDFH3301062008000009,"서울특별시 강남구 도곡로3길 13  (역삼동,역삼르메이에르타운 지층)",서울특별시 강남구 역삼동 837-19 역삼르메이에르타운 지층,영업/정상
V2A661BA1BE32,코아텔휘트니스클럽,서초구,exercise_body,public_license_registry,OA-16142,체력단련장업,,3210000,CDFH3301062002000019,"서울특별시 서초구 강남대로53길 11  (서초동,지하2층)",서울특별시 서초구 서초동 1330-0 지하2층,영업/정상
V2A6B573607F4,윤중한의원,서초구,medical_wellness,public_license_registry,OA-16480,한의원,"한방내과, 한방부인과, 한방소아과, 한방안?이비인후?피부과, 한방신경정신과, 침구과",3210000,PHMA120233210034041100043,"서울특별시 서초구 효령로33길 45, 201호 (방배동, KH빌딩)",서울특별시 서초구 방배동 908-32 KH빌딩,영업/정상
V2A7978230E56,청계내과의원,서초구,medical_wellness,public_license_registry,OA-16480,의원,"내과, 정형외과, 소아청소년과, 이비인후과, 피부과, 비뇨의학과, 가정의학과",3210000,PHMA120203210034041100028,"서울특별시 서초구 청계산로9길 70, 내곡 SH플라자 2층 204,205호 (내곡동)",서울특별시 서초구 내곡동 368번지,영업/정상
V2A91E1088ED8,짐박스피트니스 송파점,송파구,exercise_body,public_license_registry,OA-16142,체력단련장업,,3230000,CDFH3301062026000017,"서울특별시 송파구 송파대로 393, 하이마트 송파점 1~5층 (석촌동)",서울특별시 송파구 석촌동 295-2 하이마트 송파점,영업/정상
V2AB3994A654B,잘생한의원,강남구,medical_wellness,public_license_registry,OA-16480,한의원,"한방내과, 한방부인과, 한방소아과, 한방안?이비인후?피부과, 한방신경정신과, 사상체질과, 침구과",3220000,PHMA120203220033041100089,"서울특별시 강남구 도곡로 184, 신호빌딩 204호 (도곡동)",서울특별시 강남구 도곡동 544 신호빌딩,영업/정상
V2AEA27D7B5E3,프리마스파,강남구,relax_recovery,public_license_registry,OA-16146,공동탕업,,3220000,3220000-202-2007-00007,서울특별시 강남구 도산대로102길 10 (청담동),서울특별시 강남구 청담동 56-17,영업/정상
V2AF7B48E2EB5,위튼한의원,송파구,medical_wellness,public_license_registry,OA-16480,한의원,"한방내과, 한방부인과, 한방소아과, 한방안?이비인후?피부과, 한방신경정신과, 한방재활의학과, 사상체질과, 침구과",3230000,PHMA120203230034041100069,"서울특별시 송파구 백제고분로 358, 5층 503,504호 (석촌동)",,영업/정상
V2AFDD107C0A1,새동남한의원,강남구,medical_wellness,public_license_registry,OA-16480,한의원,"한방내과, 한방부인과, 한방소아과, 한방안?이비인후?피부과, 한방신경정신과, 한방재활의학과, 사상체질과, 침구과",3220000,PHMA119993220033041101811,"서울특별시 강남구 봉은사로7길 38, 2층 (논현동)",서울특별시 강남구 논현동 170-27,영업/정상
V2B1788E1E6E4,서초제일마디의원,서초구,medical_wellness,public_license_registry,OA-16480,의원,"내과, 정형외과, 신경외과, 마취통증의학과, 재활의학과",3210000,PHMA120193210034041100045,"서울특별시 서초구 효령로 279, 삼경빌딩 5층 (서초동)",서울특별시 서초구 서초동 1602번지 1호 5층,영업/정상
V2B22B0D022D6,동산권중진한의원,강남구,medical_wellness,public_license_registry,OA-16480,한의원,"한방내과, 한방부인과, 한방소아과, 한방안?이비인후?피부과, 한방신경정신과, 한방재활의학과, 사상체질과, 침구과",3220000,PHMA120053220033041101906,"서울특별시 강남구 남부순환로 2909, 여천빌딩 5층 502호 (대치동)",서울특별시 강남구 대치동 651 여천빌딩,영업/정상
V2B2334E71F74,크라프트짐(KRAFT GYM),강남구,exercise_body,public_license_registry,OA-16142,체력단련장업,,3220000,CDFH3301062023000054,"서울특별시 강남구 압구정로34길 11, 압구정스퀘어 B103호 (신사동)",서울특별시 강남구 신사동 620 압구정스퀘어,영업/정상
V2B28F704CFF6,엘엑스 피트니스 24시 헬스 & PT 잠실 본점,송파구,exercise_body,public_license_registry,OA-16142,체력단련장업,,3230000,CDFH3301062016000017,"서울특별시 송파구 백제고분로 122, A동 2층 (잠실동, 성현교회)",,영업/정상
V2B29E733AE01,커브스오금클럽,송파구,exercise_body,public_license_registry,OA-16142,체력단련장업,,3230000,CDFH3301062008000004,"서울특별시 송파구 양재대로71길 1-20, 3층 (방이동)",서울특별시 송파구 방이동 206-11,영업/정상
V2B2D23559BFF,PT MATE,서초구,exercise_body,public_license_registry,OA-16142,체력단련장업,,3210000,CDFH3301062021000022,"서울특별시 서초구 고무래로 6-3, 삼공빌딩 지층 201호 (반포동)",서울특별시 서초구 반포동 58-7 삼공빌딩,영업/정상
V2B34219CD7E4,경희정한의원,강남구,medical_wellness,public_license_registry,OA-16480,한의원,"한방내과, 한방부인과, 한방소아과, 한방안?이비인후?피부과, 한방신경정신과, 한방재활의학과, 침구과",3220000,PHMA120183220033041100100,"서울특별시 강남구 선릉로 605, HJ빌딩 2층 (논현동)",서울특별시 강남구 논현동 278번지 6호 HJ빌딩,영업/정상
V2B3CFEDFD849,잠실수가정의학과의원,송파구,medical_wellness,public_license_registry,OA-16480,의원,"내과, 소아청소년과, 피부과, 재활의학과, 가정의학과",3230000,PHMA120183230034041100032,"서울특별시 송파구 올림픽로 289, 잠실시그마타워 305호 (신천동)",,영업/정상
V2B62C718D48C,엑소메디의원,서초구,medical_wellness,public_license_registry,OA-16480,의원,"내과, 신경과, 정신건강의학과, 외과, 정형외과, 신경외과, 성형외과, 피부과, 비뇨의학과, 재활의학과, 가정의학과",3210000,PHMA120263210034041100017,"서울특별시 서초구 서초대로 309, 장안빌딩 나동 3층 (서초동)",서울특별시 서초구 서초동 1692-7 장안빌딩,영업/정상
V2B8FCDCA52AE,S&C physical center,서초구,exercise_body,public_license_registry,OA-16142,체력단련장업,,3210000,CDFH3301062020000020,"서울특별시 서초구 동광로22길 7, 102동 b01호 (방배동)",서울특별시 서초구 방배동 807-22,영업/정상
V2BBB4A338634,(주) 에이블짐 강남역점,강남구,exercise_body,public_license_registry,OA-16142,체력단련장업,,3220000,CDFH3301062023000043,"서울특별시 강남구 강남대로 382, 메리츠타워 B2층 (역삼동)",서울특별시 강남구 역삼동 825-2 메리츠타워,영업/정상
V2BC0F02E37F3,나음정형외과의원,송파구,medical_wellness,public_license_registry,OA-16480,의원,"정형외과, 신경외과, 마취통증의학과, 재활의학과",3230000,PHMA120183230034041100040,"서울특별시 송파구 법원로 128, 문정에스케이브이원지엘메트로시티 A동 315~317호 (문정동)",서울특별시 송파구 문정동 642번지 3호 문정에스케이브이원지엘메트로시티,영업/정상
V2BCE6EA31938,피트니스나인,강남구,exercise_body,public_license_registry,OA-16142,체력단련장업,,3220000,CDFH3301062011000020,"서울특별시 강남구 남부순환로 2615 (도곡동,스타클래스 지하2층)",서울특별시 강남구 도곡동 957-11 스타클래스 지하2층,영업/정상
V2BE8598260CD,하이랙스 선릉점,강남구,exercise_body,public_license_registry,OA-16142,체력단련장업,,3220000,CDFH3301062023000056,"서울특별시 강남구 테헤란로52길 6, 테헤란로오피스빌딩 지하1층 (역삼동)",서울특별시 강남구 역삼동 707-38 테헤란로오피스빌딩,영업/정상
V2BFC29EB59B1,Hell's GYM,송파구,exercise_body,public_license_registry,OA-16142,체력단련장업,,3230000,CDFH3301062021000039,"서울특별시 송파구 가락로 244, 동원빌딩 지하1층 (방이동)",서울특별시 송파구 방이동 126 동원빌딩,영업/정상
V2C1F1219F9CD,리프레쉬,강남구,relax_recovery,public_license_registry,OA-16146,찜질시설서비스영업,,3220000,3220000-202-2021-00010,"서울특별시 강남구 테헤란로2길 13, 강남 캠퍼스호텔 지하1층 (역삼동)",서울특별시 강남구 역삼동 825-30 강남 캠퍼스호텔,영업/정상
V2C234E7C1F2C,유니콘 플레이스 헬스&PT 대치점,강남구,exercise_body,public_license_registry,OA-16142,체력단련장업,,3220000,CDFH3301062016000021,"서울특별시 강남구 역삼로 542, 지하1층 (대치동, 신사에스앤지)",서울특별시 강남구 대치동 966-5 지하1층,영업/정상
V2C2F52453AFB,이영한의원,강남구,medical_wellness,public_license_registry,OA-16480,한의원,"한방내과, 한방부인과, 한방소아과, 한방안?이비인후?피부과, 한방신경정신과, 한방재활의학과, 사상체질과, 침구과",3220000,PHMA120253220033041100154,"서울특별시 강남구 도곡로 191, 상운빌딩 2층 (역삼동)",,영업/정상
V2C514369B5F3,슈퍼스타 휘트니스,송파구,exercise_body,public_license_registry,OA-16142,체력단련장업,,3230000,CDFH3301062011000003,서울특별시 송파구 풍성로 52 (풍납동),서울특별시 송파구 풍납동 163 대아아파트 상가,영업/정상
V2C6261ED89F7,신농당한의원,서초구,medical_wellness,public_license_registry,OA-16480,한의원,"한방내과, 한방부인과, 한방소아과, 한방안?이비인후?피부과, 한방신경정신과, 침구과",3210000,PHMA120223210034041100083,"서울특별시 서초구 방배천로24길 41, 2층 (방배동)",서울특별시 서초구 방배동 951-31,영업/정상
V2C6F21BA2C4D,하나한의원,송파구,medical_wellness,public_license_registry,OA-16480,한의원,"한방내과, 한방부인과, 한방소아과, 한방안?이비인후?피부과, 한방신경정신과, 한방재활의학과, 사상체질과, 침구과",3230000,PHMA120053230034041101289,"서울특별시 송파구 마천로57길 5, 2,3층 (마천동)",,영업/정상
V2C70ABB9E207,휘트니스클럽 36.5 PT,강남구,exercise_body,public_license_registry,OA-16142,체력단련장업,,3220000,CDFH3301062012000013,"서울특별시 강남구 도곡로 442, 진흥빌딩 502호 (대치동)",서울특별시 강남구 대치동 1022-2 진흥빌딩,영업/정상
V2C849D2D06A3,골드헬스클럽,서초구,exercise_body,public_license_registry,OA-16142,체력단련장업,,3210000,CDFH3301062007000006,"서울특별시 서초구 사임당로 143  (서초동,(지하1층))",서울특별시 서초구 서초동 1332-4 (지하1층),영업/정상
V2C8A48612B40,23.5LAB,송파구,exercise_body,public_license_registry,OA-16142,체력단련장업,,3230000,CDFH3301062026000010,"서울특별시 송파구 석촌호수로 142, 지하2층 (삼전동)",서울특별시 송파구 삼전동 22-4,영업/정상
V2C9E85E138E4,피지오스튜디오 필라테스 & PT 신논현점,서초구,exercise_body,public_license_registry,OA-16142,체력단련장업,,3210000,CDFH3301062020000024,"서울특별시 서초구 강남대로 455, 205호 (서초동, 강남태영데시앙루브)",서울특별시 서초구 서초동 1303-35 강남태영데시앙루브 205호,영업/정상
V2CB8FB5D359F,F45 트레이닝 역삼,강남구,exercise_body,public_license_registry,OA-16142,체력단련장업,,3220000,CDFH3301062020000028,서울특별시 강남구 테헤란로14길 13 (역삼동),서울특별시 강남구 역삼동 735-15,영업/정상
V2CBC7CCBA5C1,에비뉴,서초구,exercise_body,public_license_registry,OA-16142,체력단련장업,,3210000,CDFH3301062023000010,"서울특별시 서초구 헌릉로 170, 서초 케이타운 오피스텔 지하1층 (신원동)",서울특별시 서초구 신원동 559 서초 케이타운 오피스텔,영업/정상
V2D11BF44FCFE,우아성한의원,강남구,medical_wellness,public_license_registry,OA-16480,한의원,"한방내과, 한방부인과, 한방소아과, 한방안?이비인후?피부과, 한방신경정신과, 한방재활의학과, 사상체질과, 침구과",3220000,PHMA120133220033041100010,"서울특별시 강남구 봉은사로 218, 트라이업 타워 3층 (역삼동)",,영업/정상
V2D1247212286,경희삼대한의원,송파구,medical_wellness,public_license_registry,OA-16480,한의원,"한방내과, 한방부인과, 한방소아과, 한방안?이비인후?피부과, 한방신경정신과, 한방재활의학과, 사상체질과, 침구과",3230000,PHMA120073230034041101470,"서울특별시 송파구 가락로 248 (방이동,(2층))",서울특별시 송파구 방이1동 135번지 5호 (2층),영업/정상
V2D1361EF465C,자윤한의원,서초구,medical_wellness,public_license_registry,OA-16480,한의원,"한방내과, 한방부인과, 한방소아과, 한방안?이비인후?피부과, 한방신경정신과, 한방재활의학과, 사상체질과, 침구과",3210000,PHMA120193210034041100074,"서울특별시 서초구 서초중앙로 26, 208호 (서초동, 래미안서초유니빌)",서울특별시 서초구 서초동 1445번지 4호 래미안서초유니빌 208호,영업/정상
V2D1782CF1C81,얼라인 프라이빗 짐,송파구,exercise_body,public_license_registry,OA-16142,체력단련장업,,3230000,CDFH3301062016000014,"서울특별시 송파구 마천로 35, 태웅빌딩 3층 (방이동)",서울특별시 송파구 방이동 207-6 태웅빌딩,영업/정상
V2D21FF2D1FEE,애니타임피트니스 송파동점,송파구,exercise_body,public_license_registry,OA-16142,체력단련장업,,3230000,CDFH3301062020000023,"서울특별시 송파구 가락로 205, 송림빌딩 1층 (송파동)",서울특별시 송파구 송파동 143-3 송림빌딩,영업/정상
V2D2685226AE6,일움한의원,서초구,medical_wellness,public_license_registry,OA-16480,한의원,"한방내과, 한방부인과, 한방소아과, 한방안?이비인후?피부과, 한방신경정신과, 한방재활의학과, 사상체질과, 침구과, 한방응급과",3210000,PHMA120153210034041100067,"서울특별시 서초구 서운로 142-4, 5층 (서초동, 재전빌딩)",서울특별시 서초구 서초동 1321번지 5호 재전빌딩 5층,영업/정상
V2D3B60BEEFB3,성정원통사의원,강남구,medical_wellness,public_license_registry,OA-16480,의원,"내과, 신경과, 정신건강의학과, 정형외과, 마취통증의학과, 소아청소년과, 가정의학과",3220000,PHMA120253220033041100026,"서울특별시 강남구 학동로 337, H타워 5층 (논현동)",서울특별시 강남구 논현동 118-16 H타워 5층,영업/정상
V2D5E0F03E2C4,국중연한의원,송파구,medical_wellness,public_license_registry,OA-16480,한의원,"한방내과, 한방부인과, 한방소아과, 한방안?이비인후?피부과, 한방신경정신과, 한방재활의학과, 사상체질과, 침구과",3230000,PHMA120113230034041100048,"서울특별시 송파구 석촌호수로 84 (잠실동,2층 제1호,2호)",,영업/정상
V2D5F7C231203,Training-Parc(트레이닝파크),서초구,exercise_body,public_license_registry,OA-16142,체력단련장업,,3210000,CDFH3301062014000005,"서울특별시 서초구 서초대로 341 (서초동, 지하1층, 지상2층)","서울특별시 서초구 서초동 1689-6 지하1층, 지상2층",영업/정상
V2D7D5D24F572,양파불한증막,송파구,relax_recovery,public_license_registry,OA-16146,한증막업,,3230000,3230000-202-2024-00001,"서울특별시 송파구 송이로32길 26, 지층 (문정동)",서울특별시 송파구 문정동 21,영업/정상
V2D911EA19CF9,미미한의원,송파구,medical_wellness,public_license_registry,OA-16480,한의원,"한방내과, 한방부인과, 한방소아과, 한방안?이비인후?피부과, 한방신경정신과, 한방재활의학과, 사상체질과, 침구과",3230000,PHMA120093230034041100065,"서울특별시 송파구 송파대로 414 (송파동,2층)",,영업/정상
V2D96789EE695,속편한한의원,강남구,medical_wellness,public_license_registry,OA-16480,한의원,"한방내과, 한방부인과, 한방소아과, 한방안?이비인후?피부과, 한방신경정신과, 한방재활의학과, 사상체질과, 침구과, 한방응급과",3220000,PHMA120133220033041100095,"서울특별시 강남구 개포로 233, 유림빌딩 2층 (개포동)",,영업/정상
V2DA7CC8B2828,로이한의원,서초구,medical_wellness,public_license_registry,OA-16480,한의원,"한방내과, 한방부인과, 한방소아과, 한방안?이비인후?피부과, 한방신경정신과, 한방재활의학과, 사상체질과, 침구과",3210000,PHMA120193210034041100005,"서울특별시 서초구 동산로 6, 3층 (양재동)",서울특별시 서초구 양재동 327-2 대원,영업/정상
V2DC81D7B10E3,이내풍한의원,강남구,medical_wellness,public_license_registry,OA-16480,한의원,"한방내과, 한방부인과, 한방소아과, 한방안?이비인후?피부과, 한방신경정신과, 한방재활의학과, 사상체질과, 침구과",3220000,PHMA120053220033041101912,"서울특별시 강남구 학동로 443, 정한빌딩 401호 (청담동)",서울특별시 강남구 청담동 47-5 정한빌딩 401호,영업/정상
V2DCCC8DC129B,에스화인센터(194),강남구,exercise_body,public_license_registry,OA-16142,체력단련장업,,3220000,CDFH3301062008000008,"서울특별시 강남구 도곡로 216  (도곡동,2층)",서울특별시 강남구 도곡동 542 2층,영업/정상
V2DDABC4D6B87,오엠짐,강남구,exercise_body,public_license_registry,OA-16142,체력단련장업,,3220000,CDFH3301062021000048,"서울특별시 강남구 삼성로86길 6, 2층 (대치동)",서울특별시 강남구 대치동 957-1,영업/정상
V2DFCC433B791,정용수한의원,서초구,medical_wellness,public_license_registry,OA-16480,한의원,"한방내과, 한방부인과, 한방소아과, 한방안?이비인후?피부과, 한방신경정신과, 한방재활의학과, 사상체질과, 침구과",3210000,PHMA120073210034041100079,"서울특별시 서초구 신반포로 177, 526~532호 (잠원동, 반포쇼핑)",,영업/정상
V2E15FDCE8F74,성모마취통증의학과의원,강남구,medical_wellness,public_license_registry,OA-16480,의원,"내과, 신경과, 정신건강의학과, 정형외과, 신경외과, 마취통증의학과, 소아청소년과, 재활의학과",3220000,PHMA120013220033041100360,"서울특별시 강남구 테헤란로87길 13, 6층 (삼성동)",서울특별시 강남구 삼성1동 158번지 12호 6층,영업/정상
V2E1D190F1965,서래마을 체육관,서초구,exercise_body,public_license_registry,OA-16142,체력단련장업,,3210000,CDFH3301062021000017,"서울특별시 서초구 동광로 93, 테라스빌딩 4층 (방배동)",서울특별시 서초구 방배동 797-8 테라스빌딩,영업/정상
V2E33CF492A6C,마커스짐,서초구,exercise_body,public_license_registry,OA-16142,체력단련장업,,3210000,CDFH3301062015000005,"서울특별시 서초구 서초대로 137 (방배동, 신국빌딩 2층)",서울특별시 서초구 방배동 882-6 신국빌딩 2층,영업/정상
V2E39B992C870,알로하한의원,강남구,medical_wellness,public_license_registry,OA-16480,한의원,"한방내과, 한방부인과, 한방소아과, 한방안?이비인후?피부과, 한방신경정신과, 한방재활의학과, 사상체질과, 침구과",3220000,PHMA120263220033041100041,"서울특별시 강남구 학동로4길 15, 동화상가 2층 202호 (논현동)",,영업/정상
V2E703B69F521,온리유한의원,강남구,medical_wellness,public_license_registry,OA-16480,한의원,"한방내과, 한방부인과, 한방소아과, 한방안?이비인후?피부과, 한방신경정신과, 한방재활의학과, 사상체질과, 침구과",3220000,PHMA120213220033041100029,"서울특별시 강남구 테헤란로64길 20, 원동방빌딩 2층 (대치동)",서울특별시 강남구 대치동 889-71 원동방빌딩,영업/정상
V2E74B8DE8858,휘슬러휘트니스(112),강남구,exercise_body,public_license_registry,OA-16142,체력단련장업,,3220000,CDFH3301062002000006,"서울특별시 강남구 강남대로 310 (역삼동,유니온빌딩 지하2층)",서울특별시 강남구 역삼동 837-11 유니온빌딩 지하2층,영업/정상
V2E7FC9308B9F,상생의터한의원,송파구,medical_wellness,public_license_registry,OA-16480,한의원,"한방내과, 한방부인과, 한방소아과, 한방안?이비인후?피부과, 한방신경정신과, 한방재활의학과, 사상체질과, 침구과",3230000,PHMA120053230034041101293,"서울특별시 송파구 마천로 240, 301호 (마천동)",,영업/정상
V2E868F0E019F,My PT Studio,송파구,exercise_body,public_license_registry,OA-16142,체력단련장업,,3230000,CDFH3301062026000004,"서울특별시 송파구 중대로23길 21, 302호 (가락동)",서울특별시 송파구 가락동 18-8 혜천빌딩,영업/정상
V2E982C2B6503,살구숲한의원,서초구,medical_wellness,public_license_registry,OA-16480,한의원,"한방내과, 한방부인과, 한방소아과, 한방안?이비인후?피부과, 한방신경정신과, 한방재활의학과, 사상체질과, 침구과, 한방응급과",3210000,PHMA120133210034041100018,"서울특별시 서초구 서운로 18, 2층 (서초동, 영진빌딩)",서울특별시 서초구 서초동 1364번지 2호 영진빌딩2층,영업/정상
V2ED11899B7F8,피티찬스,송파구,exercise_body,public_license_registry,OA-16142,체력단련장업,,3230000,CDFH3301062021000027,"서울특별시 송파구 송파대로38길 15, 지하1층 (송파동)",서울특별시 송파구 송파동 97-53 지하1층,영업/정상
V2ED3886B02E0,광진탕,서초구,relax_recovery,public_license_registry,OA-16146,공동탕업,,3210000,3210000-202-2003-00015,"서울특별시 서초구 서초대로24길 38 (방배동,지상 1~3층)",서울특별시 서초구 방배동 935-12 지상 1~3층,영업/정상
V2EEDDD5F0FCE,청담선한의원,강남구,medical_wellness,public_license_registry,OA-16480,한의원,"한방내과, 한방부인과, 한방소아과, 한방안?이비인후?피부과, 한방신경정신과, 한방재활의학과, 사상체질과, 침구과",3220000,PHMA120163220033041100143,"서울특별시 강남구 테헤란로87길 25, 5층 (삼성동, 전방빌딩)",서울특별시 강남구 삼성동 154번지 13호 전방빌딩 5층,영업/정상
V2EF29F0D1A89,시수하우스,강남구,relax_recovery,public_license_registry,OA-16146,목욕장업 기타,,3220000,3220000-202-2026-00001,"서울특별시 강남구 논현로155길 37, 2층,3층 (신사동)",서울특별시 강남구 신사동 555-16,영업/정상
V2EF78B0DC0D2,엔디준의원,서초구,medical_wellness,public_license_registry,OA-16480,의원,"내과, 정형외과, 신경외과, 가정의학과",3210000,PHMA120173210034041100010,"서울특별시 서초구 서초대로46길 20-7, 2층 (서초동, 영토빌딩)",,영업/정상
V2EFDCAFFD2E4,씨앤씨한의원,서초구,medical_wellness,public_license_registry,OA-16480,한의원,"한방내과, 한방부인과, 한방소아과, 한방안?이비인후?피부과, 한방신경정신과, 한방재활의학과, 사상체질과, 침구과",3210000,PHMA120133210034041100010,"서울특별시 서초구 사임당로 174, 403호 (서초동, 강남미래타워)",,영업/정상
V2F1BD0EC4004,RESTART GYM,송파구,exercise_body,public_license_registry,OA-16142,체력단련장업,,3230000,CDFH3301062014000012,"서울특별시 송파구 삼전로 100, 아카데미빌딩 2층 4-1호 (삼전동)",서울특별시 송파구 삼전동 1-3 아카데미빌딩,영업/정상
V2F263DE210F3,소요한의원,강남구,medical_wellness,public_license_registry,OA-16480,한의원,한방안?이비인후?피부과,3220000,PHMA120083220033041102067,"서울특별시 강남구 도산대로 317, 호림아트센터 1빌딩, 5층 일부 (신사동)",서울특별시 강남구 신사동 651-24 호림아트센터 1빌딩,영업/정상
V2F2C265D6852,서초본한의원,서초구,medical_wellness,public_license_registry,OA-16480,한의원,"한방내과, 한방부인과, 한방소아과, 한방안?이비인후?피부과, 한방신경정신과, 한방재활의학과, 사상체질과, 침구과",3210000,PHMA120103210034041100053,"서울특별시 서초구 서초중앙로 238, 삼호가든상가 313호 (반포동)",서울특별시 서초구 반포동 30-25 삼호가든상가,영업/정상
V2F3A31B6CBB5,성산한의원,서초구,medical_wellness,public_license_registry,OA-16480,한의원,"한방내과, 한방부인과, 한방소아과, 한방안?이비인후?피부과, 한방신경정신과, 한방재활의학과, 사상체질과, 침구과",3210000,PHMA120043210034041100043,"서울특별시 서초구 서초대로 339, 6층 (서초동)",,영업/정상
V2F4B3FE76424,알디모션(RDMotion),송파구,exercise_body,public_license_registry,OA-16142,체력단련장업,,3230000,CDFH3301062026000009,"서울특별시 송파구 백제고분로28길 22, 지하1층 (삼전동)",서울특별시 송파구 삼전동 57-15,영업/정상
V2F739392CB38,이음채한의원,송파구,medical_wellness,public_license_registry,OA-16480,한의원,"한방내과, 한방부인과, 한방소아과, 한방안?이비인후?피부과, 한방신경정신과, 한방재활의학과, 사상체질과, 침구과",3230000,PHMA120213230034041100020,"서울특별시 송파구 올림픽로 132, 2층, 3층 후면 (잠실동)",,영업/정상
V2F7B560A8E50,존스킨한의원,송파구,medical_wellness,public_license_registry,OA-16480,한의원,"한방내과, 한방부인과, 한방소아과, 한방안?이비인후?피부과, 한방신경정신과, 한방재활의학과, 사상체질과, 침구과",3230000,PHMA120123230034041100035,"서울특별시 송파구 올림픽로 329, 418~420호 (신천동)",서울특별시 송파구 신천동 17-6,영업/정상
V2F93E5A3C2FB,경희소유한의원,송파구,medical_wellness,public_license_registry,OA-16480,한의원,"한방내과, 한방부인과, 한방소아과, 한방안?이비인후?피부과, 한방신경정신과, 한방재활의학과, 사상체질과, 침구과",3230000,PHMA120263230034041100027,"서울특별시 송파구 올림픽로35길 45, 411~413호 (신천동)",,영업/정상
V2F98AF315B81,머스트무브짐 PT&Pilates 잠실새내 4호점,송파구,exercise_body,public_license_registry,OA-16142,체력단련장업,,3230000,CDFH3301062021000004,"서울특별시 송파구 올림픽로 108, 맥스빌딩 10층 (잠실동)",서울특별시 송파구 잠실동 181-9 맥스빌딩,영업/정상
V2F9ED65FB8B1,Day 1 피트니스,서초구,exercise_body,public_license_registry,OA-16142,체력단련장업,,3210000,CDFH3301062024000034,"서울특별시 서초구 서초대로53길 10, 서일빌딩 지하1층 (서초동)",서울특별시 서초구 서초동 1696-11 서일빌딩,영업/정상
V2FB7AC0FDD3F,휴메이크 휘트니스(420),강남구,exercise_body,public_license_registry,OA-16142,체력단련장업,,3220000,CDFH3301062015000022,"서울특별시 강남구 봉은사로 327, 지하1층 (논현동, 궁도빌딩)",서울특별시 강남구 논현동 278-19 지하1층,영업/정상
V2FBBB12E7635,강남연세정형외과의원,송파구,medical_wellness,public_license_registry,OA-16480,의원,"외과, 정형외과, 신경외과, 마취통증의학과, 재활의학과",3230000,PHMA120243230034041100013,"서울특별시 송파구 문정로 1, 201~205, 209호 (문정동, 문정역 마에스트로)",,영업/정상
V2FD4F8DED7FB,국가대표재활의학과의원,송파구,medical_wellness,public_license_registry,OA-16480,의원,"내과, 외과, 정형외과, 신경외과, 마취통증의학과, 재활의학과",3230000,PHMA120233230034041100041,"서울특별시 송파구 올림픽로 240, 롯데월드 웰빙센터 3층 2호 (잠실동)",서울특별시 송파구 잠실동 40-1 롯데월드,영업/정상
V2FDC09B92BD2,365평생한의원,송파구,medical_wellness,public_license_registry,OA-16480,한의원,"한방내과, 한방부인과, 한방소아과, 한방안?이비인후?피부과, 한방신경정신과, 한방재활의학과, 사상체질과, 침구과",3230000,PHMA120203230034041100029,"서울특별시 송파구 오금로 500, 동양빌딩 3층 (거여동)",,영업/정상
V300FC57C08B0,서초우면정형외과의원,서초구,medical_wellness,public_license_registry,OA-16480,의원,"정형외과, 신경외과, 마취통증의학과, 재활의학과",3210000,PHMA120223210034041100021,"서울특별시 서초구 태봉로 70, 우면프라자 203호 (우면동)",서울특별시 서초구 우면동 721-1 우면프라자,영업/정상
V3034CB4B8C9E,바디바이블(455),강남구,exercise_body,public_license_registry,OA-16142,체력단련장업,,3220000,CDFH3301062016000025,"서울특별시 강남구 압구정로46길 32, 3층 (신사동, 삼일빌딩)",서울특별시 강남구 신사동 644-22 3층,영업/정상
V307A89145E5E,(주)화이트짐 선릉점,강남구,exercise_body,public_license_registry,OA-16142,체력단련장업,,3220000,CDFH3301062024000029,"서울특별시 강남구 선릉로93길 22, 지하1층 (역삼동)",서울특별시 강남구 역삼동 697-45,영업/정상
V30864C844148,스테이션디(STATION D),강남구,exercise_body,public_license_registry,OA-16142,체력단련장업,,3220000,CDFH3301062026000024,"서울특별시 강남구 논현로 552, 문화빌딩 지하1층 (역삼동)",서울특별시 강남구 역삼동 659-5 문화빌딩,영업/정상
V309B51607800,다드림한의원,강남구,medical_wellness,public_license_registry,OA-16480,한의원,"한방내과, 한방부인과, 한방소아과, 한방안?이비인후?피부과, 한방신경정신과, 한방재활의학과, 사상체질과, 침구과",3220000,PHMA120263220033041100106,"서울특별시 강남구 남부순환로 2927, 대치 클래시아 501호 (대치동)",서울특별시 강남구 대치동 622 대치 클래시아,영업/정상
V30A41723FD08,풍납 헬스,송파구,exercise_body,public_license_registry,OA-16142,체력단련장업,,3230000,CDFH3301061998000003,"서울특별시 송파구 풍성로 65, 3층 301호 (풍납동)",,영업/정상
V30A4FB691DD9,더바른의원,서초구,medical_wellness,public_license_registry,OA-16480,의원,"내과, 외과, 정형외과, 신경외과, 마취통증의학과, 피부과, 가정의학과",3210000,PHMA120223210034041100082,"서울특별시 서초구 잠원로 24, 반포자이플라자 5층 505호 (반포동)",서울특별시 서초구 반포동 20-45 반포자이플라자 505호,영업/정상
V30CB6E3D9CC2,RS Fitness,강남구,exercise_body,public_license_registry,OA-16142,체력단련장업,,3220000,CDFH3301062013000001,"서울특별시 강남구 선릉로 823, 지하2층 (신사동)",서울특별시 강남구 신사동 665-1,영업/정상
V30DDA156A432,리붐내과의원,강남구,medical_wellness,public_license_registry,OA-16480,의원,"내과, 정형외과, 소아청소년과, 이비인후과, 피부과, 비뇨의학과",3220000,PHMA120133220033041100204,"서울특별시 강남구 압구정로 130, 2층 (신사동)",서울특별시 강남구 신사동 548번지 2호 2층,영업/정상
V30E1447979F7,휴짐나지움,서초구,exercise_body,public_license_registry,OA-16142,체력단련장업,,3210000,CDFH3301062016000012,"서울특별시 서초구 고무래로10길 5, 2층 (반포동)",서울특별시 서초구 반포동 52-2,영업/정상
V30FEC514D287,더건강의원,강남구,medical_wellness,public_license_registry,OA-16480,의원,"외과, 정형외과, 피부과",3220000,PHMA120163220033041100203,"서울특별시 강남구 봉은사로38길 12, 4,5층 (역삼동)",서울특별시 강남구 역삼동 655번지 26호,영업/정상
V3145C72A9881,반듯핏,강남구,exercise_body,public_license_registry,OA-16142,체력단련장업,,3220000,CDFH3301062017000034,"서울특별시 강남구 선릉로145길 5-12, 2층 (논현동, 상조빌딩)",서울특별시 강남구 논현동 101-8,영업/정상
V3159B2DFCE7E,서초한의원,서초구,medical_wellness,public_license_registry,OA-16480,한의원,"한방내과, 한방부인과, 한방소아과, 한방안?이비인후?피부과, 한방신경정신과, 한방재활의학과, 사상체질과, 침구과",3210000,PHMA119903210034041100005,"서울특별시 서초구 반포대로 67, 1층 (서초동, 서울빌딩)",서울특별시 서초구 서초동 1536번지 14호 서울빌딩 1층,영업/정상
V3180DA1DAACA,제임스짐,강남구,relax_recovery,public_license_registry,OA-16146,목욕장업 기타,,3220000,3220000-202-2002-00009,서울특별시 강남구 영동대로 513 (삼성동),서울특별시 강남구 삼성동 159-9 도심공항타워 B20호(제임스짐 휘트니스 내),영업/정상
V31876D1F96A2,슈나이더 짐,송파구,exercise_body,public_license_registry,OA-16142,체력단련장업,,3230000,CDFH3301062002000019,서울특별시 송파구 동남로 110 (문정동),"서울특별시 송파구 문정동 29-24 3,4층",영업/정상
V31CF9032AF2E,피지오스튜디오 필라테스&PT 압구정점,강남구,exercise_body,public_license_registry,OA-16142,체력단련장업,,3220000,CDFH3301062023000024,"서울특별시 강남구 압구정로28길 19, 한익빌딩 (신사동)",서울특별시 강남구 신사동 582-1 한익빌딩,영업/정상
V31D8D41B89C5,주식회사 닥터핏,강남구,exercise_body,public_license_registry,OA-16142,체력단련장업,,3220000,CDFH3301062024000012,"서울특별시 강남구 선릉로 663, 2층 (논현동)",서울특별시 강남구 논현동 242-31,영업/정상
V31FB6748D64F,워터웍스 짐앤풀,강남구,exercise_body,public_license_registry,OA-16142,체력단련장업,,3220000,CDFH3301062024000014,"서울특별시 강남구 선릉로157길 20-5, 신사빌딩 지하1층 (신사동)",서울특별시 강남구 신사동 663-7 신사빌딩,영업/정상
V32016B13D0A9,프로닉(PRONIC),송파구,exercise_body,public_license_registry,OA-16142,체력단련장업,,3230000,CDFH3301062022000024,"서울특별시 송파구 석촌호수로 106, 한경빌딩 3층 (잠실동)",서울특별시 송파구 잠실동 242-3 한경빌딩,영업/정상
V32038795676A,(주)더프리마,강남구,exercise_body,public_license_registry,OA-16142,체력단련장업,,3220000,CDFH3301062007000014,서울특별시 강남구 도산대로102길 10 (청담동),서울특별시 강남구 청담동 56-17,영업/정상
V32654E7067B7,청안한의원,서초구,medical_wellness,public_license_registry,OA-16480,한의원,"한방내과, 한방부인과, 한방소아과, 한방안?이비인후?피부과, 한방신경정신과, 한방재활의학과, 사상체질과, 침구과",3210000,PHMA120103210034041100033,"서울특별시 서초구 서초대로46길 109, 3층 (서초동)",,영업/정상
V32831A7CBE30,스피드순환운동,서초구,exercise_body,public_license_registry,OA-16142,체력단련장업,,3210000,CDFH3301062005000001,"서울특별시 서초구 바우뫼로 106  (양재동,(2층))",서울특별시 서초구 양재동 103-0 (2층),영업/정상
V328896CB0D46,양재청우한의원,강남구,medical_wellness,public_license_registry,OA-16480,한의원,"한방내과, 한방부인과, 한방소아과, 한방안?이비인후?피부과, 한방신경정신과, 한방재활의학과, 사상체질과, 침구과",3220000,PHMA120223220033041100020,"서울특별시 강남구 남부순환로 2615, 310, 311호 (도곡동, 극동스타클래스)",,영업/정상
V32A6F9A40B57,(주)엠알티핏,송파구,exercise_body,public_license_registry,OA-16142,체력단련장업,,3230000,CDFH3301062024000018,"서울특별시 송파구 석촌호수로 84, 지하1층 (잠실동)",서울특별시 송파구 잠실동 209-2 지하1층,영업/정상
V32C8F925B276,만수무강한의원,강남구,medical_wellness,public_license_registry,OA-16480,한의원,"한방내과, 한방부인과, 한방소아과, 한방안?이비인후?피부과, 한방신경정신과, 한방재활의학과, 사상체질과, 침구과",3220000,PHMA120193220033041100040,"서울특별시 강남구 테헤란로13길 10, 2층 (역삼동)",서울특별시 강남구 역삼동 647번지 8호 2층,영업/정상
V32D078C7DEC0,주식회사 잠실투엑스휘트니스,송파구,relax_recovery,public_license_registry,OA-16146,목욕장업 기타,,3230000,3230000-202-2016-00002,"서울특별시 송파구 송파대로28길 27, 지하1층 (가락동)",서울특별시 송파구 가락동 80,영업/정상
V32E3E8A3E02D,로하셀한의원,강남구,medical_wellness,public_license_registry,OA-16480,한의원,"한방내과, 한방부인과, 한방소아과, 한방안?이비인후?피부과, 한방신경정신과, 한방재활의학과, 사상체질과, 침구과",3220000,PHMA120173220033041100033,"서울특별시 강남구 테헤란로 111, 703호 (역삼동, 대건빌딩)",서울특별시 강남구 역삼동 822번지 5호 대건빌딩 703,영업/정상
V32F1177486E7,맑은미소한의원,서초구,medical_wellness,public_license_registry,OA-16480,한의원,"한방내과, 한방부인과, 한방소아과, 한방안?이비인후?피부과, 한방신경정신과, 한방재활의학과, 사상체질과, 침구과",3210000,PHMA120113210034041100054,"서울특별시 서초구 반포대로 108, 3층 (서초동, 양원빌딩)",,영업/정상
V3316273BD501,제로원짐 헬스&PT 언주역점,강남구,exercise_body,public_license_registry,OA-16142,체력단련장업,,3220000,CDFH3301062022000033,"서울특별시 강남구 논현로113길 13, 지하1층 (논현동)",서울특별시 강남구 논현동 193-8,영업/정상
V331BC7687795,PREMIUM 가온태권GYM(481),강남구,exercise_body,public_license_registry,OA-16142,체력단련장업,,3220000,CDFH3301062016000052,"서울특별시 강남구 학동로68길 7, 209,210호 (삼성동, 삼성동힐스테이트)",,영업/정상
V333FC5B09592,더 랩스 피트니스 삼전,송파구,exercise_body,public_license_registry,OA-16142,체력단련장업,,3230000,CDFH3301062015000019,"서울특별시 송파구 삼전로 46 (삼전동, 삼삼빌딩)",서울특별시 송파구 삼전동 33,영업/정상
V3347680581FC,아나파신경과의원,서초구,medical_wellness,public_license_registry,OA-16480,의원,"내과, 신경과, 정형외과, 마취통증의학과, 가정의학과",3210000,PHMA120153210034041100053,"서울특별시 서초구 반포대로30길 81, 5층 501호 (서초동)",,영업/정상
V334BF83F6BE4,오요재한의원,서초구,medical_wellness,public_license_registry,OA-16480,한의원,"한방내과, 한방부인과, 한방소아과, 한방안?이비인후?피부과, 한방신경정신과, 한방재활의학과, 사상체질과, 침구과",3210000,PHMA120063210034041100008,"서울특별시 서초구 나루터로 43, 4층 (잠원동, 신사스포츠센터)",,영업/정상
V33525E1B1D94,AR휘트니스,송파구,exercise_body,public_license_registry,OA-16142,체력단련장업,,3230000,CDFH3301062020000017,"서울특별시 송파구 양산로 40, 지하1층, 지상7층 2층 201호 (거여동)",서울특별시 송파구 거여동 566,영업/정상
V335DE87C3150,자연과한의원,강남구,medical_wellness,public_license_registry,OA-16480,한의원,"한방내과, 한방부인과, 한방소아과, 한방안?이비인후?피부과, 한방신경정신과, 한방재활의학과, 사상체질과, 침구과",3220000,PHMA120103220033041100246,"서울특별시 강남구 테헤란로 109 (역삼동, 강남제일빌딩10층일부)",서울특별시 강남구 역삼동 822번지 4호 강남제일빌딩 10층일부,영업/정상
V337A8AB6C895,주식회사 바이스앤,강남구,exercise_body,public_license_registry,OA-16142,체력단련장업,,3220000,CDFH3301062024000048,"서울특별시 강남구 논현로26길 8, B1층 (도곡동)",서울특별시 강남구 도곡동 449-2,영업/정상
V337B65907130,정피티,강남구,exercise_body,public_license_registry,OA-16142,체력단련장업,,3220000,CDFH3301062025000012,"서울특별시 강남구 논현로175길 61, 3층 (신사동)",서울특별시 강남구 신사동 550-9,영업/정상
V3384F79EAFCF,테디짐PT 강남점,서초구,exercise_body,public_license_registry,OA-16142,체력단련장업,,3210000,CDFH3301062023000015,"서울특별시 서초구 사임당로 151, 대한무지개종합상가 3층 301호 (서초동)",서울특별시 서초구 서초동 1332-2 대한무지개종합상가,영업/정상
V33862AA5D127,아름다운여성한의원,강남구,medical_wellness,public_license_registry,OA-16480,한의원,"한방내과, 한방부인과, 한방소아과, 한방안?이비인후?피부과, 한방신경정신과, 한방재활의학과, 사상체질과, 침구과",3220000,PHMA120103220033041100023,"서울특별시 강남구 선릉로86길 17 (대치동, 선릉 MT 빌딩 401,402호)","서울특별시 강남구 대치동 889번지 72호 401,402호",영업/정상
V3399A6CB0842,청아연한의원,강남구,medical_wellness,public_license_registry,OA-16480,한의원,"한방내과, 한방부인과, 한방안?이비인후?피부과, 한방재활의학과, 사상체질과, 침구과",3220000,PHMA120213220033041100043,"서울특별시 강남구 강남대로 584, 성일빌딩 2층 (논현동)","서울특별시 강남구 논현동 18-4 성일빌딩,  2층일부",영업/정상
V33DF51A20FC0,피트니스 메이트,강남구,exercise_body,public_license_registry,OA-16142,체력단련장업,,3220000,CDFH3301062011000010,"서울특별시 강남구 개포로 615 (개포동,석탑프라자 7층)",서울특별시 강남구 개포동 12-4 석탑프라자 7층,영업/정상
V33EE28301B55,신수림한의원,강남구,medical_wellness,public_license_registry,OA-16480,한의원,"한방내과, 한방부인과, 한방소아과, 한방안?이비인후?피부과, 한방신경정신과, 한방재활의학과, 사상체질과, 침구과",3220000,PHMA120183220033041100044,"서울특별시 강남구 강남대로 342, 역삼빌딩 2층 202호 (역삼동)",,영업/정상
V34039C30914A,군인공제회관 M 스포렉스,강남구,exercise_body,public_license_registry,OA-16142,체력단련장업,,3220000,CDFH3301062010000025,"서울특별시 강남구 남부순환로 2806 (도곡동,군인공제회 지하1층)",서울특별시 강남구 도곡동 467-12 군인공제회 지하1층,영업/정상
V3410A263115E,태을한의원,서초구,medical_wellness,public_license_registry,OA-16480,한의원,"한방내과, 한방부인과, 한방소아과, 한방안?이비인후?피부과, 한방신경정신과, 한방재활의학과, 사상체질과, 침구과",3210000,PHMA119923210034041100020,"서울특별시 서초구 효령로60길 15, 3층 (서초동, 풍원빌딩)",,영업/정상
V341BD303AC39,베네짐 삼전점,송파구,relax_recovery,public_license_registry,OA-16146,찜질시설서비스영업,,3230000,3230000-202-2026-00001,"서울특별시 송파구 백제고분로 229, 지하1층 (삼전동)",서울특별시 송파구 삼전동 9-8,영업/정상
V34225C573F39,헬스토피아(WE),송파구,exercise_body,public_license_registry,OA-16142,체력단련장업,,3230000,CDFH3301062017000008,서울특별시 송파구 삼학사로 30 (주)크레송 지하층 (석촌동),서울특별시 송파구 석촌동 217-3 (주)크레송,영업/정상
V3448F39A8364,동춘한의원,강남구,medical_wellness,public_license_registry,OA-16480,한의원,"한방내과, 한방부인과, 한방소아과, 한방안?이비인후?피부과, 한방신경정신과, 한방재활의학과, 사상체질과, 침구과",3220000,PHMA120013220033041101822,"서울특별시 강남구 학동로 213, 제현빌딩 2층 (논현동)",서울특별시 강남구 논현동 88-8 제현빌딩,영업/정상
V344C3309C0B3,성모라임가정의학과의원,서초구,medical_wellness,public_license_registry,OA-16480,의원,"내과, 신경과, 정신건강의학과, 정형외과, 산부인과, 소아청소년과, 안과, 이비인후과, 피부과, 비뇨의학과, 가정의학과",3210000,PHMA120233210034041100048,"서울특별시 서초구 서초대로 331, 정우빌딩 5층 (서초동)",서울특별시 서초구 서초동 1689-1 정우빌딩,영업/정상
V3469F2763432,보명한의원,송파구,medical_wellness,public_license_registry,OA-16480,한의원,"한방내과, 한방부인과, 한방소아과, 한방안?이비인후?피부과, 한방신경정신과, 한방재활의학과, 사상체질과, 침구과",3230000,PHMA120043230034041101212,"서울특별시 송파구 오금로32길 28 (송파동, 수정상가 2층 202호)",서울특별시 송파구 송파동 163번지 20호 수정상가 2층 202호,영업/정상
V3489EF631EBE,성지연,강남구,relax_recovery,public_license_registry,OA-16146,공동탕업,,3220000,3220000-202-2003-00020,"서울특별시 강남구 테헤란로 313 (역삼동,성지하이츠빌딩 지하2층)",서울특별시 강남구 역삼동 702-13 성지하이츠빌딩 지하2층,영업/정상
V34C621D8CD6F,세영 여성전용사우나,송파구,relax_recovery,public_license_registry,OA-16146,공동탕업,,3230000,3230000-202-2003-00034,서울특별시 송파구 석촌호수로 138 (삼전동),서울특별시 송파구 삼전동 22-1,영업/정상
V34F5A7FF7DB4,한가족한의원,송파구,medical_wellness,public_license_registry,OA-16480,한의원,"한방내과, 한방부인과, 한방소아과, 한방안?이비인후?피부과, 한방신경정신과, 한방재활의학과, 사상체질과, 침구과",3230000,PHMA120053230034041101307,"서울특별시 송파구 마천로41길 21 (마천동,2층)",서울특별시 송파구 마천2동 135번지 5호 2층,영업/정상
V351E7B64BB60,ATP,강남구,exercise_body,public_license_registry,OA-16142,체력단련장업,,3220000,CDFH3301062025000030,"서울특별시 강남구 선릉로107길 7, 3층 (역삼동)",서울특별시 강남구 역삼동 683-39,영업/정상
V357DF962C5EA,더바른정형외과의원,송파구,medical_wellness,public_license_registry,OA-16480,의원,"내과, 정형외과, 마취통증의학과, 재활의학과",3230000,PHMA120143230034041100051,"서울특별시 송파구 마천로 29, 2층,3층 (방이동)",서울특별시 송파구 방이동 208번지 3호,영업/정상
V358D34559FF6,머슬맥스튜디오(284),강남구,exercise_body,public_license_registry,OA-16142,체력단련장업,,3220000,CDFH3301062012000009,"서울특별시 강남구 도산대로 134, B02호 (논현동,페이토빌딩)",서울특별시 강남구 논현동 5 페이토빌딩 B02호,영업/정상
V35C808609F02,Gym moment,강남구,exercise_body,public_license_registry,OA-16142,체력단련장업,,3220000,CDFH3301062023000049,"서울특별시 강남구 논현로28길 42, B1층 (도곡동)",서울특별시 강남구 도곡동 423-7,영업/정상
V35E8F4052721,송파홍신경과의원,송파구,medical_wellness,public_license_registry,OA-16480,의원,"내과, 신경과, 정신건강의학과, 정형외과, 신경외과, 재활의학과",3230000,PHMA120263230034041100054,"서울특별시 송파구 오금로 489, 위메스타워 2층 (거여동)",서울특별시 송파구 거여동 21-11 위메스타워,영업/정상
V35F95ACA9716,파프짐 도곡점,강남구,exercise_body,public_license_registry,OA-16142,체력단련장업,,3220000,CDFH3301062012000044,서울특별시 강남구 언주로30길 27 (도곡동),서울특별시 강남구 도곡동 467-10 우성리빙텔 B101호,영업/정상
V3627A1DBE4A9,이안한의원,강남구,medical_wellness,public_license_registry,OA-16480,한의원,"한방내과, 한방부인과, 한방소아과, 한방안?이비인후?피부과, 한방신경정신과, 한방재활의학과, 사상체질과, 침구과",3220000,PHMA120223220033041100016,"서울특별시 강남구 삼성로 651, 5층 (삼성동, 래미안 라클래시)",서울특별시 강남구 삼성동 189 래미안 라클래시 5층,영업/정상
V362F1A36A926,서울이즈정형외과의원,서초구,medical_wellness,public_license_registry,OA-16480,의원,"내과, 정형외과, 신경외과, 마취통증의학과, 재활의학과",3210000,PHMA120213210034041100014,"서울특별시 서초구 서초중앙로 130, 6층 (서초동)",서울특별시 서초구 서초동 1672-9,영업/정상
V364291318472,HAVEN,서초구,exercise_body,public_license_registry,OA-16142,체력단련장업,,3210000,CDFH3301062015000012,"서울특별시 서초구 서초중앙로28길 6, 4층 (서초동)",서울특별시 서초구 서초동 1698-1,영업/정상
V3680A6BAB860,위드유한의원,강남구,medical_wellness,public_license_registry,OA-16480,한의원,"한방내과, 한방부인과, 한방소아과, 한방안?이비인후?피부과, 한방신경정신과, 한방재활의학과",3220000,PHMA120113220033041100148,"서울특별시 강남구 남부순환로 2609, 하늘빌딩, 6층 일부 (도곡동)",,영업/정상
V368D7B46E960,발리토탈휘트니스,서초구,exercise_body,public_license_registry,OA-16142,체력단련장업,,3210000,CDFH3301062003000006,"서울특별시 서초구 강남대로61길 23  (서초동,오르시떼빌딩 2층)",서울특별시 서초구 서초동 1316-15 오르시떼빌딩 2층,영업/정상
V36A1B10E1F09,아토파인한의원,서초구,medical_wellness,public_license_registry,OA-16480,한의원,"한방내과, 한방부인과, 한방소아과, 한방안?이비인후?피부과, 한방신경정신과, 한방재활의학과, 사상체질과, 침구과",3210000,PHMA120003210034041100012,"서울특별시 서초구 서초대로 304, 강한미크리닉빌딩 4층 (서초동)",서울특별시 서초구 서초동 1673번지 2호 강한미크리닉빌딩,영업/정상
V36BDDA562084,수정찜질방,서초구,relax_recovery,public_license_registry,OA-16146,공동탕업+찜질시설서비스영업,,3210000,3210000-202-2010-00002,"서울특별시 서초구 동광로 43, 지하 1층 (방배동)",서울특별시 서초구 방배동 792-10 지하 1층,영업/정상
V36BE7B41B148,프로짐,강남구,exercise_body,public_license_registry,OA-16142,체력단련장업,,3220000,CDFH3301062020000037,"서울특별시 강남구 선릉로 655, 성부빌딩 2, 3층 (논현동)",서울특별시 강남구 논현동 242-51 성부빌딩,영업/정상
V36C77A1C8E39,이음여성한의원,서초구,medical_wellness,public_license_registry,OA-16480,한의원,"한방내과, 한방부인과, 한방소아과, 한방안?이비인후?피부과, 한방신경정신과, 한방재활의학과, 사상체질과, 침구과",3210000,PHMA120133210034041100084,"서울특별시 서초구 서초대로51길 9, 4층 (서초동)",서울특별시 서초구 서초동 1694-14,영업/정상
V36C7ACE2DCE2,(주)굿리프트,송파구,exercise_body,public_license_registry,OA-16142,체력단련장업,,3230000,CDFH3301062024000029,"서울특별시 송파구 위례광장로 230, 제상가 2동 제2층 제비 201호 (장지동, 위례2차아이파크)",서울특별시 송파구 장지동 884 위례2차아이파크,영업/정상
V36EBB5D18050,탑,서초구,exercise_body,public_license_registry,OA-16142,체력단련장업,,3210000,CDFH3301062003000005,"서울특별시 서초구 효령로53길 45  (서초동,서초이오빌 지1층)",서울특별시 서초구 서초동 1593-7 서초이오빌 지1층,영업/정상
V36F441BB184E,태흥당한의원,서초구,medical_wellness,public_license_registry,OA-16480,한의원,"한방내과, 한방부인과, 한방소아과, 한방안?이비인후?피부과, 한방신경정신과, 한방재활의학과, 사상체질과, 침구과",3210000,PHMA120223210034041100095,"서울특별시 서초구 효령로 120, 6층 (방배동)",,영업/정상
V36FC1F71ECE3,굿발란스 연세의원,서초구,medical_wellness,public_license_registry,OA-16480,의원,"정형외과, 마취통증의학과, 재활의학과",3210000,PHMA120223210034041100040,"서울특별시 서초구 강남대로 589, 4층 402호 (잠원동)",서울특별시 서초구 잠원동 27-2,영업/정상
V36FDAA1F32EB,올핏 운동헬스케어 매니지먼트,서초구,exercise_body,public_license_registry,OA-16142,체력단련장업,,3210000,CDFH3301062016000014,"서울특별시 서초구 서운로 18, 지하1층 (서초동, 영진빌딩)",서울특별시 서초구 서초동 1364-2,영업/정상
V370DB993654D,나만의 짐 프라이빗 대관&PT 교대점,서초구,exercise_body,public_license_registry,OA-16142,체력단련장업,,3210000,CDFH3301062024000019,"서울특별시 서초구 사임당로 31, 궁현빌딩 지하1층 (서초동)",서울특별시 서초구 서초동 1579-5 궁현빌딩,영업/정상
V3754532C1744,아이디얼핏,송파구,exercise_body,public_license_registry,OA-16142,체력단련장업,,3230000,CDFH3301062014000009,"서울특별시 송파구 삼학사로 100, 3층 (석촌동, 그랜드빌딩)",서울특별시 송파구 석촌동 1 그랜드빌딩 3층,영업/정상
V3755B0E4B9CA,베스트웰김진왕성형외과의원,강남구,medical_wellness,public_license_registry,OA-16480,의원,"내과, 신경과, 정신건강의학과, 외과, 정형외과, 마취통증의학과, 산부인과, 이비인후과, 피부과, 재활의학과",3220000,PHMA120083220033041101074,"서울특별시 강남구 압구정로 310, 고려빌딩 (301호일부,302호일부) (신사동)",서울특별시 강남구 신사동 638-5 고려빌딩,영업/정상
V378EE1C2B018,엠휘트니스,강남구,exercise_body,public_license_registry,OA-16142,체력단련장업,,3220000,CDFH3301062010000013,"서울특별시 강남구 논현로 841 (신사동,미소빌딩 지하2층)",서울특별시 강남구 신사동 583-3 미소빌딩 지하2층,영업/정상
V37967E8C8C79,송파길신경외과의원,송파구,medical_wellness,public_license_registry,OA-16480,의원,"내과, 정형외과, 신경외과, 소아청소년과, 이비인후과, 피부과, 비뇨의학과, 재활의학과, 가정의학과",3230000,PHMA120033230034041101152,"서울특별시 송파구 백제고분로50길 28, 보광빌딩 2,3층 (방이동)","서울특별시 송파구 방이동 155번지 보광빌딩  2,3층",영업/정상
V37B4AD1ED40B,라인에 반하다(305),강남구,exercise_body,public_license_registry,OA-16142,체력단련장업,,3220000,CDFH3301062012000031,"서울특별시 강남구 남부순환로 2912  (대치동,그랑프리엔상가 301호)",서울특별시 강남구 대치동 500 그랑프리엔상가 301호,영업/정상
V37BFA2E6BEF4,의료법인일맥의료재단 송파인애가의원,송파구,medical_wellness,public_license_registry,OA-16480,의원,"내과, 정형외과, 신경외과, 소아청소년과, 재활의학과",3230000,PHMA119993230034041100854,"서울특별시 송파구 문정로 65, 인애가한방병원 지하1층,3층,4층 (문정동)",서울특별시 송파구 문정동 17번지 5호 인애가한방병원,영업/정상
V37D3505ACE2C,커브스거여클럽,송파구,exercise_body,public_license_registry,OA-16142,체력단련장업,,3230000,CDFH3301062012000010,"서울특별시 송파구 오금로 507, 거여빌딩 5층 501호 (거여동)",서울특별시 송파구 거여동 37-3 거여빌딩,영업/정상
V37D49D23FA88,모어댄 피트니스(More Than Fitness),강남구,exercise_body,public_license_registry,OA-16142,체력단련장업,,3220000,CDFH3301062025000031,"서울특별시 강남구 봉은사로72길 6, 지하1층 (삼성동)",서울특별시 강남구 삼성동 115-32,영업/정상
V37E155063A27,THE FLOW 더플로우,서초구,exercise_body,public_license_registry,OA-16142,체력단련장업,,3210000,CDFH3301062026000011,"서울특별시 서초구 방배로15길 22, 2층 (방배동)",서울특별시 서초구 방배동 926-30,영업/정상
V37F31700AAF6,모즈메디짐(409),강남구,exercise_body,public_license_registry,OA-16142,체력단련장업,,3220000,CDFH3301062015000011,"서울특별시 강남구 압구정로80길 35, 5층 (청담동)",서울특별시 강남구 청담동 92-22 5층,영업/정상
V381479B358D1,바디스펙트럼,서초구,exercise_body,public_license_registry,OA-16142,체력단련장업,,3210000,CDFH3301062020000002,"서울특별시 서초구 강남대로 359, 대우도씨에빛2 3층 311,312호 (서초동)",서울특별시 서초구 서초동 1328-11 대우도씨에빛2,영업/정상
V38159707BA98,도균한의원,서초구,medical_wellness,public_license_registry,OA-16480,한의원,"한방내과, 한방부인과, 한방소아과, 한방안?이비인후?피부과, 한방신경정신과, 한방재활의학과, 사상체질과, 침구과",3210000,PHMA120113210034041100051,"서울특별시 서초구 방배로 146, 2층 (방배동)",,영업/정상
V382AD100138D,강남약손한의원,강남구,medical_wellness,public_license_registry,OA-16480,한의원,"한방내과, 한방부인과, 한방소아과, 한방안?이비인후?피부과, 한방신경정신과, 한방재활의학과, 사상체질과, 침구과",3220000,PHMA120053220033041101918,"서울특별시 강남구 언주로 405, 203,204호 (역삼동)","서울특별시 강남구 역삼동 730번지 5호 203, 204호",영업/정상
V3833601F80E4,더케이메디한진우한의원,강남구,medical_wellness,public_license_registry,OA-16480,한의원,"한방내과, 한방부인과, 한방소아과, 한방안?이비인후?피부과, 한방신경정신과, 한방재활의학과, 사상체질과, 침구과",3220000,PHMA120263220033041100104,"서울특별시 강남구 압구정로36길 12, 메디컬뱅크 5층 (신사동)",서울특별시 강남구 신사동 620-1 메디컬뱅크 5층,영업/정상
V383536A0164A,춘하추동한의원,송파구,medical_wellness,public_license_registry,OA-16480,한의원,"한방내과, 한방부인과, 한방소아과, 한방안?이비인후?피부과, 한방신경정신과, 한방재활의학과, 사상체질과, 침구과",3230000,PHMA120163230034041100006,"서울특별시 송파구 양재대로 932, 가락동 농수산물도매시장 가락몰업무동 5층 16호 (가락동)",,영업/정상
V386BAEA78E8D,연세오케이마취통증의학과의원,강남구,medical_wellness,public_license_registry,OA-16480,의원,"정형외과, 신경외과, 마취통증의학과, 재활의학과",3220000,PHMA120123220033041100218,"서울특별시 강남구 선릉로 517, 비젼빌딩 2, 3층 (역삼동)","서울특별시 강남구 역삼동 696-43 비젼빌딩 2, 3층",영업/정상
V38836ABAA8A2,가락한의원,송파구,medical_wellness,public_license_registry,OA-16480,한의원,"한방내과, 한방부인과, 한방소아과, 한방안?이비인후?피부과, 한방신경정신과, 한방재활의학과, 사상체질과, 침구과",3230000,PHMA119883230034041100198,"서울특별시 송파구 송파대로 286, 신흥빌딩 1층 일부2칸호 (가락동)",서울특별시 송파구 가락동 96-12 신흥빌딩,영업/정상
V388BC3B797AA,206짐,강남구,exercise_body,public_license_registry,OA-16142,체력단련장업,,3220000,CDFH3301062020000027,"서울특별시 강남구 삼성로 605, 청송빌딩 (삼성동)",서울특별시 강남구 삼성동 51 청송빌딩,영업/정상
V38B13A0D974B,(의)성광의료재단 차움의원,강남구,medical_wellness,public_license_registry,OA-16480,의원,"내과, 신경과, 정신건강의학과, 외과, 정형외과, 신경외과, 성형외과, 산부인과, 피부과, 비뇨의학과, 영상의학과, 진단검사의학과, 재활의학과, 가정의학과",3220000,PHMA120103220033041100140,"서울특별시 강남구 도산대로 442, 피엔폴루스 2층일부, 3층일부 (청담동)","서울특별시 강남구 청담동 4-1 피엔폴루스 2층일부, 3층일부",영업/정상
V38FA15A1B1E8,명쾌한한의원,송파구,medical_wellness,public_license_registry,OA-16480,한의원,"한방내과, 한방부인과, 한방소아과, 한방안?이비인후?피부과, 한방신경정신과, 한방재활의학과, 사상체질과, 침구과",3230000,PHMA120163230034041100058,"서울특별시 송파구 송파대로 425, 3층 (석촌동)",서울특별시 송파구 석촌동 286-3,영업/정상
V39101AAC6BDE,트라이포드스포츠 (TPS Ground),강남구,exercise_body,public_license_registry,OA-16142,체력단련장업,,3220000,CDFH3301062024000021,"서울특별시 강남구 언주로172길 29, 2층 (신사동)",서울특별시 강남구 신사동 640-5,영업/정상
V39187519A315,Gym 360+,서초구,exercise_body,public_license_registry,OA-16142,체력단련장업,,3210000,CDFH3301062014000022,"서울특별시 서초구 서래로3길 3 (반포동, 3층)",서울특별시 서초구 반포동 97-8 3층,영업/정상
V393D9016236A,맑은샘한의원,강남구,medical_wellness,public_license_registry,OA-16480,한의원,"한방내과, 한방부인과, 한방소아과, 한방안?이비인후?피부과, 한방신경정신과, 한방재활의학과, 사상체질과, 침구과",3220000,PHMA120043220033041101886,"서울특별시 강남구 광평로51길 8, 로얄프라자 306호 (수서동)",,영업/정상
V396AD154E433,방배휘트니스클럽,서초구,exercise_body,public_license_registry,OA-16142,체력단련장업,,3210000,CDFH3301062002000007,"서울특별시 서초구 동광로 69  (방배동,2층)",서울특별시 서초구 방배동 795-23 2층,영업/정상
V39B70BBA49A9,플러스마이너스한의원,서초구,medical_wellness,public_license_registry,OA-16480,한의원,"한방내과, 한방부인과, 한방소아과, 한방안?이비인후?피부과, 한방신경정신과, 한방재활의학과, 사상체질과, 침구과",3210000,PHMA120143210034041100083,"서울특별시 서초구 반포대로 306, 우진빌딩 302호 (잠원동)",서울특별시 서초구 잠원동 76번지 4호 우진빌딩 302호,영업/정상
V39D9A74821F1,화이팅정형외과의원,강남구,medical_wellness,public_license_registry,OA-16480,의원,"정형외과, 신경외과, 마취통증의학과, 영상의학과, 재활의학과",3220000,PHMA120183220033041100037,"서울특별시 강남구 테헤란로 146, 현익빌딩 5,6층 (역삼동)",,영업/정상
V39E02DBBBD93,짐박스피트니스 잠실새내점,송파구,exercise_body,public_license_registry,OA-16142,체력단련장업,,3230000,CDFH3301062025000012,"서울특별시 송파구 올림픽로 114, 서경빌딩 지하1층 (잠실동)",서울특별시 송파구 잠실동 184 서경빌딩,영업/정상
V39E8D4C76F85,경희궁전한의원,서초구,medical_wellness,public_license_registry,OA-16480,한의원,"한방내과, 한방부인과, 한방소아과, 한방안?이비인후?피부과, 한방신경정신과, 한방재활의학과, 사상체질과, 침구과",3210000,PHMA120193210034041100048,"서울특별시 서초구 반포대로21길 17, 선업빌딩 2층 (서초동)",,영업/정상
V39F032C85111,차서한의원,강남구,medical_wellness,public_license_registry,OA-16480,한의원,"한방내과, 한방부인과, 한방소아과, 한방안?이비인후?피부과, 한방신경정신과, 한방재활의학과, 사상체질과, 침구과",3220000,PHMA120143220033041100055,"서울특별시 강남구 남부순환로 2732, 6층 (도곡동)",서울특별시 강남구 도곡동 411-17,영업/정상
V3A16ED1CD96F,KANG GYM,강남구,exercise_body,public_license_registry,OA-16142,체력단련장업,,3220000,CDFH3301062023000038,"서울특별시 강남구 선릉로 206, 상가동 B11호 (대치동, 동부센트레빌)",서울특별시 강남구 대치동 670 동부센트레빌,영업/정상
V3A37A4F2FA28,압구정 라이크짐 2호점,강남구,exercise_body,public_license_registry,OA-16142,체력단련장업,,3220000,CDFH3301062024000011,"서울특별시 강남구 논현로176길 22, B1층 (신사동)",서울특별시 강남구 신사동 613-2,영업/정상
V3AA546FBF11C,펜트힐 사우나,강남구,relax_recovery,public_license_registry,OA-16146,공동탕업+찜질시설서비스영업,,3220000,3220000-202-2021-00008,"서울특별시 강남구 언주로 641, 지하2층 (논현동)",서울특별시 강남구 논현동 211-21,영업/정상
V3AC0EFDED458,가로세로한의원,서초구,medical_wellness,public_license_registry,OA-16480,한의원,"한방내과, 한방부인과, 한방소아과, 한방안?이비인후?피부과, 한방신경정신과, 한방재활의학과, 사상체질과, 침구과",3210000,PHMA120013210034041100009,"서울특별시 서초구 서초중앙로24길 19, 6층 (서초동, 나라빌딩)",,영업/정상
V3AC85A7F39F5,운동하는날,서초구,exercise_body,public_license_registry,OA-16142,체력단련장업,,3210000,CDFH3301062019000017,"서울특별시 서초구 바우뫼로6길 16, 2층 (우면동)",서울특별시 서초구 우면동 7-2,영업/정상
V3AD4318EACDE,경희일송한의원,강남구,medical_wellness,public_license_registry,OA-16480,한의원,"한방내과, 한방부인과, 한방소아과, 한방안?이비인후?피부과, 한방신경정신과, 한방재활의학과, 사상체질과, 침구과",3220000,PHMA120163220033041100025,"서울특별시 강남구 자곡로 120, 4층 406,407호 (자곡동, 세곡드림프라자)","서울특별시 강남구 자곡동 638번지 세곡드림프라자 406,407호",영업/정상
V3ADA5313DEDB,Piot Fitness,강남구,exercise_body,public_license_registry,OA-16142,체력단련장업,,3220000,CDFH3301062023000008,"서울특별시 강남구 영동대로 730, 지하1층 (청담동)",서울특별시 강남구 청담동 131-11,영업/정상
V3AF5EFA248DB,그린짐,서초구,exercise_body,public_license_registry,OA-16142,체력단련장업,,3210000,CDFH3301062000000003,서울특별시 서초구 효령로 36  (방배동),서울특별시 서초구 방배동 537-3,영업/정상
V3B000C20ED30,YJ FITNESS,서초구,exercise_body,public_license_registry,OA-16142,체력단련장업,,3210000,CDFH3301062022000037,"서울특별시 서초구 강남대로95길 9-25, 지하1, 1층 (잠원동)",서울특별시 서초구 잠원동 28-3 신원빌라,영업/정상
V3B8026116CFF,경희마루한의원,강남구,medical_wellness,public_license_registry,OA-16480,한의원,"한방내과, 한방부인과, 한방소아과, 한방안?이비인후?피부과, 한방신경정신과, 한방재활의학과, 사상체질과, 침구과",3220000,PHMA120173220033041100062,"서울특별시 강남구 압구정로 151, 2동 201호 (압구정동, 현대아파트)",서울특별시 강남구 압구정동 426번지 상가 2동 201호,영업/정상
V3BBFB1B4B726,본라인의원,강남구,medical_wellness,public_license_registry,OA-16480,의원,"정형외과, 피부과, 가정의학과",3220000,PHMA120153220033041100016,"서울특별시 강남구 선릉로 429, KR타워 9,10층 (역삼동)",서울특별시 강남구 역삼동 708-36 KR타워,영업/정상
V3BC39D34FB83,우면목욕탕,서초구,relax_recovery,public_license_registry,OA-16146,공동탕업,,3210000,3210000-202-1995-00174,"서울특별시 서초구 바우뫼로7길 8, 지하2층 (우면동, 세신우면종합상가)",서울특별시 서초구 우면동 66-2 세신우면종합상가 지하2층,영업/정상
V3BE637E3B165,모건필라테스&PT,강남구,exercise_body,public_license_registry,OA-16142,체력단련장업,,3220000,CDFH3301062018000011,서울특별시 강남구 도곡로93길 9 (대치동),서울특별시 강남구 대치동 986-4,영업/정상
V3BE7A9483568,스파레이,서초구,relax_recovery,public_license_registry,OA-16146,공동탕업+찜질시설서비스영업,,3210000,3210000-202-2005-00001,서울특별시 서초구 강남대로107길 5 (잠원동),서울특별시 서초구 잠원동 8-22,영업/정상
V3C37EE3DBA53,핏플로우 짐,강남구,exercise_body,public_license_registry,OA-16142,체력단련장업,,3220000,CDFH3301062017000017,"서울특별시 강남구 압구정로79길 14, 4층 (청담동)",서울특별시 강남구 청담동 120-13,영업/정상
V3C3CD84EC21C,바른선바디랩한의원,서초구,medical_wellness,public_license_registry,OA-16480,한의원,"한방내과, 한방부인과, 한방소아과, 한방안?이비인후?피부과, 한방신경정신과, 한방재활의학과, 사상체질과, 침구과",3210000,PHMA120243210034041100054,"서울특별시 서초구 강남대로95길 15, 주은빌딩 301호 (잠원동)",,영업/정상
V3C4E3AEDA18F,DOUM PT,서초구,exercise_body,public_license_registry,OA-16142,체력단련장업,,3210000,CDFH3301062022000029,"서울특별시 서초구 주흥3길 6, 연우빌딩 3층 (반포동)",서울특별시 서초구 반포동 742-18 연우빌딩,영업/정상
V3C5EE9C28145,북경백침당한의원,송파구,medical_wellness,public_license_registry,OA-16480,한의원,"한방부인과, 한방소아과, 한방안?이비인후?피부과, 한방신경정신과, 한방재활의학과, 사상체질과, 침구과",3230000,PHMA120093230034041100026,"서울특별시 송파구 석촌호수로 135 (잠실동,레이크팰리스상가 A동 309호)",서울특별시 송파구 잠실동 44번지 3호 레이크팰리스상가 A동 309호,영업/정상
V3C75CE55BF5B,파워슈로스 운동센터,서초구,exercise_body,public_license_registry,OA-16142,체력단련장업,,3210000,CDFH3301062013000009,"서울특별시 서초구 서초대로 6 (방배동, 구산빌딩 4층)",서울특별시 서초구 방배동 2999 구산빌딩 4층,영업/정상
V3C7B930B6C95,피크짐(PEAK GYM),강남구,exercise_body,public_license_registry,OA-16142,체력단련장업,,3220000,CDFH3301062024000009,"서울특별시 강남구 도산대로50길 17, B1층 (논현동)",서울특별시 강남구 논현동 95-18,영업/정상
V3C8B8C3E2BE3,천인지한의원,강남구,medical_wellness,public_license_registry,OA-16480,한의원,"한방내과, 한방부인과, 한방소아과, 한방안?이비인후?피부과, 한방신경정신과, 한방재활의학과, 사상체질과, 침구과",3220000,PHMA120203220033041100139,"서울특별시 강남구 강남대로 364, 미왕빌딩 6층 (역삼동)",서울특별시 강남구 역삼동 826-21 미왕빌딩,영업/정상
V3C92AA183A08,PT studio one,강남구,exercise_body,public_license_registry,OA-16142,체력단련장업,,3220000,CDFH3301062019000035,"서울특별시 강남구 도산대로56길 10, 루벤스 빌딩 4층 (청담동)",서울특별시 강남구 청담동 1-10,영업/정상
V3C9B4643863F,황지현재활의학과의원,서초구,medical_wellness,public_license_registry,OA-16480,의원,재활의학과,3210000,PHMA119993210034041100003,"서울특별시 서초구 서운로11길 28, 승산빌딩 2층 (서초동)",서울특별시 서초구 서초동 1342-13 승산빌딩,영업/정상
V3C9BCA1A6836,이너뷰한의원,강남구,medical_wellness,public_license_registry,OA-16480,한의원,"한방내과, 한방부인과, 한방소아과, 한방안?이비인후?피부과, 한방신경정신과, 한방재활의학과, 사상체질과, 침구과, 한방응급과",3220000,PHMA120133220033041100198,"서울특별시 강남구 영동대로 708, 3층 (청담동, 정화빌딩)",,영업/정상
V3CC0C719D445,행복한이야기한의원,강남구,medical_wellness,public_license_registry,OA-16480,한의원,"한방내과, 한방부인과, 한방소아과, 한방안?이비인후?피부과, 한방신경정신과, 한방재활의학과, 사상체질과, 침구과",3220000,PHMA120073220033041101983,"서울특별시 강남구 개포로 265, 개포동 메디시스빌딩 302호 (개포동)",서울특별시 강남구 개포동 655-4 개포동 메디시스빌딩,영업/정상
V3CC2959ABF1E,디와이핏 DYFIT,송파구,exercise_body,public_license_registry,OA-16142,체력단련장업,,3230000,CDFH3301062022000031,"서울특별시 송파구 석촌호수로 82, 지하1층 (잠실동)",서울특별시 송파구 잠실동 209-1 지하1층,영업/정상
V3D24F2EEA37B,경희신창한의원,강남구,medical_wellness,public_license_registry,OA-16480,한의원,"한방내과, 한방부인과, 한방소아과, 한방안?이비인후?피부과, 한방신경정신과, 한방재활의학과, 사상체질과, 침구과",3220000,PHMA120073220033041102023,"서울특별시 강남구 선릉로126길 6, 4층 (삼성동)",서울특별시 강남구 삼성동 9번지 5호 4층,영업/정상
V3D4016CC6BBC,구룡목욕탕,송파구,relax_recovery,public_license_registry,OA-16146,공동탕업,,3230000,3230000-202-2003-00013,서울특별시 송파구 성내천로 265 (마천동),서울특별시 송파구 마천동 207-2,영업/정상
V3DA7B29D6F73,피트니스 신,송파구,exercise_body,public_license_registry,OA-16142,체력단련장업,,3230000,CDFH3301062021000031,"서울특별시 송파구 위례송파로 123, 상가1동 105호 (거여동, 위례포레샤인 17단지)",서울특별시 송파구 거여동 651 위례포레샤인 17단지 상가1동 105호,영업/정상
V3DA849F2EAB2,얼핏한의원,강남구,medical_wellness,public_license_registry,OA-16480,한의원,"한방내과, 한방부인과, 한방소아과, 한방안?이비인후?피부과, 한방신경정신과, 한방재활의학과, 침구과",3220000,PHMA120243220033041100028,"서울특별시 강남구 논현로85길 43, 5층 (역삼동)",,영업/정상
V3DDB368A0D9C,스피크 하이-퍼포먼스센터,송파구,exercise_body,public_license_registry,OA-16142,체력단련장업,,3230000,CDFH3301062023000015,"서울특별시 송파구 백제고분로 121, 베네빌딩 A동 지하1층 (잠실동)",서울특별시 송파구 잠실동 222-9 베네빌딩,영업/정상
V3DEE23AE20E9,바른자세 Pt짐,서초구,exercise_body,public_license_registry,OA-16142,체력단련장업,,3210000,CDFH3301062022000025,"서울특별시 서초구 신반포로23길 41, 4층 404호 (잠원동, 신반포2지구아파트)",서울특별시 서초구 잠원동 73 신반포2지구아파트,영업/정상
V3DF2329730F6,AC호텔 바이메리어트 서울강남,강남구,exercise_body,public_license_registry,OA-16142,체력단련장업,,3220000,CDFH3301062012000011,서울특별시 강남구 테헤란로25길 10 (역삼동),서울특별시 강남구 역삼동 642,영업/정상
V3DF94D3D7ABC,골든핏 프라이빗 짐(275),강남구,exercise_body,public_license_registry,OA-16142,체력단련장업,,3220000,CDFH3301062012000002,"서울특별시 강남구 언주로 807 (신사동,6층)",서울특별시 강남구 신사동 628-23 6층,영업/정상
V3E090CD912EE,팰리스한의원,강남구,medical_wellness,public_license_registry,OA-16480,한의원,"한방내과, 한방부인과, 한방소아과, 한방안?이비인후?피부과, 한방신경정신과, 한방재활의학과, 사상체질과, 침구과",3220000,PHMA120193220033041100086,"서울특별시 강남구 남부순환로 2615, 306호호 (도곡동, 극동스타클래스)",서울특별시 강남구 도곡동 957-11 극동스타클래스,영업/정상
V3E0D3151A9F5,스포테라,강남구,exercise_body,public_license_registry,OA-16142,체력단련장업,,3220000,CDFH3301062011000002,"서울특별시 강남구 영동대로 416 (대치동,코스모타워 지하2층)",서울특별시 강남구 대치동 1002 코스모타워 지하2층,영업/정상
V3E12764ED878,압구정한의원,강남구,medical_wellness,public_license_registry,OA-16480,한의원,"한방내과, 한방부인과, 한방소아과, 한방안?이비인후?피부과, 한방신경정신과, 한방재활의학과, 사상체질과, 침구과",3220000,PHMA120193220033041100051,"서울특별시 강남구 압구정로 214, 현대종합상가빌딩 203호 (신사동)",,영업/정상
V3E2D99894A7A,바디스펙트럼2,서초구,exercise_body,public_license_registry,OA-16142,체력단련장업,,3210000,CDFH3301062021000016,"서울특별시 서초구 강남대로53길 7, 강남애니타워 3층 301호 (서초동)",서울특별시 서초구 서초동 1330-20 강남애니타워,영업/정상
V3E33F0595B59,서초스포츠센터,서초구,exercise_body,public_license_registry,OA-16142,체력단련장업,,3210000,CDFH3301062023000007,"서울특별시 서초구 서운로 123, 서초스포츠센터 (서초동)",서울특별시 서초구 서초동 1325-23 서초스포츠센터,영업/정상
V3E866D6BB868,효 GYM,송파구,exercise_body,public_license_registry,OA-16142,체력단련장업,,3230000,CDFH3301062020000014,"서울특별시 송파구 백제고분로18길 10, 2층 (잠실동)",서울특별시 송파구 잠실동 316-6,영업/정상
V3ED04F0919EB,가락여성전용불한증막,송파구,relax_recovery,public_license_registry,OA-16146,공동탕업,,3230000,3230000-202-1998-00193,"서울특별시 송파구 동남로 208 (가락동, 극동아파트상가 제지하층30-33호)",서울특별시 송파구 가락동 192 극동상가제지하층30-33호,영업/정상
V3ED75643D869,라겟옴,서초구,exercise_body,public_license_registry,OA-16142,체력단련장업,,3210000,CDFH3301062021000006,"서울특별시 서초구 서초중앙로 70, 동명빌딩 3층 (서초동)",서울특별시 서초구 서초동 1624-7,영업/정상
V3EE068A955D8,성심한의원,송파구,medical_wellness,public_license_registry,OA-16480,한의원,"한방내과, 한방부인과, 한방소아과, 한방안?이비인후?피부과, 한방신경정신과, 한방재활의학과, 사상체질과, 침구과",3230000,PHMA120003230034041100929,"서울특별시 송파구 오금로31길 39, 1층 (방이동)",,영업/정상
V3EF988C05869,수은온천 대중사우나,송파구,relax_recovery,public_license_registry,OA-16146,공동탕업,,3230000,3230000-202-2003-00027,"서울특별시 송파구 석촌호수로 268 (송파동,경남레이크파크)",서울특별시 송파구 송파동 32-1 경남레이크파크,영업/정상
V3EFE303BC0B4,단우한의원,송파구,medical_wellness,public_license_registry,OA-16480,한의원,"한방내과, 한방부인과, 한방소아과, 한방안?이비인후?피부과, 한방신경정신과, 한방재활의학과, 사상체질과, 침구과",3230000,PHMA120203230034041100053,"서울특별시 송파구 가락로 168, 부성빌딩 201호 (송파동)",,영업/정상
V3F0BC4843352,위스테이 휘트니스 삼전점,송파구,exercise_body,public_license_registry,OA-16142,체력단련장업,,3230000,CDFH3301062023000038,"서울특별시 송파구 백제고분로 176, 지하1층 (잠실동)",서울특별시 송파구 잠실동 335-5,영업/정상
V3F17ECF34AF6,압구정365의원,강남구,medical_wellness,public_license_registry,OA-16480,의원,"내과, 신경과, 정신건강의학과, 외과, 정형외과, 신경외과, 심장혈관흉부외과, 마취통증의학과, 산부인과, 소아청소년과, 안과, 이비인후과, 피부과, 비뇨의학과, 영상의학과, 진단검사의학과, 재활의학과, 가정의학과",3220000,PHMA120263220033041100139,"서울특별시 강남구 논현로159길 10, 3층 (신사동)",서울특별시 강남구 신사동 567-23 3층,영업/정상
V3F367D9F990D,경희나봄한의원,송파구,medical_wellness,public_license_registry,OA-16480,한의원,"한방내과, 한방부인과, 한방소아과, 한방안?이비인후?피부과, 한방신경정신과, 한방재활의학과, 사상체질과, 침구과",3230000,PHMA120193230034041100009,"서울특별시 송파구 마천로57길 20, 2층,3층 (마천동)",,영업/정상
V3F40B0FDF2B7,당봄한의원,강남구,medical_wellness,public_license_registry,OA-16480,한의원,"한방내과, 한방부인과, 한방소아과, 한방안?이비인후?피부과, 한방신경정신과, 한방재활의학과, 사상체질과, 침구과",3220000,PHMA120203220033041100107,"서울특별시 강남구 테헤란로43길 8, KODECO TOWER 1층 (역삼동)",,영업/정상
V3F54C0084C7A,닥터웰니스의원,강남구,medical_wellness,public_license_registry,OA-16480,의원,"내과, 신경과, 외과, 정형외과, 마취통증의학과, 피부과",3220000,PHMA120103220033041100113,"서울특별시 강남구 선릉로 660 (삼성동, 브라운스톤 레전드208호)",서울특별시 강남구 삼성동 8번지 2호 브라운스톤레전드 208호,영업/정상
V3F68F53E198E,더프리비하우스,강남구,relax_recovery,public_license_registry,OA-16146,공동탕업,,3220000,3220000-202-2026-00006,"서울특별시 강남구 강남대로 330, 36층 3603호 (역삼동)",서울특별시 강남구 역삼동 832-2,영업/정상
V3F90DA20F354,경락재한의원,송파구,medical_wellness,public_license_registry,OA-16480,한의원,"한방내과, 한방부인과, 한방소아과, 한방안?이비인후?피부과, 한방신경정신과, 한방재활의학과, 사상체질과, 침구과",3230000,PHMA120183230034041100043,"서울특별시 송파구 송파대로 201, 송파 테라타워2 B동 222호 (문정동)",,영업/정상
V3FD682ED21E9,주심한의원,강남구,medical_wellness,public_license_registry,OA-16480,한의원,"한방내과, 한방부인과, 한방소아과, 한방안?이비인후?피부과, 한방신경정신과, 한방재활의학과, 사상체질과",3220000,PHMA120233220033041100104,"서울특별시 강남구 논현로28길 43, 4층 (도곡동)",서울특별시 강남구 도곡동 420-16,영업/정상
V3FDE799CBA93,알앤디 피티 앤 필라테스,서초구,exercise_body,public_license_registry,OA-16142,체력단련장업,,3210000,CDFH3301062023000025,"서울특별시 서초구 성촌1길 12, 우면삼성프라자-2 401호 (우면동)",서울특별시 서초구 우면동 687 우면삼성프라자-2,영업/정상
V3FE8307D6834,가락마취통증의학과의원,송파구,medical_wellness,public_license_registry,OA-16480,의원,"내과, 신경과, 정신건강의학과, 외과, 정형외과, 신경외과, 심장혈관흉부외과, 성형외과, 마취통증의학과, 소아청소년과, 안과, 이비인후과, 피부과, 비뇨의학과, 재활의학과, 가정의학과",3230000,PHMA120173230034041100023,"서울특별시 송파구 중대로 68, 4층 405호 (문정동, 훼미리 샤르망)",서울특별시 송파구 문정동 150번지 26호,영업/정상
V3FF9E2A83DE6,아크로짐 논현 학동역점,강남구,exercise_body,public_license_registry,OA-16142,체력단련장업,,3220000,CDFH3301062014000034,"서울특별시 강남구 논현로 752, 구산빌딩 지하1층 (논현동)",서울특별시 강남구 논현동 59-8 구산빌딩,영업/정상
V400EFA9E2EE3,웰스킨한의원,서초구,medical_wellness,public_license_registry,OA-16480,한의원,"한방내과, 한방부인과, 한방소아과, 한방안?이비인후?피부과, 한방신경정신과, 한방재활의학과, 사상체질과, 침구과",3210000,PHMA120133210034041100110,"서울특별시 서초구 반포대로 291, 원베일리 스퀘어 5층 531~534호 (반포동)",서울특별시 서초구 반포동 0 원베일리 스퀘어,영업/정상
V4017E95D354A,베스트 트레이닝 스튜디오(BTS),송파구,exercise_body,public_license_registry,OA-16142,체력단련장업,,3230000,CDFH3301062020000024,"서울특별시 송파구 송파대로 345, 3에이동 1002호 (가락동, 헬리오시티)",서울특별시 송파구 가락동 913 헬리오시티,영업/정상
V4058E3796BE5,저스트핏대치점(483),강남구,exercise_body,public_license_registry,OA-16142,체력단련장업,,3220000,CDFH3301062017000002,"서울특별시 강남구 테헤란로82길 15, 지하층 (대치동)",,영업/정상
V406993851877,뽀종월드,송파구,exercise_body,public_license_registry,OA-16142,체력단련장업,,3230000,CDFH3301062020000018,"서울특별시 송파구 백제고분로 490, 거보산업(주) 지하1층 (방이동)",서울특별시 송파구 방이동 149-9 거보산업(주),영업/정상
V407D13EF771F,하와유재활의학과의원,강남구,medical_wellness,public_license_registry,OA-16480,의원,"내과, 신경과, 외과, 정형외과, 신경외과, 마취통증의학과, 재활의학과",3220000,PHMA120183220033041100124,"서울특별시 강남구 테헤란로 109, 강남제일빌딩 2,5층 (역삼동)","서울특별시 강남구 역삼동 822번지 4호 강남제일빌딩 2층,5층",영업/정상
V407D62AED7F2,강남경희한의원,서초구,medical_wellness,public_license_registry,OA-16480,한의원,"한방내과, 한방부인과, 한방소아과, 한방안?이비인후?피부과, 한방신경정신과, 한방재활의학과, 사상체질과, 침구과",3210000,PHMA120243210034041100038,"서울특별시 서초구 강남대로53길 12, 솔라티움시티 강남 1동 6층 601호 (서초동)",,영업/정상
V4097CA68E0F3,헬스보이짐 강남고속버스터미널점,서초구,exercise_body,public_license_registry,OA-16142,체력단련장업,,3210000,CDFH3301062023000005,"서울특별시 서초구 신반포로 194, 강남고속버스터미널 본관 1,2층 (반포동)",서울특별시 서초구 반포동 19-4 강남고속버스터미널,영업/정상
V40B06B7BE568,맥스 퍼스널 트레이닝 스튜디오(271),강남구,exercise_body,public_license_registry,OA-16142,체력단련장업,,3220000,CDFH3301062011000029,"서울특별시 강남구 언주로 314,  501호 (역삼동,강남프라자)",서울특별시 강남구 역삼동 761-18 강남프라자 501호,영업/정상
V40BF2770DD06,유어짐 가락,송파구,relax_recovery,public_license_registry,OA-16146,공동탕업,,3230000,3230000-202-2020-00001,"서울특별시 송파구 송파대로 260, 제일오피스텔 지하2층 (가락동)",서울특별시 송파구 가락동 99-3 제일오피스텔,영업/정상
V40C2C45C9577,정지행한의원,강남구,medical_wellness,public_license_registry,OA-16480,한의원,"한방내과, 한방부인과, 한방소아과, 한방안?이비인후?피부과, 한방신경정신과, 한방재활의학과, 사상체질과, 침구과",3220000,PHMA119933220033041101770,"서울특별시 강남구 압구정로 156, 카로시티2빌딩 404호 (신사동)",,영업/정상
V40D8D2A718CC,싸다휘트니스,강남구,exercise_body,public_license_registry,OA-16142,체력단련장업,,3220000,CDFH3301062016000040,"서울특별시 강남구 테헤란로 121, 지하2층 (역삼동, 원빌딩)",,영업/정상
V40E86B75EADB,라엘한의원,서초구,medical_wellness,public_license_registry,OA-16480,한의원,"한방내과, 한방부인과, 한방소아과, 한방안?이비인후?피부과, 한방신경정신과, 한방재활의학과, 사상체질과, 침구과",3210000,PHMA120183210034041100013,"서울특별시 서초구 동광로 88, 부운빌딩 6층 (방배동)",서울특별시 서초구 방배동 807번지 2호 부운빌딩,영업/정상
V40EC3241915F,서초바른하지의원,서초구,medical_wellness,public_license_registry,OA-16480,의원,"정형외과, 심장혈관흉부외과, 마취통증의학과",3210000,PHMA120253210034041100051,"서울특별시 서초구 서초대로78길 26, 강남선인빌딩 9층 (서초동)",서울특별시 서초구 서초동 1327-7 강남선인빌딩,영업/정상
V40EE0B1C9DA6,로그짐 잠실새내점,송파구,exercise_body,public_license_registry,OA-16142,체력단련장업,,3230000,CDFH3301062016000004,"서울특별시 송파구 석촌호수로 61, 상가동 B110호 (잠실동, 트리지움)",서울특별시 송파구 잠실동 35-2 상가 B110호,영업/정상
V40F6A14E5BE0,짐82,강남구,exercise_body,public_license_registry,OA-16142,체력단련장업,,3220000,CDFH3301062014000011,서울특별시 강남구 헌릉로 569 (세곡동),"서울특별시 강남구 세곡동 281-4 강남리더스프라자 501,502,503호",영업/정상
V4119C275CA2E,대청웰빙사우나,강남구,relax_recovery,public_license_registry,OA-16146,목욕장업 기타,,3220000,3220000-202-2011-00010,"서울특별시 강남구 개포로 623 (개포동,대청타워 지하2층 B201호)",서울특별시 강남구 개포동 13-3 대청타워 지하2층 B201호,영업/정상
V412E0D21FA94,베스트경희한의원,송파구,medical_wellness,public_license_registry,OA-16480,한의원,"한방내과, 한방부인과, 한방소아과, 한방안?이비인후?피부과, 한방신경정신과, 한방재활의학과, 사상체질과, 침구과",3230000,PHMA120113230034041100039,"서울특별시 송파구 중대로 132 (가락동,2층1호)",서울특별시 송파구 가락본동 112번지 1호 2층1호,영업/정상
V415A86E77EC2,선재한의원,강남구,medical_wellness,public_license_registry,OA-16480,한의원,"한방내과, 한방부인과, 한방소아과, 한방안?이비인후?피부과, 한방신경정신과, 한방재활의학과, 사상체질과, 침구과",3220000,PHMA119963220033041101787,"서울특별시 강남구 영동대로115길 16, 2층 (삼성동)",서울특별시 강남구 삼성동 76-13,영업/정상
V415FDC20F614,피에트피트니스 삼성점,강남구,exercise_body,public_license_registry,OA-16142,체력단련장업,,3220000,CDFH3301062017000030,"서울특별시 강남구 삼성로96길 6, 지하1층 (삼성동, LG트윈텔1)",서울특별시 강남구 삼성동 157-8,영업/정상
V41792248ED43,AZTPT(아지트피티),송파구,exercise_body,public_license_registry,OA-16142,체력단련장업,,3230000,CDFH3301062021000015,"서울특별시 송파구 가락로 110, 3층 (석촌동)",서울특별시 송파구 석촌동 276-7 3층,영업/정상
V417F927F71E4,센트럴정형외과의원,서초구,medical_wellness,public_license_registry,OA-16480,의원,"외과, 정형외과, 신경외과, 마취통증의학과, 재활의학과",3210000,PHMA120113210034041100091,"서울특별시 서초구 잠원로 24, 411,412호호 (반포동, 반포자이프라자)",,영업/정상
V4189E6947C77,헬스보이짐 학동역점,강남구,exercise_body,public_license_registry,OA-16142,체력단련장업,,3220000,CDFH3301062019000025,"서울특별시 강남구 학동로 171, 삼익악기 빌딩 지하1층 (논현동)",서울특별시 강남구 논현동 58-3 삼익악기 빌딩,영업/정상
V41D15CA8E5B8,벨로이스의원,강남구,medical_wellness,public_license_registry,OA-16480,의원,"내과, 성형외과, 산부인과, 피부과, 재활의학과, 가정의학과",3220000,PHMA120263220033041100101,"서울특별시 강남구 논현로 820, 제이씨빌딩 6층 (신사동)",,영업/정상
V41E64FEACE95,갤럭시아스포츠클럽 더케이호텔점,서초구,exercise_body,public_license_registry,OA-16142,체력단련장업,,3210000,CDFH3301062009000002,"서울특별시 서초구 바우뫼로12길 70 (양재동, 더케이서울호텔 지하1층)",서울특별시 서초구 양재동 202 더케이서울호텔 지하1층,영업/정상
V41F18D6AB11B,핏커버리 도산2호점,강남구,exercise_body,public_license_registry,OA-16142,체력단련장업,,3220000,CDFH3301062023000047,"서울특별시 강남구 도산대로 208, 지하1층 (논현동)",서울특별시 강남구 논현동 60,영업/정상
V420B0E96AD20,마천본튼튼의원,송파구,medical_wellness,public_license_registry,OA-16480,의원,"내과, 정형외과, 신경외과, 마취통증의학과, 재활의학과",3230000,PHMA120253230034041100017,"서울특별시 송파구 거마로 56, 상가동 105~109호 (거여동, 송파시그니처롯데캐슬)",서울특별시 송파구 거여동 697 송파시그니처롯데캐슬,영업/정상
V421493E224DD,라이트짐,송파구,exercise_body,public_license_registry,OA-16142,체력단련장업,,3230000,CDFH3301062019000015,"서울특별시 송파구 오금로31길 3, 우성빌딩 지하층 (방이동)",서울특별시 송파구 방이동 226-5 우성빌딩,영업/정상
V423470CAAD79,골든힐한의원,강남구,medical_wellness,public_license_registry,OA-16480,한의원,"한방내과, 한방부인과, 한방소아과, 한방안?이비인후?피부과, 한방신경정신과, 한방재활의학과, 사상체질과, 침구과",3220000,PHMA120213220033041100021,"서울특별시 강남구 도산대로 409, S&S TOWER 2층 (청담동)","서울특별시 강남구 청담동 87-4 S&S TOWER, 2층",영업/정상
V4234DDE64B35,뉴로하이짐,강남구,exercise_body,public_license_registry,OA-16142,체력단련장업,,3220000,CDFH3301062024000040,"서울특별시 강남구 언주로108길 10, 맛미빌딩 2층 (역삼동)",서울특별시 강남구 역삼동 687-4 맛미빌딩,영업/정상
V424528A9E11B,(주) 더랩스휘트니스 석촌고분,송파구,exercise_body,public_license_registry,OA-16142,체력단련장업,,3230000,CDFH3301062020000016,"서울특별시 송파구 백제고분로 276, 공익빌딩 3층 2호 (석촌동)",서울특별시 송파구 석촌동 210 공익빌딩,영업/정상
V4259DE65BECD,백암목욕탕,송파구,relax_recovery,public_license_registry,OA-16146,공동탕업,,3230000,3230000-202-1999-00274,서울특별시 송파구 양산로10길 14 (거여동),서울특별시 송파구 거여동 251-1,영업/정상
V425FBCCDE255,다온재한의원,송파구,medical_wellness,public_license_registry,OA-16480,한의원,"한방내과, 한방부인과, 한방소아과, 한방안?이비인후?피부과, 한방신경정신과, 한방재활의학과, 사상체질과, 침구과",3230000,PHMA120233230034041100038,"서울특별시 송파구 올림픽로 145, 리센츠 4층 4C02호 (잠실동)",,영업/정상
V427A1440BE5A,호이재한의원,서초구,medical_wellness,public_license_registry,OA-16480,한의원,"한방내과, 한방부인과, 한방소아과, 한방안?이비인후?피부과, 한방신경정신과, 한방재활의학과, 침구과",3210000,PHMA120253210034041100090,"서울특별시 서초구 서래로 48, 2층 (반포동)",서울특별시 서초구 반포동 92-1,영업/정상
V42AC3909A0B7,경희스카이한의원,강남구,medical_wellness,public_license_registry,OA-16480,한의원,"한방내과, 한방부인과, 한방소아과, 한방안?이비인후?피부과, 한방신경정신과, 한방재활의학과, 사상체질과, 침구과",3220000,PHMA120253220033041100219,"서울특별시 강남구 도곡로 458, 정일빌딩 3층 302호 (대치동)",서울특별시 강남구 대치동 1021-6 정일빌딩,영업/정상
V42AE42BE68F1,도미인 서울 강남 사우나,강남구,relax_recovery,public_license_registry,OA-16146,목욕장업 기타,,3220000,3220000-202-2016-00010,"서울특별시 강남구 봉은사로 134, 지하2층 (역삼동)",서울특별시 강남구 역삼동 603-1,영업/정상
V42C4156DECB7,화이트짐 양재점,서초구,exercise_body,public_license_registry,OA-16142,체력단련장업,,3210000,CDFH3301062024000008,"서울특별시 서초구 강남대로 206, 지하1층 (양재동)",서울특별시 서초구 양재동 14-1,영업/정상
V42CB4F9CD59F,뉴서울정형외과의원,송파구,medical_wellness,public_license_registry,OA-16480,의원,"내과, 정형외과, 신경외과, 피부과",3230000,PHMA120193230034041100016,"서울특별시 송파구 거마로 49, 초림빌딩 (거여동)",서울특별시 송파구 거여동 133번지 19호 초림빌딩,영업/정상
V42DC2DA9CC1F,바디101헬스피티 양재점,서초구,exercise_body,public_license_registry,OA-16142,체력단련장업,,3210000,CDFH3301062018000029,"서울특별시 서초구 강남대로 148, 상록빌딩 지하2층 (양재동)",서울특별시 서초구 양재동 80 상록빌딩,영업/정상
V42E770918F60,피디컬짐,서초구,exercise_body,public_license_registry,OA-16142,체력단련장업,,3210000,CDFH3301062020000018,"서울특별시 서초구 방배로42길 19, 지층 (방배동)",서울특별시 서초구 방배동 17-1,영업/정상
V42EB33489141,하늘마취통증의학과의원,강남구,medical_wellness,public_license_registry,OA-16480,의원,"정형외과, 신경외과, 재활의학과",3220000,PHMA120113220033041100163,"서울특별시 강남구 강남대로 240, 양재SK허브프리모 (도곡동)",서울특별시 강남구 도곡동 953-1 양재SK허브프리모,영업/정상
V430921878C5B,위워크아웃,서초구,exercise_body,public_license_registry,OA-16142,체력단련장업,,3210000,CDFH3301062022000003,"서울특별시 서초구 양재천로29길 21, 가온 빌딩 2층 (양재동)",서울특별시 서초구 양재동 82-9 가온 빌딩,영업/정상
V431F3C0D9B1F,새상한의원,강남구,medical_wellness,public_license_registry,OA-16480,한의원,"한방내과, 한방부인과, 한방소아과, 한방안?이비인후?피부과, 한방신경정신과, 한방재활의학과, 사상체질과, 침구과",3220000,PHMA120203220033041100074,"서울특별시 강남구 도산대로50길 12, 논현기흥빌딩 2층 (논현동)",서울특별시 강남구 논현동 96번지 14호 논현기흥빌딩,영업/정상
V432990232CB7,신사 라이크짐,서초구,exercise_body,public_license_registry,OA-16142,체력단련장업,,3210000,CDFH3301062024000006,"서울특별시 서초구 강남대로 603, 인성빌딩 지하1층 (잠원동)",서울특별시 서초구 잠원동 20-5 인성빌딩,영업/정상
V4342C47EF029,코끼리한의원,강남구,medical_wellness,public_license_registry,OA-16480,한의원,"한방내과, 한방부인과, 한방소아과, 한방안?이비인후?피부과, 한방신경정신과, 한방재활의학과",3220000,PHMA120123220033041100121,"서울특별시 강남구 압구정로 216, 코끼리상가 2층 (신사동)",서울특별시 강남구 신사동 615-1 코끼리상가,영업/정상
V434926497FAA,강남아산재활의학과의원,강남구,medical_wellness,public_license_registry,OA-16480,의원,재활의학과,3220000,PHMA120253220033041100150,"서울특별시 강남구 개포로 615, 석탑프라자, 개포3동주민센터 201-2호 (개포동)","서울특별시 강남구 개포동 12-4 석탑프라자, 개포3동주민센터 201-2호",영업/정상
V4382010A5F62,평강한의원,서초구,medical_wellness,public_license_registry,OA-16480,한의원,"한방내과, 한방부인과, 한방소아과, 한방안?이비인후?피부과, 한방신경정신과, 한방재활의학과, 사상체질과, 침구과",3210000,PHMA119913210034041100005,"서울특별시 서초구 강남대로61길 10, 2층 (서초동, 센터프라자)",서울특별시 서초구 서초동 1307번지 7호 센터프라자 2층,영업/정상
V43853BAA41DF,신원웅한의원,송파구,medical_wellness,public_license_registry,OA-16480,한의원,"한방내과, 한방부인과, 한방소아과, 한방안?이비인후?피부과, 한방신경정신과, 한방재활의학과, 사상체질과, 침구과",3230000,PHMA119893230034041100234,"서울특별시 송파구 양재대로 1222, 올림픽프라자 316,345호 (방이동)","서울특별시 송파구 방이동 89번지 11호 올림픽프라자  316,3호",영업/정상
V43AFAFA5937D,피티원(PT ONE),강남구,exercise_body,public_license_registry,OA-16142,체력단련장업,,3220000,CDFH3301062022000004,"서울특별시 강남구 압구정로20길 24, 4층 (신사동)",서울특별시 강남구 신사동 571-4,영업/정상
V43B1FD5906CD,함소아한의원,송파구,medical_wellness,public_license_registry,OA-16480,한의원,"한방내과, 한방부인과, 한방소아과, 한방안?이비인후?피부과, 한방신경정신과, 한방재활의학과, 사상체질과, 침구과",3230000,PHMA120043230034041101209,"서울특별시 송파구 올림픽로35다길 42 (신천동,루터회관 5층)",,영업/정상
V43B2B85E76FD,경희영신한의원,강남구,medical_wellness,public_license_registry,OA-16480,한의원,"한방내과, 한방부인과, 한방소아과, 한방안?이비인후?피부과, 한방신경정신과, 한방재활의학과, 사상체질과, 침구과",3220000,PHMA120053220033041101905,"서울특별시 강남구 개포로 506, 청우빌딩 204호 (개포동)",,영업/정상
V43C3DEA529E3,누베베한의원,서초구,medical_wellness,public_license_registry,OA-16480,한의원,"한방내과, 한방부인과, 한방소아과, 한방안?이비인후?피부과, 한방신경정신과, 한방재활의학과, 사상체질과, 침구과",3210000,PHMA120203210034041100088,"서울특별시 서초구 서초중앙로 130, 7층 (서초동)",서울특별시 서초구 서초동 1672-9 7층,영업/정상
V43D933A07462,로이한의원,송파구,medical_wellness,public_license_registry,OA-16480,한의원,"한방내과, 한방부인과, 한방소아과, 한방안?이비인후?피부과, 한방신경정신과, 한방재활의학과, 사상체질과, 침구과",3230000,PHMA120263230034041100052,"서울특별시 송파구 올림픽로 289, 잠실시그마타워 3층 308호 (신천동)",서울특별시 송파구 신천동 7-19 잠실시그마타워,영업/정상
V43D958792744,경희나라한의원,서초구,medical_wellness,public_license_registry,OA-16480,한의원,"한방내과, 한방부인과, 한방소아과, 한방안?이비인후?피부과, 한방신경정신과, 한방재활의학과, 사상체질과, 침구과",3210000,PHMA120063210034041100057,"서울특별시 서초구 고무래로 22, 쌍동빌딩 서관 2층 (반포동)",서울특별시 서초구 반포동 54-1 쌍동빌딩 서관,영업/정상
V43E98E8BB0BB,한빛마취통증의학과의원,송파구,medical_wellness,public_license_registry,OA-16480,의원,"정형외과, 신경외과, 마취통증의학과, 재활의학과",3230000,PHMA120183230034041100033,"서울특별시 송파구 백제고분로 365, 태문빌딩 2층 (석촌동)",,영업/정상
V43EA4388E4AE,남수한의원,서초구,medical_wellness,public_license_registry,OA-16480,한의원,"한방내과, 한방부인과, 한방소아과, 한방안?이비인후?피부과, 한방신경정신과, 한방재활의학과, 사상체질과, 침구과",3210000,PHMA120093210034041100025,"서울특별시 서초구 방배로 73, 양지빌딩 (방배동)",서울특별시 서초구 방배동 981번지 15호 양지빌딩,영업/정상
V44036AA09870,체인지의원,강남구,medical_wellness,public_license_registry,OA-16480,의원,"내과, 성형외과, 피부과, 재활의학과",3220000,PHMA120073220033041100900,"서울특별시 강남구 도산대로 318, SB타워 7층 (논현동)",서울특별시 강남구 논현동 92 SB타워,영업/정상
V443EE7DFBAE5,최용우한의원,송파구,medical_wellness,public_license_registry,OA-16480,한의원,"한방내과, 한방부인과, 한방소아과, 한방안?이비인후?피부과, 한방신경정신과, 한방재활의학과, 사상체질과, 침구과",3230000,PHMA120123230034041100050,"서울특별시 송파구 올림픽로 145, 리센츠상가 2층 2A61호 (잠실동)",서울특별시 송파구 잠실동 22번지 6호 리센츠,영업/정상
V4458AEB1866F,연세엘재활의학과의원,강남구,medical_wellness,public_license_registry,OA-16480,의원,재활의학과,3220000,PHMA120113220033041100180,"서울특별시 강남구 삼성로 651, 5층 508,509,510호 (삼성동, 래미안 라클래시)",서울특별시 강남구 삼성동 19-4 래미안 라클래시,영업/정상
V4461BAA61934,강남터한의원,강남구,medical_wellness,public_license_registry,OA-16480,한의원,"한방내과, 한방부인과, 한방소아과, 한방안?이비인후?피부과, 한방신경정신과, 한방재활의학과, 사상체질과, 침구과",3220000,PHMA120203220033041100189,"서울특별시 강남구 강남대로 378, 준빌딩 2층 (역삼동)",,영업/정상
V44A779312749,천화당한의원,강남구,medical_wellness,public_license_registry,OA-16480,한의원,"한방내과, 한방부인과, 한방소아과, 한방안?이비인후?피부과, 한방신경정신과, 한방재활의학과, 사상체질과, 침구과",3220000,PHMA119863220033041101746,"서울특별시 강남구 개포로82길 11, 삼우빌딩 207호 (개포동)",서울특별시 강남구 개포동 186-3 삼우빌딩,영업/정상
V44D4AE567231,삼성항외과의원,송파구,medical_wellness,public_license_registry,OA-16480,의원,"내과, 외과, 정형외과, 성형외과, 소아청소년과, 이비인후과, 피부과, 비뇨의학과",3230000,PHMA120053230034041101271,"서울특별시 송파구 오금로 508 (거여동, 2층)",서울특별시 송파구 거여동 27번지 4호 2층,영업/정상
V44DD2BAF3CDA,반포성모정형외과의원,서초구,medical_wellness,public_license_registry,OA-16480,의원,"내과, 신경과, 정형외과, 신경외과, 마취통증의학과, 소아청소년과, 이비인후과, 피부과, 비뇨의학과, 재활의학과, 가정의학과",3210000,PHMA120203210034041100015,"서울특별시 서초구 고무래로 22, 쌍동빌딩 서관, 3층 일부 (반포동)",서울특별시 서초구 반포동 54번지 1호 쌍동빌딩 서관,영업/정상
V44E1BBF07635,연세마디탑의원,송파구,medical_wellness,public_license_registry,OA-16480,의원,"정형외과, 신경외과, 마취통증의학과, 재활의학과",3230000,PHMA120233230034041100039,"서울특별시 송파구 마천로 315, 201~206호,232~240호 (마천동, 현대그린빌)",,영업/정상
V4502E527E6F3,스케일짐,송파구,exercise_body,public_license_registry,OA-16142,체력단련장업,,3230000,CDFH3301062022000002,"서울특별시 송파구 위례광장로 188, 아이온스퀘어 219,220호 (장지동)",서울특별시 송파구 장지동 881 아이온스퀘어 219.220호 2호,영업/정상
V4507EC496106,알파짐(ARPA GYM),강남구,exercise_body,public_license_registry,OA-16142,체력단련장업,,3220000,CDFH3301062016000032,"서울특별시 강남구 강남대로66길 8, B1층 (역삼동, 카이로스빌딩)",서울특별시 강남구 역삼동 837-2 B1층,영업/정상
V4525477F39E7,임한의원,송파구,medical_wellness,public_license_registry,OA-16480,한의원,"한방내과, 한방부인과, 한방소아과, 한방안?이비인후?피부과, 한방신경정신과, 한방재활의학과, 사상체질과, 침구과",3230000,PHMA119923230034041100407,"서울특별시 송파구 토성로 65 (풍납동, 2층 201-1호)",,영업/정상
V45489B5F958B,경희숨편한한의원,서초구,medical_wellness,public_license_registry,OA-16480,한의원,"한방내과, 한방부인과, 한방소아과, 한방안?이비인후?피부과, 한방신경정신과, 한방재활의학과, 사상체질과, 침구과",3210000,PHMA120113210034041100081,"서울특별시 서초구 서초중앙로 89, 2층 (서초동, 미래빌딩)",서울특별시 서초구 서초동 1577번지 11호 미래빌딩 2층,영업/정상
V4550C8CA051A,터치앤고 트레이닝,강남구,exercise_body,public_license_registry,OA-16142,체력단련장업,,3220000,CDFH3301062023000033,"서울특별시 강남구 테헤란로26길 12, 스타빌딩 지하2층 (역삼동)",서울특별시 강남구 역삼동 736-56 스타빌딩,영업/정상
V4552A92B1485,고강한의원,송파구,medical_wellness,public_license_registry,OA-16480,한의원,"한방안?이비인후?피부과, 한방재활의학과, 침구과",3230000,PHMA120133230034041100043,"서울특별시 송파구 가락로 113, 금도빌딩 2층 201호 (석촌동)",서울특별시 송파구 석촌동 295-10 금도빌딩,영업/정상
V4555A5BA7A66,삼호궁전사우나,서초구,relax_recovery,public_license_registry,OA-16146,공동탕업+찜질시설서비스영업,,3210000,3210000-202-2003-00012,"서울특별시 서초구 논현로 87, B동 지하1,2층 (양재동, 삼호물산빌딩)","서울특별시 서초구 양재동 275-6 삼호물산빌딩 지하1,2층 B동",영업/정상
V456BEA016820,생명나무한의원,서초구,medical_wellness,public_license_registry,OA-16480,한의원,"한방내과, 한방부인과, 한방소아과, 한방안?이비인후?피부과, 한방신경정신과, 한방재활의학과, 사상체질과, 침구과, 한방응급과",3210000,PHMA120143210034041100050,"서울특별시 서초구 중앙로 582, 4층 (우면동, 서초타워)",,영업/정상
V457DBBB4E2D6,양재김경호한의원,서초구,medical_wellness,public_license_registry,OA-16480,한의원,"한방내과, 한방부인과, 한방소아과, 한방안?이비인후?피부과, 한방신경정신과, 한방재활의학과, 사상체질과, 침구과",3210000,PHMA120183210034041100045,"서울특별시 서초구 강남대로 210, 행복빌딩 3층 (양재동)",서울특별시 서초구 양재동 13번지 11호 행복빌딩,영업/정상
V45A049964443,청뇌한의원,서초구,medical_wellness,public_license_registry,OA-16480,한의원,"한방내과, 한방부인과, 한방소아과, 한방안?이비인후?피부과, 한방신경정신과, 한방재활의학과, 사상체질과, 침구과",3210000,PHMA120213210034041100105,"서울특별시 서초구 강남대로 487, 6층 (반포동)",서울특별시 서초구 반포동 737-18,영업/정상
V45A42A84871A,주식회사 기븐 플러스,강남구,exercise_body,public_license_registry,OA-16142,체력단련장업,,3220000,CDFH3301062021000053,"서울특별시 강남구 도산대로 518, 더모자익 빌딩 2층 (청담동)",서울특별시 강남구 청담동 50 더모자익 빌딩,영업/정상
V45B68C83E4FB,누가정형외과의원,송파구,medical_wellness,public_license_registry,OA-16480,의원,"내과, 외과, 정형외과, 신경외과, 비뇨의학과, 재활의학과",3230000,PHMA120033230034041101115,서울특별시 송파구 오금로46길 33 (가락동),서울특별시 송파구 가락동 188번지 13호,영업/정상
V45DC8DF505B9,우아,강남구,exercise_body,public_license_registry,OA-16142,체력단련장업,,3220000,CDFH3301062022000021,"서울특별시 강남구 삼성로146길 10, 다인빌딩 4층 (청담동)",서울특별시 강남구 청담동 62,영업/정상
V45E1E16300A3,삼성정형외과의원,강남구,medical_wellness,public_license_registry,OA-16480,의원,정형외과,3220000,PHMA120093220033041100017,"서울특별시 강남구 학동로 411 (청담동, 4층 일부)",서울특별시 강남구 청담동 43번지 9호 4층 일부,영업/정상
V45FA9249AC59,동인한의원,강남구,medical_wellness,public_license_registry,OA-16480,한의원,"한방내과, 한방부인과, 한방소아과, 한방안?이비인후?피부과, 한방신경정신과, 한방재활의학과, 사상체질과, 침구과",3220000,PHMA120043220033041101885,"서울특별시 강남구 언주로30길 10, 현대비전21 304호 (도곡동)",,영업/정상
V4601F6FC8502,힙업학원,강남구,exercise_body,public_license_registry,OA-16142,체력단련장업,,3220000,CDFH3301062018000009,"서울특별시 강남구 선릉로 647, 영광빌딩 (논현동)",서울특별시 강남구 논현동 254-17 영광빌딩,영업/정상
V461356CB7F57,자몽 여성전용 사우나,강남구,relax_recovery,public_license_registry,OA-16146,한증막업,,3220000,3220000-202-2015-00001,"서울특별시 강남구 봉은사로 143, 지하1층 (논현동)",서울특별시 강남구 논현동 205-8,영업/정상
V461D45458A73,마음담은한의원,송파구,medical_wellness,public_license_registry,OA-16480,한의원,"한방내과, 한방부인과, 한방소아과, 한방안?이비인후?피부과, 한방신경정신과, 한방재활의학과, 사상체질과, 침구과",3230000,PHMA120113230034041100061,"서울특별시 송파구 삼전로 99, 1층 (잠실동)",,영업/정상
V462B5EE978C4,주식회사 개포투엑스휘트니스,강남구,exercise_body,public_license_registry,OA-16142,체력단련장업,,3220000,CDFH3301062013000003,"서울특별시 강남구 언주로 101 (개포동,2층)",서울특별시 강남구 개포동 655-3 2층,영업/정상
V462B8BFC00E7,연세재활의학과의원,송파구,medical_wellness,public_license_registry,OA-16480,의원,"내과, 정형외과, 신경외과, 마취통증의학과, 재활의학과",3230000,PHMA120053230034041101261,"서울특별시 송파구 오금로 505, 2층 (거여동, 상호빌딩)",,영업/정상
V463E7507B591,경희유안한의원,강남구,medical_wellness,public_license_registry,OA-16480,한의원,"한방내과, 한방부인과, 한방소아과, 한방안?이비인후?피부과, 한방신경정신과, 한방재활의학과, 사상체질과, 침구과",3220000,PHMA120233220033041100077,"서울특별시 강남구 개포로 512, 개포종합상가 201호 (개포동)",,영업/정상
V46690F9E167F,성현한의원,송파구,medical_wellness,public_license_registry,OA-16480,한의원,"한방내과, 한방부인과, 한방소아과, 한방안?이비인후?피부과, 한방신경정신과, 한방재활의학과, 사상체질과, 침구과",3230000,PHMA120063230034041101377,"서울특별시 송파구 가락로 112, 2층 (석촌동)",,영업/정상
V46898E787C19,청효대동한의원,강남구,medical_wellness,public_license_registry,OA-16480,한의원,"한방내과, 한방부인과, 한방소아과, 한방안?이비인후?피부과, 한방신경정신과, 한방재활의학과, 사상체질과, 침구과",3220000,PHMA120193220033041100047,"서울특별시 강남구 선릉로 340, 대치 EM 프라자 603호,604호 (대치동)",서울특별시 강남구 대치동 908-20 대치 EM 프라자,영업/정상
V46A912EB4DF8,신재식마취통증의학과의원,송파구,medical_wellness,public_license_registry,OA-16480,의원,"내과, 외과, 정형외과, 신경외과, 마취통증의학과, 소아청소년과, 재활의학과",3230000,PHMA120003230034041100884,서울특별시 송파구 오금로 504 (거여동),서울특별시 송파구 거여동 27호,영업/정상
V46B8D2C31F9D,서울아산나성수한의원,송파구,medical_wellness,public_license_registry,OA-16480,한의원,"한방내과, 한방부인과, 한방재활의학과, 침구과",3230000,PHMA120253230034041100005,"서울특별시 송파구 올림픽로 362, 201호 (방이동)",서울특별시 송파구 방이동 35-9,영업/정상
V46C59111DC24,김혁동한의원,송파구,medical_wellness,public_license_registry,OA-16480,한의원,"한방내과, 한방부인과, 한방소아과, 한방안?이비인후?피부과, 한방신경정신과, 한방재활의학과, 사상체질과, 침구과",3230000,PHMA119993230034041100821,"서울특별시 송파구 가락로 120, 5층 (석촌동)",,영업/정상
V46DEEED48E1C,리턴 휘트니스 헬스&PT&골프 양재역점,서초구,exercise_body,public_license_registry,OA-16142,체력단련장업,,3210000,CDFH3301062006000005,"서울특별시 서초구 서운로 3 (서초동,(지하1층))",서울특별시 서초구 서초동 1354-5 (지하1층),영업/정상
V46EC0F7BE22A,너른숲한의원,서초구,medical_wellness,public_license_registry,OA-16480,한의원,"한방내과, 한방부인과, 한방소아과, 한방안?이비인후?피부과, 한방신경정신과, 한방재활의학과, 사상체질과, 침구과, 한방응급과",3210000,PHMA120133210034041100042,"서울특별시 서초구 태봉로 62, 401호 (우면동, 네이처프라자)",,영업/정상
V46FE58CAE5CB,제이제이여성전용사우나,서초구,relax_recovery,public_license_registry,OA-16146,한증막업,,3210000,3210000-202-2003-00004,"서울특별시 서초구 강남대로101안길 17, 지하 1층 (잠원동)",서울특별시 서초구 잠원동 14-3 지하 1층,영업/정상
V471F80521A3D,포텐PT,강남구,exercise_body,public_license_registry,OA-16142,체력단련장업,,3220000,CDFH3301062022000047,"서울특별시 강남구 학동로4길 18, 스카이 빌딩 지하1층 (논현동)",서울특별시 강남구 논현동 141-10 스카이 빌딩,영업/정상
V4747C2A09280,짐(GYM)W,송파구,exercise_body,public_license_registry,OA-16142,체력단련장업,,3230000,CDFH3301062016000003,"서울특별시 송파구 오금로57길 22, 지하1층 2호 (거여동)",서울특별시 송파구 거여동 178-123,영업/정상
V4758BDC735E3,리피트니스,강남구,exercise_body,public_license_registry,OA-16142,체력단련장업,,3220000,CDFH3301062021000015,"서울특별시 강남구 삼성로147길 66, 지하2층 (청담동)",서울특별시 강남구 청담동 16-17,영업/정상
V475B462758F8,인서한의원,송파구,medical_wellness,public_license_registry,OA-16480,한의원,"한방내과, 한방재활의학과",3230000,PHMA120253230034041100029,"서울특별시 송파구 가락로 71, 209호 (석촌동)",,영업/정상
V476F26E23FE6,닥터피티,강남구,exercise_body,public_license_registry,OA-16142,체력단련장업,,3220000,CDFH3301062014000009,"서울특별시 강남구 도산대로78길 5, 3층 (청담동)",서울특별시 강남구 청담동 6-9,영업/정상
V477A80E18A26,버핏그라운드 역삼GFC,강남구,relax_recovery,public_license_registry,OA-16146,목욕장업 기타,,3220000,3220000-202-2026-00002,"서울특별시 강남구 테헤란로 152, 강남파이낸스센터 지하1층 (역삼동)",서울특별시 강남구 역삼동 737 강남파이낸스센터,영업/정상
V479E93B5EA55,송파경희한의원,송파구,medical_wellness,public_license_registry,OA-16480,한의원,"한방내과, 한방부인과, 한방소아과, 한방안?이비인후?피부과, 한방신경정신과, 한방재활의학과, 사상체질과, 침구과",3230000,PHMA119983230034041100799,"서울특별시 송파구 오금로32길 14 (송파동,삼성래미안@상가 101-205)",서울특별시 송파구 송파2동 162번지 삼성래미안@상가 101-205,영업/정상
V47C1DCDA8B9E,밀론부티크역삼,강남구,exercise_body,public_license_registry,OA-16142,체력단련장업,,3220000,CDFH3301062025000046,"서울특별시 강남구 언주로69길 8, 2층 (역삼동)",서울특별시 강남구 역삼동 773-11,영업/정상
V47C389796545,노보텔앰배서더강남,강남구,relax_recovery,public_license_registry,OA-16146,공동탕업,,3220000,3220000-202-1993-00266,서울특별시 강남구 봉은사로 130 (역삼동),서울특별시 강남구 역삼동 603,영업/정상
V47C58E0267F2,골든바디(넘버원),강남구,exercise_body,public_license_registry,OA-16142,체력단련장업,,3220000,CDFH3301062017000037,"서울특별시 강남구 강남대로118길 39, 4층 (논현동)",서울특별시 강남구 논현동 181-12,영업/정상
V47CB135DA0D7,헬스인 신사,강남구,exercise_body,public_license_registry,OA-16142,체력단련장업,,3220000,CDFH3301062025000025,"서울특별시 강남구 강남대로 596, 극동빌딩 지하1층 (논현동)",서울특별시 강남구 논현동 17-5 극동빌딩,영업/정상
V47CBAA00F481,우보한의원,강남구,medical_wellness,public_license_registry,OA-16480,한의원,"한방내과, 한방부인과, 한방소아과, 한방안?이비인후?피부과, 한방신경정신과, 한방재활의학과, 사상체질과, 침구과",3220000,PHMA120203220033041100057,"서울특별시 강남구 압구정로 228, 대웅빌딩 2층 201호 (신사동)",,영업/정상
V47EC296B65B9,신반포대중목욕탕,서초구,relax_recovery,public_license_registry,OA-16146,공동탕업,,3210000,3210000-202-1998-00164,"서울특별시 서초구 신반포로15길 29, 지하 2층 (반포동, 신반포상가)",서울특별시 서초구 반포동 2-8 신반포상가 지하 2층,영업/정상
V483945999900,서초바로한의원,서초구,medical_wellness,public_license_registry,OA-16480,한의원,"한방내과, 한방부인과, 한방소아과, 한방안?이비인후?피부과, 한방신경정신과, 한방재활의학과, 사상체질과, 침구과",3210000,PHMA120243210034041100118,"서울특별시 서초구 동작대로 108, 201 일부호 (방배동, 디오슈페리움2)",서울특별시 서초구 방배동 3001-1 디오슈페리움2,영업/정상
V486899CD35C6,헬리오경희한의원,송파구,medical_wellness,public_license_registry,OA-16480,한의원,"한방내과, 한방부인과, 한방소아과, 한방안?이비인후?피부과, 한방신경정신과, 한방재활의학과, 사상체질과, 침구과",3230000,PHMA120193230034041100049,"서울특별시 송파구 송파대로 345, 3층 3024호,3025호 (가락동, 헬리오시티)","서울특별시 송파구 가락동 479번지  헬리오시티1A상가 3024호,3025호",영업/정상
V488963A14571,장상근바이오신경외과의원,송파구,medical_wellness,public_license_registry,OA-16480,의원,"신경과, 신경외과, 재활의학과, 가정의학과",3230000,PHMA120263230034041100037,"서울특별시 송파구 법원로11길 11, 문정현대지식산업센터1-1 204호 (문정동)",서울특별시 송파구 문정동 644 문정현대지식산업센터1-1,영업/정상
V48CF385010CC,Ace private gym(355),강남구,exercise_body,public_license_registry,OA-16142,체력단련장업,,3220000,CDFH3301062014000007,서울특별시 강남구 언주로30길 10 (도곡동),서울특별시 강남구 도곡동 467-19 현대비전21 307호,영업/정상
V48D50C33E31B,애플스파,강남구,relax_recovery,public_license_registry,OA-16146,공동탕업,,3220000,3220000-202-2016-00007,"서울특별시 강남구 역삼로 310, 지하2층 (역삼동)",서울특별시 강남구 역삼동 755,영업/정상
V48DE57F77A4F,골드힐링한의원,강남구,medical_wellness,public_license_registry,OA-16480,한의원,"한방내과, 한방부인과, 한방소아과, 한방안?이비인후?피부과, 한방신경정신과, 한방재활의학과, 사상체질과, 침구과",3220000,PHMA120233220033041100049,"서울특별시 강남구 봉은사로37길 28, 3층 (논현동)",서울특별시 강남구 논현동 231,영업/정상
V48F5C472484E,포우먼핏,송파구,exercise_body,public_license_registry,OA-16142,체력단련장업,,3230000,CDFH3301062023000039,"서울특별시 송파구 마천로 57, 3층 (오금동)",서울특별시 송파구 오금동 18-9,영업/정상
V49072B898785,건희 목욕탕,서초구,relax_recovery,public_license_registry,OA-16146,공동탕업,,3210000,3210000-202-2021-00001,"서울특별시 서초구 강남대로6길 108-4, 지하1층 (양재동)",서울특별시 서초구 양재동 365,영업/정상
V49115A3BCE5C,성담한의원,강남구,medical_wellness,public_license_registry,OA-16480,한의원,"한방내과, 한방부인과, 한방소아과, 한방안?이비인후?피부과, 한방신경정신과, 한방재활의학과, 사상체질과, 침구과",3220000,PHMA120183220033041100069,"서울특별시 강남구 삼성로 571, 케이빌딩 7층 (삼성동)",서울특별시 강남구 삼성동 119-9 케이빌딩 7층,영업/정상
V49472CBE79FA,서헌만마취통증의학과의원,서초구,medical_wellness,public_license_registry,OA-16480,의원,"내과, 신경과, 정형외과, 신경외과, 마취통증의학과, 이비인후과",3210000,PHMA120083210034041100116,"서울특별시 서초구 서초대로78길 44, 202호 (서초동, 나산스위트)",서울특별시 서초구 서초동 1330번지 16호 나산스위트 202호,영업/정상
V494F136F5FF9,Teddy Fitness,송파구,exercise_body,public_license_registry,OA-16142,체력단련장업,,3230000,CDFH3301062020000009,"서울특별시 송파구 백제고분로39길 23, 지층층 02호 (석촌동)",서울특별시 송파구 석촌동 165-7,영업/정상
V497CD661F5A0,9's(나인스) PT STUDIO,서초구,exercise_body,public_license_registry,OA-16142,체력단련장업,,3210000,CDFH3301062014000015,"서울특별시 서초구 방배천로24길 11 (방배동, 명림빌딩 지하2층)",서울특별시 서초구 방배동 421-23 명림빌딩 지하2층,영업/정상
V497EF96783B8,동양한의원,송파구,medical_wellness,public_license_registry,OA-16480,한의원,"한방내과, 한방부인과, 한방소아과, 한방안?이비인후?피부과, 한방신경정신과, 한방재활의학과, 사상체질과, 침구과",3230000,PHMA119803230034041100038,서울특별시 송파구 석촌호수로 114 (잠실동),서울특별시 송파구 잠실동 242번지 7호,영업/정상
V498B0BA08186,WTC,강남구,exercise_body,public_license_registry,OA-16142,체력단련장업,,3220000,CDFH3301062021000023,"서울특별시 강남구 도곡로 115, 거암빌딩 지하1층 (역삼동)",서울특별시 강남구 역삼동 838-9 거암빌딩,영업/정상
V498D31BD7006,도자기의원,서초구,medical_wellness,public_license_registry,OA-16480,의원,"정형외과, 성형외과, 이비인후과, 피부과",3210000,PHMA120253210034041100064,"서울특별시 서초구 강남대로 531, 2층 (반포동)",서울특별시 서초구 반포동 722,영업/정상
V49913D8AAC7E,백삼한의원,송파구,medical_wellness,public_license_registry,OA-16480,한의원,"한방내과, 한방부인과, 한방소아과, 한방안?이비인후?피부과, 한방신경정신과, 한방재활의학과, 사상체질과, 침구과",3230000,PHMA120003230034041100911,"서울특별시 송파구 가락로 148, 2층 (송파동)",서울특별시 송파구 송파동 103번지 11호 2층,영업/정상
V4991D36C0174,건재활의학과의원,서초구,medical_wellness,public_license_registry,OA-16480,의원,"내과, 정형외과, 재활의학과",3210000,PHMA120093210034041100109,"서울특별시 서초구 사임당로 174, 303~305호 (서초동, 강남미래타워)",서울특별시 서초구 서초동 1337번지 강남미래타워 303~305호,영업/정상
V49ABB49CB54A,평강한의원,강남구,medical_wellness,public_license_registry,OA-16480,한의원,"한방내과, 한방부인과, 한방소아과, 한방안?이비인후?피부과, 한방신경정신과, 한방재활의학과, 사상체질과, 침구과",3220000,PHMA119963220033041101786,"서울특별시 강남구 압구정로30길 23, 1층 (신사동)",서울특별시 강남구 신사동 609-1,영업/정상
V49AE4D111C2E,데이뷰의원,강남구,medical_wellness,public_license_registry,OA-16480,의원,"정형외과, 피부과",3220000,PHMA120243220033041100167,"서울특별시 강남구 강남대로 494, 1,2,3층 (논현동)",서울특별시 강남구 논현동 165-7,영업/정상
V49B5C95BE136,논현사우나,강남구,relax_recovery,public_license_registry,OA-16146,공동탕업,,3220000,3220000-202-2004-00004,"서울특별시 강남구 언주로136길 10 (논현동,지하1층)",서울특별시 강남구 논현동 114-14 지하1층,영업/정상
V49B6B1DF1F50,잠실연세재활의학과의원,송파구,medical_wellness,public_license_registry,OA-16480,의원,"내과, 정형외과, 신경외과, 마취통증의학과, 재활의학과",3230000,PHMA120233230034041100013,"서울특별시 송파구 올림픽로 145, 리센츠 2층 2A43~51호 (잠실동)",서울특별시 송파구 잠실동 22-6 리센츠,영업/정상
V49BD5879AB8A,에이티비앤컴퍼니,강남구,exercise_body,public_license_registry,OA-16142,체력단련장업,,3220000,CDFH3301062018000033,"서울특별시 강남구 도곡로 505, 지하2,3층 (대치동)",서울특별시 강남구 대치동 988-15,영업/정상
V49CA3F925DBE,트레인트루(Traintrue),강남구,exercise_body,public_license_registry,OA-16142,체력단련장업,,3220000,CDFH3301062018000022,"서울특별시 강남구 논현로175길 11, 지하1호 (신사동)",서울특별시 강남구 신사동 578-1,영업/정상
V49D0E36AD043,금초한의원,강남구,medical_wellness,public_license_registry,OA-16480,한의원,"한방내과, 한방부인과, 한방소아과, 한방안?이비인후?피부과, 한방신경정신과, 한방재활의학과, 사상체질과, 침구과",3220000,PHMA120083220033041102077,"서울특별시 강남구 삼성로 212, 204호 (대치동, 은마아파트)",서울특별시 강남구 대치동 316 은마아파트,영업/정상
V49F0FA1B1BB0,일층경희한의원,송파구,medical_wellness,public_license_registry,OA-16480,한의원,"한방내과, 한방부인과, 한방소아과, 한방안?이비인후?피부과, 한방신경정신과, 한방재활의학과, 사상체질과, 침구과",3230000,PHMA120213230034041100003,"서울특별시 송파구 백제고분로 270, 1층 102호 (삼전동)",,영업/정상
V4A21D90FBB98,오렌지스?,강남구,exercise_body,public_license_registry,OA-16142,체력단련장업,,3220000,CDFH3301062023000060,"서울특별시 강남구 테헤란로82길 15, 지하1층 (대치동)",서울특별시 강남구 대치동 942-15,영업/정상
V4A634882B7E2,국보한의원,서초구,medical_wellness,public_license_registry,OA-16480,한의원,"한방내과, 한방부인과, 한방소아과, 한방안?이비인후?피부과, 한방신경정신과, 한방재활의학과, 사상체질과, 침구과",3210000,PHMA120263210034041100010,"서울특별시 서초구 강남대로53길 12, 솔라티움시티 강남 509호 (서초동)",서울특별시 서초구 서초동 1327-34 솔라티움시티 강남,영업/정상
V4A7E14A8CAD3,맞춤한의원,송파구,medical_wellness,public_license_registry,OA-16480,한의원,"한방내과, 한방부인과, 한방소아과, 한방안?이비인후?피부과, 한방신경정신과, 한방재활의학과, 사상체질과, 침구과",3230000,PHMA120163230034041100038,"서울특별시 송파구 석촌호수로 78, 15,16,17,24,25,26,27호 (잠실동, 1층)",서울특별시 송파구 잠실동 208번지 7호,영업/정상
V4A8C58678780,더 메디스파,서초구,relax_recovery,public_license_registry,OA-16146,공동탕업,,3210000,3210000-202-2013-00001,"서울특별시 서초구 강남대로107길 6, 2층, 3층 (잠원동, 더리버사이드호텔)","서울특별시 서초구 잠원동 6-1 더리버사이드호텔 2층, 3층",영업/정상
V4A8CD51F7562,청담불한증막,강남구,relax_recovery,public_license_registry,OA-16146,공동탕업,,3220000,3220000-202-2005-00008,"서울특별시 강남구 학동로 419, 지하1층 (청담동, 대륭빌딩)",서울특별시 강남구 청담동 44-12 대륭빌딩 지하1층,영업/정상
V4A9701FA7DC7,양성한의원,송파구,medical_wellness,public_license_registry,OA-16480,한의원,"한방내과, 한방부인과, 한방소아과, 한방안?이비인후?피부과, 한방신경정신과, 한방재활의학과, 사상체질과, 침구과",3230000,PHMA119933230034041100466,"서울특별시 송파구 오금로 497, 2층 (거여동)",,영업/정상
V4AB362257675,세종한의원,송파구,medical_wellness,public_license_registry,OA-16480,한의원,"한방내과, 한방부인과, 한방소아과, 한방안?이비인후?피부과, 한방신경정신과, 한방재활의학과, 사상체질과, 침구과",3230000,PHMA119913230034041100317,"서울특별시 송파구 송파대로 422, 4-2호 (송파동, 영빌딩)",,영업/정상
V4B08F0AC032D,건강해짐(Gym),강남구,exercise_body,public_license_registry,OA-16142,체력단련장업,,3220000,CDFH3301062022000048,"서울특별시 강남구 봉은사로43길 29, 1층 204호 (논현동)",서울특별시 강남구 논현동 273-4,영업/정상
V4B2BF13B5F2A,피트니스 스퀘어,서초구,exercise_body,public_license_registry,OA-16142,체력단련장업,,3210000,CDFH3301062014000011,"서울특별시 서초구 동광로27길 20 (방배동, 지층)",서울특별시 서초구 방배동 1-131 지층,영업/정상
V4B2F839D0AB3,팀제이티,강남구,exercise_body,public_license_registry,OA-16142,체력단련장업,,3220000,CDFH3301062016000039,"서울특별시 강남구 역삼로17길 12, 2층 (역삼동)",,영업/정상
V4B534F6CC0F1,서울아산나성수내과의원,송파구,medical_wellness,public_license_registry,OA-16480,의원,"내과, 정형외과, 신경외과, 마취통증의학과, 이비인후과, 재활의학과, 가정의학과",3230000,PHMA120253230034041100004,"서울특별시 송파구 올림픽로 362, 201호 (방이동)",서울특별시 송파구 방이동 35-9,영업/정상
V4B5B9735F852,로그짐 PT 선릉점,강남구,exercise_body,public_license_registry,OA-16142,체력단련장업,,3220000,CDFH3301062018000044,"서울특별시 강남구 선릉로86길 31, 롯데골드로즈2 2층 214호 (대치동)",서울특별시 강남구 대치동 890-59 롯데골드로즈2,영업/정상
V4B5DCEB77DCC,엠엔휘트니스 청담점,강남구,exercise_body,public_license_registry,OA-16142,체력단련장업,,3220000,CDFH3301062026000003,"서울특별시 강남구 학동로 501, 지하 1,2층 (청담동)",서울특별시 강남구 청담동 76-5,영업/정상
V4B8439E30901,팀히트짐,강남구,exercise_body,public_license_registry,OA-16142,체력단련장업,,3220000,CDFH3301062023000005,"서울특별시 강남구 삼성로81길 34, 2층 (대치동)",서울특별시 강남구 대치동 894-18,영업/정상
V4B981D022FAD,대치삼성정형외과의원,강남구,medical_wellness,public_license_registry,OA-16480,의원,"내과, 외과, 정형외과, 신경외과, 마취통증의학과, 피부과, 재활의학과",3220000,PHMA120153220033041100185,"서울특별시 강남구 남부순환로 2912, 2층 202호 (대치동)",서울특별시 강남구 대치동 500번지 2층 202,영업/정상
V4BB491E7980F,더 퍼스트 피티 스튜디오,서초구,exercise_body,public_license_registry,OA-16142,체력단련장업,,3210000,CDFH3301062022000019,"서울특별시 서초구 서초대로51길 22, 명산빌딩 2층 (서초동)",서울특별시 서초구 서초동 1698-9 명산빌딩,영업/정상
V4BBA55257C00,두꺼비한의원,송파구,medical_wellness,public_license_registry,OA-16480,한의원,"한방내과, 한방부인과, 한방소아과, 한방안?이비인후?피부과, 한방신경정신과, 한방재활의학과, 사상체질과, 침구과",3230000,PHMA120123230034041100018,"서울특별시 송파구 문정로 83 (문정동, 삼성래미안아프트 202호)",,영업/정상
V4BC5A7F65757,바른경희한의원,강남구,medical_wellness,public_license_registry,OA-16480,한의원,"한방내과, 한방부인과, 한방소아과, 한방안?이비인후?피부과, 한방신경정신과, 한방재활의학과, 사상체질과, 침구과",3220000,PHMA120243220033041100151,"서울특별시 강남구 선릉로 50, 경빌딩 4층 (개포동)",,영업/정상
V4C58B1DE4E0D,에이엔스포츠,송파구,exercise_body,public_license_registry,OA-16142,체력단련장업,,3230000,CDFH3301062024000031,"서울특별시 송파구 오금로 185, 금천빌딩 지하1층 (방이동)",서울특별시 송파구 방이동 115-4 금천빌딩,영업/정상
V4C9FF4E30FE8,여름본마취통증의학과의원,강남구,medical_wellness,public_license_registry,OA-16480,의원,"정형외과, 신경외과, 마취통증의학과, 재활의학과",3220000,PHMA120233220033041100152,"서울특별시 강남구 언주로30길 10, 현대비전21 310호 (도곡동)",서울특별시 강남구 도곡동 467-19 현대비전21,영업/정상
V4CA2FBAC6392,진성한의원,서초구,medical_wellness,public_license_registry,OA-16480,한의원,"한방내과, 한방부인과, 한방소아과, 한방안?이비인후?피부과, 한방신경정신과, 한방재활의학과, 사상체질과, 침구과",3210000,PHMA120003210034041100001,"서울특별시 서초구 서초대로26길 3, 2층 (방배동)",서울특별시 서초구 방배동 897-1,영업/정상
V4CA7711E0428,예쁘다한한의원,강남구,medical_wellness,public_license_registry,OA-16480,한의원,"한방내과, 한방부인과, 한방소아과, 한방안?이비인후?피부과, 한방신경정신과, 한방재활의학과, 사상체질과, 침구과",3220000,PHMA120253220033041100151,"서울특별시 강남구 압구정로79길 19, 레인 에비뉴 5(일부)층 (청담동)",서울특별시 강남구 청담동 121-28 레인 에비뉴 5층 일부,영업/정상
V4CDACC500129,크라운육체미도장(88),강남구,exercise_body,public_license_registry,OA-16142,체력단련장업,,3220000,CDFH3301062009000002,"서울특별시 강남구 봉은사로68길 41, 2층 (삼성동)",서울특별시 강남구 삼성동 123-33,영업/정상
V4CE200377072,하우연한의원,강남구,medical_wellness,public_license_registry,OA-16480,한의원,"한방내과, 한방부인과, 한방소아과, 한방안?이비인후?피부과, 한방신경정신과, 한방재활의학과, 사상체질과, 침구과",3220000,PHMA120163220033041100148,"서울특별시 강남구 논현로 816, ICL빌딩 6층 (신사동)",,영업/정상
V4D0F61FB19F8,권한의원,강남구,medical_wellness,public_license_registry,OA-16480,한의원,"한방내과, 한방부인과, 한방소아과, 한방안?이비인후?피부과, 한방신경정신과, 한방재활의학과, 사상체질과, 침구과",3220000,PHMA120213220033041100076,"서울특별시 강남구 압구정로30길 12, 2층 (신사동)",,영업/정상
V4D120DD71D5A,언남문화체육센터,서초구,exercise_body,public_license_registry,OA-16142,체력단련장업,,3210000,CDFH3301062008000002,"서울특별시 서초구 동산로13길 35 (양재동,언남중고공공복합시설 지하중층)",서울특별시 서초구 양재동 309 언남중고공공복합시설 지하중층,영업/정상
V4D2194ECD14F,락 바디짐,송파구,exercise_body,public_license_registry,OA-16142,체력단련장업,,3230000,CDFH3301062021000008,"서울특별시 송파구 송이로 194, 레미안빌딩 6층 (문정동)",서울특별시 송파구 문정동 9-1 레미안빌딩,영업/정상
V4D28F5273BF5,강남본한의원,강남구,medical_wellness,public_license_registry,OA-16480,한의원,"한방내과, 한방부인과, 한방소아과, 한방안?이비인후?피부과, 한방신경정신과, 한방재활의학과, 사상체질과, 침구과",3220000,PHMA120203220033041100112,"서울특별시 강남구 테헤란로 333, 지하1층 (역삼동)",,영업/정상
V4D3CD644E3AD,더힘의원,송파구,medical_wellness,public_license_registry,OA-16480,의원,"내과, 정형외과, 신경외과, 마취통증의학과, 소아청소년과, 피부과, 재활의학과, 가정의학과",3230000,PHMA120213230034041100053,"서울특별시 송파구 법원로 128, 문정역SKV1 B동 2층 203~205호 (문정동)",,영업/정상
V4D3F8DEDC520,라파셀의원,강남구,medical_wellness,public_license_registry,OA-16480,의원,"내과, 신경과, 정형외과, 마취통증의학과, 안과, 이비인후과, 피부과, 진단검사의학과, 재활의학과",3220000,PHMA120243220033041100185,"서울특별시 강남구 압구정로28길 24, 2층 (신사동)",서울특별시 강남구 신사동 576-6,영업/정상
V4D7CA585F50E,선릉역점 스포애니 (주)케이디헬스케어,강남구,exercise_body,public_license_registry,OA-16142,체력단련장업,,3220000,CDFH3301062019000018,"서울특별시 강남구 선릉로 513, APEXTOWER 지하1층 (역삼동)",서울특별시 강남구 역삼동 705-25 APEXTOWER,영업/정상
V4D89ABCD6CC4,다옴한의원,송파구,medical_wellness,public_license_registry,OA-16480,한의원,"한방내과, 한방부인과, 한방소아과, 한방안?이비인후?피부과, 한방신경정신과, 한방재활의학과, 사상체질과, 침구과",3230000,PHMA120163230034041100066,"서울특별시 송파구 가락로 55, 2층 (석촌동)",,영업/정상
V4D9FC9A62F47,안아픈세상한의원,강남구,medical_wellness,public_license_registry,OA-16480,한의원,"한방내과, 한방부인과, 한방소아과, 한방안?이비인후?피부과, 한방신경정신과, 한방재활의학과, 사상체질과, 침구과, 한방응급과",3220000,PHMA120143220033041100183,"서울특별시 강남구 도산대로92길 6, 삼성빌딩 303-1호 (청담동)",서울특별시 강남구 청담동 50번지 3호 삼성빌딩 303-1호,영업/정상
V4DA2D005E2E6,아름뜰한의원,서초구,medical_wellness,public_license_registry,OA-16480,한의원,"한방내과, 한방부인과, 한방소아과, 한방안?이비인후?피부과, 한방신경정신과, 한방재활의학과, 사상체질과, 침구과",3210000,PHMA120253210034041100112,"서울특별시 서초구 서초대로27길 13, 2층 (방배동)",,영업/정상
V4DADE83C7AA1,열린연세정형외과의원,서초구,medical_wellness,public_license_registry,OA-16480,의원,정형외과,3210000,PHMA120063210034041100052,"서울특별시 서초구 신반포로 157, 반포쇼핑타운 3층 302, 306, 307호 (잠원동)",서울특별시 서초구 잠원동 75번지 10호 반포쇼핑타운,영업/정상
V4DBE4B7F670F,경희샘한의원,강남구,medical_wellness,public_license_registry,OA-16480,한의원,"한방내과, 한방부인과, 한방소아과, 한방안?이비인후?피부과, 한방신경정신과, 한방재활의학과, 사상체질과, 침구과",3220000,PHMA120053220033041101934,"서울특별시 강남구 개포로 615, 석탑프라자 201호 (개포동)",,영업/정상
V4DD979753AD7,경희황금손한의원,송파구,medical_wellness,public_license_registry,OA-16480,한의원,"한방내과, 한방부인과, 한방소아과, 한방안?이비인후?피부과, 한방신경정신과, 한방재활의학과, 사상체질과, 침구과",3230000,PHMA120243230034041100033,"서울특별시 송파구 백제고분로 465, 2층 201호 (방이동)",,영업/정상
V4E00A8B9765E,룩스바디핏,송파구,exercise_body,public_license_registry,OA-16142,체력단련장업,,3230000,CDFH3301062026000016,"서울특별시 송파구 법원로4길 10, 힐스테이트에코문정 지하1층 116호 (문정동)",서울특별시 송파구 문정동 652-4 힐스테이트에코문정,영업/정상
V4E1045649593,이유경한의원,서초구,medical_wellness,public_license_registry,OA-16480,한의원,"한방내과, 한방부인과, 한방소아과, 한방안?이비인후?피부과, 한방신경정신과, 한방재활의학과, 사상체질과, 침구과",3210000,PHMA120153210034041100011,"서울특별시 서초구 헌릉로8길 9-8, 301호 (내곡동, 내곡플라자)",,영업/정상
V4E151082DE27,석정탕,송파구,relax_recovery,public_license_registry,OA-16146,공동탕업,,3230000,3230000-202-2003-00011,서울특별시 송파구 토성로 58 (풍납동),서울특별시 송파구 풍납동 403-2,영업/정상
V4E1F75EFDD82,서초아가페의원,서초구,medical_wellness,public_license_registry,OA-16480,의원,"내과, 정형외과, 산부인과, 소아청소년과, 이비인후과, 피부과, 비뇨의학과, 가정의학과",3210000,PHMA120023210034041100010,"서울특별시 서초구 고무래로 90-7, 서초쇼핑 201호, 202호 일부호 (서초동)",서울특별시 서초구 서초동 1684-1 서초쇼핑,영업/정상
V4E2E2298C535,벧쎌RC,서초구,exercise_body,public_license_registry,OA-16142,체력단련장업,,3210000,CDFH3301062012000004,서울특별시 서초구 남부순환로337가길 33 (서초동),서울특별시 서초구 서초동 1434-12,영업/정상
V4E523AC82FA0,머슬엑스,강남구,exercise_body,public_license_registry,OA-16142,체력단련장업,,3220000,CDFH3301062018000027,"서울특별시 강남구 언주로108길 16, B1층 (역삼동)",서울특별시 강남구 역삼동 687-7,영업/정상
V4E57C20039F5,엘로 트레이닝,서초구,exercise_body,public_license_registry,OA-16142,체력단련장업,,3210000,CDFH3301062016000010,"서울특별시 서초구 강남대로 349, 지하2층 (서초동, 우남빌딩)",서울특별시 서초구 서초동 1329-4,영업/정상
V4E5BD3F933EB,피트니스플랜비,강남구,exercise_body,public_license_registry,OA-16142,체력단련장업,,3220000,CDFH3301062020000015,"서울특별시 강남구 도곡로 203, 남자빌딩 3층 (역삼동)",서울특별시 강남구 역삼동 788-15 남자빌딩,영업/정상
V4E890C23D5C3,에이제이짐,서초구,exercise_body,public_license_registry,OA-16142,체력단련장업,,3210000,CDFH3301062012000007,"서울특별시 서초구 방배천로 92 (방배동, 세양아르비채102동 1층)",서울특별시 서초구 방배동 425-1 세양아르비채102동 1층,영업/정상
V4EA984552B66,경희나은한의원,서초구,medical_wellness,public_license_registry,OA-16480,한의원,"한방내과, 한방부인과, 한방소아과, 한방안?이비인후?피부과, 한방신경정신과, 한방재활의학과, 사상체질과, 침구과",3210000,PHMA120243210034041100010,"서울특별시 서초구 신반포로 195, 반포쇼핑타운 5동 3층 20,21,22,23,24,25호 (잠원동)",서울특별시 서초구 잠원동 69-5 반포쇼핑타운,영업/정상
V4EACC618D9FB,집나온홈짐,송파구,exercise_body,public_license_registry,OA-16142,체력단련장업,,3230000,CDFH3301062023000041,"서울특별시 송파구 백제고분로15길 44, 지하1층 (잠실동)",서울특별시 송파구 잠실동 207-3,영업/정상
V4EB4C35B10FA,서울메가마취통증의학과의원,송파구,medical_wellness,public_license_registry,OA-16480,의원,"정형외과, 마취통증의학과, 재활의학과, 가정의학과",3230000,PHMA120223230034041100006,"서울특별시 송파구 송파대로 381, 형제빌딩 2층 (석촌동)",서울특별시 송파구 석촌동 296-10 형제빌딩,영업/정상
V4EDB0A749935,뉴에이징의원,송파구,medical_wellness,public_license_registry,OA-16480,의원,"내과, 정형외과, 마취통증의학과, 이비인후과, 피부과, 가정의학과",3230000,PHMA120233230034041100008,"서울특별시 송파구 백제고분로 381, 우성빌딩 3층 (송파동)",서울특별시 송파구 송파동 19-6 우성빌딩,영업/정상
V4F0AA39982B5,경희랑한의원,강남구,medical_wellness,public_license_registry,OA-16480,한의원,"한방내과, 한방부인과, 한방소아과, 한방안?이비인후?피부과, 한방신경정신과, 한방재활의학과, 사상체질과, 침구과",3220000,PHMA120223220033041100099,"서울특별시 강남구 압구정로 338, 동서상가 2층 5호 (신사동)",,영업/정상
V4F640420A6C1,헬싱타운,서초구,exercise_body,public_license_registry,OA-16142,체력단련장업,,3210000,CDFH3301062003000002,"서울특별시 서초구 남부순환로 2636 (양재동,성문빌딩 지1층)",서울특별시 서초구 양재동 1-26 성문빌딩 지1층,영업/정상
V4F747055754A,아셈내과의원,강남구,medical_wellness,public_license_registry,OA-16480,의원,"내과, 외과, 정형외과, 소아청소년과, 안과, 이비인후과, 피부과, 비뇨의학과, 영상의학과, 병리과, 재활의학과, 응급의학과",3220000,PHMA120013220033041100356,"서울특별시 강남구 영동대로 602, 5층 501호 (삼성동, 미켈란107빌딩 )",서울특별시 강남구 삼성1동 107번지  미켈란107빌딩 5층 501호,영업/정상
V4F78CE48E7F9,경희원화당한의원,서초구,medical_wellness,public_license_registry,OA-16480,한의원,"한방내과, 한방부인과, 한방소아과, 한방안?이비인후?피부과, 한방신경정신과, 한방재활의학과, 사상체질과, 침구과",3210000,PHMA119893210034041100012,"서울특별시 서초구 방배로 245, 5층 (방배동)",,영업/정상
V4FA490557755,척신한의원,송파구,medical_wellness,public_license_registry,OA-16480,한의원,"한방내과, 한방부인과, 한방소아과, 한방안?이비인후?피부과, 한방신경정신과, 한방재활의학과, 사상체질과, 침구과",3230000,PHMA120223230034041100044,"서울특별시 송파구 백제고분로 425, 3층 303호 (송파동)",,영업/정상
V4FB0648C895D,슬림앤스트롱(328),강남구,exercise_body,public_license_registry,OA-16142,체력단련장업,,3220000,CDFH3301062013000009,서울특별시 강남구 압구정로79길 54 (청담동),서울특별시 강남구 청담동 125-4 5층,영업/정상
V4FB8198C6AC1,에이블짐 종합운동장역점,송파구,exercise_body,public_license_registry,OA-16142,체력단련장업,,3230000,CDFH3301062008000005,"서울특별시 송파구 올림픽로 74 (잠실동, 잠실월드메르디앙)",서울특별시 송파구 잠실동 175-22 월드메르디앙 지하2층동,영업/정상
V50274A7861A5,우성헬스 2,서초구,exercise_body,public_license_registry,OA-16142,체력단련장업,,3210000,CDFH3301062001000007,"서울특별시 서초구 서초중앙로 72  (서초동,지하1층)",서울특별시 서초구 서초동 1624-1 지하1층,영업/정상
V50623D18ABB3,더바른몸,강남구,exercise_body,public_license_registry,OA-16142,체력단련장업,,3220000,CDFH3301062017000042,"서울특별시 강남구 봉은사로 107, 지하1층 (논현동)",서울특별시 강남구 논현동 201-16 지하1층,영업/정상
V5066123D2DB4,피트니스지앤지,강남구,exercise_body,public_license_registry,OA-16142,체력단련장업,,3220000,CDFH3301062021000017,"서울특별시 강남구 강남대로 240, 양재SK허브프리모 지하2층 (도곡동)",서울특별시 강남구 도곡동 953-1 양재SK허브프리모,영업/정상
V5068BB59CD71,마천경희한의원,송파구,medical_wellness,public_license_registry,OA-16480,한의원,"한방내과, 한방부인과, 한방소아과, 한방안?이비인후?피부과, 한방신경정신과, 한방재활의학과, 사상체질과, 침구과",3230000,PHMA120203230034041100034,"서울특별시 송파구 거마로 62, 효명빌딩 3층 302호 (마천동)",,영업/정상
V509400261E46,원핏,송파구,exercise_body,public_license_registry,OA-16142,체력단련장업,,3230000,CDFH3301062022000020,"서울특별시 송파구 올림픽로 145, 리센츠 2층 A54호 (잠실동)",서울특별시 송파구 잠실동 22-6 리센츠 2층 A54호,영업/정상
V509EB0911F15,(주)일원투엑스휘트니스,강남구,exercise_body,public_license_registry,OA-16142,체력단련장업,,3220000,CDFH3301062018000035,"서울특별시 강남구 일원로 115, 삼성생명 일원동 빌딩 B202호 (일원동)",서울특별시 강남구 일원동 717 삼성생명 일원동 빌딩,영업/정상
V50A1005B8091,신한의원,강남구,medical_wellness,public_license_registry,OA-16480,한의원,"한방내과, 한방부인과, 한방소아과, 한방안?이비인후?피부과, 한방신경정신과, 한방재활의학과, 사상체질과, 침구과",3220000,PHMA120013220033041101832,"서울특별시 강남구 삼성로 212, A동 208호 (대치동, 은마아파트)",서울특별시 강남구 대치동 316번지 은마아파트 A동 208호,영업/정상
V50A64512DFF2,정화한의원,강남구,medical_wellness,public_license_registry,OA-16480,한의원,"한방내과, 한방부인과, 한방소아과, 한방안?이비인후?피부과, 한방신경정신과, 한방재활의학과, 사상체질과, 침구과",3220000,PHMA120213220033041100031,"서울특별시 강남구 봉은사로 474, 205호 (삼성동, 쌍용 플래티넘)",서울특별시 강남구 삼성동 117 쌍용 플래티넘 205호,영업/정상
V50B8E9872C49,글로우짐,서초구,exercise_body,public_license_registry,OA-16142,체력단련장업,,3210000,CDFH3301062022000011,"서울특별시 서초구 고무래로 32, 반포트라이엄프메딕스빌딩 지층 (반포동)",서울특별시 서초구 반포동 32-1 반포트라이엄프메딕스빌딩,영업/정상
V50D3D5107D37,리치미의원,서초구,medical_wellness,public_license_registry,OA-16480,의원,"내과, 정형외과, 성형외과, 소아청소년과, 이비인후과, 피부과",3210000,PHMA120223210034041100069,"서울특별시 서초구 강남대로 589, 1동 702호 (잠원동)",서울특별시 서초구 잠원동 27-2,영업/정상
V50D528B79271,한가람신경외과의원,강남구,medical_wellness,public_license_registry,OA-16480,의원,"정형외과, 신경외과, 마취통증의학과, 재활의학과",3220000,PHMA120213220033041100152,"서울특별시 강남구 논현로 550, 라현빌딩 2.3.4.5층 (역삼동)",서울특별시 강남구 역삼동 659-6 라현빌딩,영업/정상
V50DDCE096726,서초경희한의원,서초구,medical_wellness,public_license_registry,OA-16480,한의원,"한방내과, 한방부인과, 한방소아과, 한방안?이비인후?피부과, 한방신경정신과, 한방재활의학과, 사상체질과, 침구과",3210000,PHMA120033210034041100001,서울특별시 서초구 방배로 36 (방배동),서울특별시 서초구 방배3동 1023번지 6호,영업/정상
V50EE6D8C2489,바디스 짐,강남구,exercise_body,public_license_registry,OA-16142,체력단련장업,,3220000,CDFH3301062022000013,"서울특별시 강남구 학동로 233, 디와이빌딩 지하1층 (논현동)",서울특별시 강남구 논현동 90-7 디와이빌딩,영업/정상
V50F3AE62FCFB,압구정한강한의원,강남구,medical_wellness,public_license_registry,OA-16480,한의원,"한방내과, 한방부인과, 한방소아과, 한방안?이비인후?피부과, 한방신경정신과, 침구과",3220000,PHMA120253220033041100001,"서울특별시 강남구 압구정로 162, 베네하임시티 3층 305, 306호 (신사동)",,영업/정상
V5103C804470E,휴한의원,강남구,medical_wellness,public_license_registry,OA-16480,한의원,"한방내과, 한방부인과, 한방소아과, 한방안?이비인후?피부과, 한방신경정신과, 한방재활의학과, 사상체질과, 침구과",3220000,PHMA120093220033041100173,"서울특별시 강남구 봉은사로 310, 숨빌딩 8층 (역삼동)",,영업/정상
V512C3A02BBAF,강민한의원,서초구,medical_wellness,public_license_registry,OA-16480,한의원,"한방내과, 한방부인과, 한방소아과, 한방안?이비인후?피부과, 한방신경정신과, 한방재활의학과, 사상체질과, 침구과",3210000,PHMA120213210034041100074,"서울특별시 서초구 고무래로 32, 반포트라이엄프메딕스빌딩 202호 (반포동)",,영업/정상
V5143F5D6E1E0,사랑나눔한의원,송파구,medical_wellness,public_license_registry,OA-16480,한의원,"한방내과, 한방부인과, 한방소아과, 한방안?이비인후?피부과, 한방신경정신과, 한방재활의학과, 사상체질과, 침구과",3230000,PHMA120093230034041100017,"서울특별시 송파구 올림픽로 435, 311호 (신천동, 파크리오)",,영업/정상
V514A5034FC11,효 GYM,송파구,exercise_body,public_license_registry,OA-16142,체력단련장업,,3230000,CDFH3301062019000020,"서울특별시 송파구 백제고분로27길 11, 2층 (삼전동)",서울특별시 송파구 삼전동 99-11 2층,영업/정상
V514E66D555E9,연세자연의원,강남구,medical_wellness,public_license_registry,OA-16480,의원,"내과, 신경과, 정형외과, 마취통증의학과, 가정의학과",3220000,PHMA120143220033041100215,"서울특별시 강남구 선릉로 515 (역삼동, 4층일부)",서울특별시 강남구 역삼동 705번지 24호 4층일부,영업/정상
V5172607BAD51,나누리운동센터(176),강남구,exercise_body,public_license_registry,OA-16142,체력단련장업,,3220000,CDFH3301062007000003,"서울특별시 강남구 언주로 731  (논현동,지상 3층)",서울특별시 강남구 논현동 63-8 지상 3층,영업/정상
V5187DC757733,강남역2호점 스포애니 (주)케이디헬스케어,서초구,exercise_body,public_license_registry,OA-16142,체력단련장업,,3210000,CDFH3301062013000005,"서울특별시 서초구 서초대로78길 44 (서초동, 나산스위트 지하1층)",서울특별시 서초구 서초동 1330-16 나산스위트 지하1층,영업/정상
V5192C573C1A6,여성전문 아라짐 천호 pt&필라테스,송파구,exercise_body,public_license_registry,OA-16142,체력단련장업,,3230000,CDFH3301062026000002,"서울특별시 송파구 올림픽로 583-1, 2,3층 (풍납동)",서울특별시 송파구 풍납동 496-1 미고빌딩,영업/정상
V51C8AD7E56C4,슬림 앤 벌크,송파구,exercise_body,public_license_registry,OA-16142,체력단련장업,,3230000,CDFH3301062024000004,"서울특별시 송파구 오금로36길 37, 2층 (가락동)",서울특별시 송파구 가락동 30-1 2층,영업/정상
V51E1420EA8D0,짐구석,송파구,exercise_body,public_license_registry,OA-16142,체력단련장업,,3230000,CDFH3301062019000010,"서울특별시 송파구 위례광장로 200, 에스비트램스퀘어 10층 (장지동)",서울특별시 송파구 장지동 881-5 에스비트램스퀘어,영업/정상
V51E2D1456C97,하이앤드 피티팟,강남구,exercise_body,public_license_registry,OA-16142,체력단련장업,,3220000,CDFH3301062023000037,"서울특별시 강남구 선릉로153길 8, 4층 (신사동)",서울특별시 강남구 신사동 665-8,영업/정상
V51E8E2AA1569,모어피티랩(MORE PT lab),송파구,exercise_body,public_license_registry,OA-16142,체력단련장업,,3230000,CDFH3301062021000007,"서울특별시 송파구 삼학사로14길 15, 2층 (석촌동)",서울특별시 송파구 석촌동 12-14,영업/정상
V51F2E4838E96,F45,강남구,exercise_body,public_license_registry,OA-16142,체력단련장업,,3220000,CDFH3301062023000029,"서울특별시 강남구 선릉로93길 8, 지하1층 (역삼동)",서울특별시 강남구 역삼동 696-18,영업/정상
V51F7B7AEE3B5,이동근 바디퍼포먼스,서초구,exercise_body,public_license_registry,OA-16142,체력단련장업,,3210000,CDFH3301062015000013,"서울특별시 서초구 반포대로 43, 지층 (서초동)",서울특별시 서초구 서초동 1534-5,영업/정상
V51F8DABFA2C9,서프라이즈짐,강남구,exercise_body,public_license_registry,OA-16142,체력단련장업,,3220000,CDFH3301062014000049,"서울특별시 강남구 남부순환로365길 39, 2층 (도곡동)",서울특별시 강남구 도곡동 902-124 2층,영업/정상
V525A44294AEE,송파바른정형외과의원,송파구,medical_wellness,public_license_registry,OA-16480,의원,"내과, 외과, 정형외과, 신경외과, 마취통증의학과, 피부과, 재활의학과",3230000,PHMA120223230034041100011,"서울특별시 송파구 가락로 78, 3층 302~304호 (석촌동)",서울특별시 송파구 석촌동 255-1,영업/정상
V525FDA2D0B83,잠실삼성정신건강의학과의원,송파구,medical_wellness,public_license_registry,OA-16480,의원,"내과, 신경과, 정신건강의학과, 외과, 소아청소년과, 안과, 이비인후과, 피부과, 재활의학과, 가정의학과",3230000,PHMA120213230034041100024,"서울특별시 송파구 올림픽로 212, 2층 210호 (잠실동, 갤러리아팰리스)",서울특별시 송파구 잠실동 40 갤러리아팰리스,영업/정상
V52628099FDD2,브이엔성형외과의원,서초구,medical_wellness,public_license_registry,OA-16480,의원,"내과, 신경과, 외과, 정형외과, 신경외과, 심장혈관흉부외과, 성형외과, 마취통증의학과, 산부인과, 소아청소년과, 안과, 이비인후과, 피부과, 비뇨의학과, 영상의학과",3210000,PHMA120223210034041100105,"서울특별시 서초구 강남대로 441, 서산빌딩 5층 (서초동)",서울특별시 서초구 서초동 1305 서산빌딩,영업/정상
V5266E196EF9F,하랑한의원,강남구,medical_wellness,public_license_registry,OA-16480,한의원,"한방내과, 한방부인과, 한방소아과, 한방안?이비인후?피부과, 한방신경정신과, 한방재활의학과, 사상체질과, 침구과",3220000,PHMA120253220033041100094,"서울특별시 강남구 압구정로30길 17, 이소니프라자 3층 (신사동)",,영업/정상
V526B567FD0E8,방배도원한의원,서초구,medical_wellness,public_license_registry,OA-16480,한의원,"한방내과, 한방부인과, 한방소아과, 한방안?이비인후?피부과, 한방신경정신과, 한방재활의학과, 사상체질과, 침구과",3210000,PHMA120143210034041100031,"서울특별시 서초구 동작대로 90, 4층 (방배동)",서울특별시 서초구 방배동 3005번지 4층,영업/정상
V527941326D6F,24시 PT&태닝,강남구,exercise_body,public_license_registry,OA-16142,체력단련장업,,3220000,CDFH3301062019000010,"서울특별시 강남구 개포로 233, 유림빌딩 (개포동)",서울특별시 강남구 개포동 1258-6 유림빌딩,영업/정상
V5285C385F429,디프로 PT,강남구,exercise_body,public_license_registry,OA-16142,체력단련장업,,3220000,CDFH3301062023000017,"서울특별시 강남구 봉은사로 467, 세창빌딩 3, 4층 (삼성동)",서울특별시 강남구 삼성동 49-11 세창빌딩,영업/정상
V52DD04B31317,CN스파,서초구,relax_recovery,public_license_registry,OA-16146,공동탕업+찜질시설서비스영업,,3210000,3210000-202-2009-00002,"서울특별시 서초구 사평대로 126, 지하1~2층, 4~6층 (반포동)","서울특별시 서초구 반포동 93-1 지하1~2층, 4~6층",영업/정상
V52F611E20671,바디에디트,서초구,exercise_body,public_license_registry,OA-16142,체력단련장업,,3210000,CDFH3301062025000001,"서울특별시 서초구 사평대로53길 27, 2층 (반포동)",서울특별시 서초구 반포동 733-14,영업/정상
V530957C0DE37,한맘플러스재활의학과의원,강남구,medical_wellness,public_license_registry,OA-16480,의원,"내과, 정형외과, 마취통증의학과, 피부과, 재활의학과",3220000,PHMA120123220033041100208,"서울특별시 강남구 역삼로 527, 그린메디칼사옥 1-2층,3층은일부층 (대치동)",서울특별시 강남구 대치동 953-17 그린메디칼사옥,영업/정상
V533B0978DD25,바라다한의원,송파구,medical_wellness,public_license_registry,OA-16480,한의원,"한방내과, 한방부인과, 한방소아과, 한방안?이비인후?피부과, 한방신경정신과, 한방재활의학과, 사상체질과, 침구과",3230000,PHMA120223230034041100059,"서울특별시 송파구 백제고분로 386, 5층 (송파동)",,영업/정상
V5348B3B44422,(주)잠실투엑스 휘트니스,송파구,exercise_body,public_license_registry,OA-16142,체력단련장업,,3230000,CDFH3301062014000004,"서울특별시 송파구 올림픽로 145, 지층층 1-19호 (잠실동)",서울특별시 송파구 잠실동 22-6 지층1-19,영업/정상
V534F81BD109C,송파센텀정형외과의원,송파구,medical_wellness,public_license_registry,OA-16480,의원,"정형외과, 신경외과, 마취통증의학과, 소아청소년과, 영상의학과, 재활의학과",3230000,PHMA120223230034041100041,"서울특별시 송파구 오금로 543, 4층, 5층(거여동, 서평프라자) (거여동)",,영업/정상
V536251D95A10,더웰스의원,송파구,medical_wellness,public_license_registry,OA-16480,의원,"내과, 신경과, 정형외과, 신경외과, 재활의학과",3230000,PHMA120143230034041100010,서울특별시 송파구 올림픽로 96 (잠실동),서울특별시 송파구 잠실동 181번지 501호,영업/정상
V5369FDB8A0DD,유대현나경선내과의원,서초구,medical_wellness,public_license_registry,OA-16480,의원,"내과, 정형외과, 마취통증의학과, 재활의학과",3210000,PHMA120133210034041100068,"서울특별시 서초구 서초중앙로 26, 220호 221일부호 (서초동, 래미안 서초유니빌)",서울특별시 서초구 서초동 1445-4,영업/정상
V536B4D950D3C,365쌩쌩한의원,송파구,medical_wellness,public_license_registry,OA-16480,한의원,"한방내과, 한방부인과, 한방소아과, 한방안?이비인후?피부과, 한방신경정신과, 한방재활의학과, 사상체질과, 침구과",3230000,PHMA120243230034041100021,"서울특별시 송파구 가락로 210, 102호 (송파동)",,영업/정상
V536CD7999012,유케이백비한의원,서초구,medical_wellness,public_license_registry,OA-16480,한의원,"한방내과, 한방부인과, 한방소아과, 한방안?이비인후?피부과, 한방신경정신과, 한방재활의학과, 사상체질과, 침구과",3210000,PHMA120253210034041100068,"서울특별시 서초구 서초중앙로22길 25, 201호 (서초동, 서초리시온)",,영업/정상
V5394D635EF91,서울편한마취통증의학과의원,서초구,medical_wellness,public_license_registry,OA-16480,의원,"내과, 정형외과, 신경외과, 마취통증의학과, 재활의학과, 가정의학과",3210000,PHMA120253210034041100024,"서울특별시 서초구 방배로 90, 농전빌딩 6층 (방배동)",서울특별시 서초구 방배동 908-7 농전빌딩,영업/정상
V539756A15472,퍼스트한의원,강남구,medical_wellness,public_license_registry,OA-16480,한의원,"한방내과, 한방부인과, 한방소아과, 한방안?이비인후?피부과, 한방신경정신과, 한방재활의학과, 사상체질과, 침구과",3220000,PHMA120243220033041100076,"서울특별시 강남구 선릉로 28, 일영빌딩 3층 (개포동)",,영업/정상
V53B3C0DDC144,기운드림한의원,강남구,medical_wellness,public_license_registry,OA-16480,한의원,"한방내과, 한방부인과, 한방소아과, 한방안?이비인후?피부과, 한방신경정신과, 한방재활의학과, 사상체질과, 침구과",3220000,PHMA120173220033041100099,"서울특별시 강남구 도곡로 408, 4층 (대치동, 디마크 빌딩)",서울특별시 강남구 대치동 1024번지,영업/정상
V53BDAE84F080,Awaken Strength,강남구,exercise_body,public_license_registry,OA-16142,체력단련장업,,3220000,CDFH3301062018000043,"서울특별시 강남구 학동로6길 51, 지층 (논현동)",서울특별시 강남구 논현동 158-34,영업/정상
V53C4ABD4A20F,최필선한의원,강남구,medical_wellness,public_license_registry,OA-16480,한의원,"한방내과, 한방부인과, 한방소아과, 한방안?이비인후?피부과, 한방신경정신과, 한방재활의학과, 사상체질과, 침구과",3220000,PHMA119813220033041101728,"서울특별시 강남구 삼성로 212, B동 202층 (대치동, 은마상가)",서울특별시 강남구 대치1동 316번지 은마상가 B동 202호,영업/정상
V5403D106AAC1,주식회사 위너즈,강남구,exercise_body,public_license_registry,OA-16142,체력단련장업,,3220000,CDFH3301062023000035,"서울특별시 강남구 봉은사로22길 18, 지하1층 (역삼동)",서울특별시 강남구 역삼동 611-3,영업/정상
V540B012D8327,명성한의원,강남구,medical_wellness,public_license_registry,OA-16480,한의원,"한방내과, 한방부인과, 한방소아과, 한방안?이비인후?피부과, 한방신경정신과, 한방재활의학과, 사상체질과, 침구과",3220000,PHMA119923220033041101765,서울특별시 강남구 강남대로58길 45 (도곡동),서울특별시 강남구 도곡1동 552번지 12호,영업/정상
V541472512F29,(주)잠실투엑스휘트니스,송파구,exercise_body,public_license_registry,OA-16142,체력단련장업,,3230000,CDFH3301062007000010,"서울특별시 송파구 송파대로28길 27 (가락동, 송파성원쌍떼빌)","서울특별시 송파구 가락동 80 송파성원쌍떼빌 B01, B04",영업/정상
V542BCB47984C,성신당한의원,서초구,medical_wellness,public_license_registry,OA-16480,한의원,"한방내과, 한방부인과, 한방소아과, 한방안?이비인후?피부과, 한방신경정신과, 한방재활의학과, 사상체질과, 침구과",3210000,PHMA120053210034041100011,"서울특별시 서초구 반포대로21길 23, 2층 (서초동)",서울특별시 서초구 서초동 1510번지 2호 2층,영업/정상
V5431DF37EEC8,셀리움의원,서초구,medical_wellness,public_license_registry,OA-16480,의원,"정형외과, 피부과, 가정의학과",3210000,PHMA120263210034041100069,"서울특별시 서초구 강남대로 531, 3층 (반포동)",서울특별시 서초구 반포동 722,영업/정상
V546F6B5BB442,양재마디튼튼의원,서초구,medical_wellness,public_license_registry,OA-16480,의원,"정형외과, 신경외과, 마취통증의학과, 재활의학과",3210000,PHMA120243210034041100028,"서울특별시 서초구 강남대로 206, 4층 (양재동)",서울특별시 서초구 양재동 14-1,영업/정상
V5473D8B5B680,올림픽헬스교실,송파구,exercise_body,public_license_registry,OA-16142,체력단련장업,,3230000,CDFH3301062001000011,서울특별시 송파구 올림픽로 424 (방이동),서울특별시 송파구 방이동 88-2,영업/정상
V5494D028756E,블루덤벨,송파구,exercise_body,public_license_registry,OA-16142,체력단련장업,,3230000,CDFH3301062022000016,"서울특별시 송파구 올림픽로 108, 맥스빌딩 10층 (잠실동)",서울특별시 송파구 잠실동 181-9 맥스빌딩 10층,영업/정상
V54AA8A911072,서울성모비앤피(BNP)의원,서초구,medical_wellness,public_license_registry,OA-16480,의원,"내과, 신경과, 정신건강의학과, 외과, 정형외과, 신경외과, 심장혈관흉부외과, 성형외과, 마취통증의학과, 산부인과, 소아청소년과, 안과, 이비인후과, 피부과, 비뇨의학과, 영상의학과, 재활의학과, 결핵과, 가정의학과, 직업환경의학과, 응급의학과, 예방의학과",3210000,PHMA120193210034041100013,"서울특별시 서초구 언남1길 3, 2층 (양재동)",서울특별시 서초구 양재동 244번지 3호 2층,영업/정상
V54AE181B671E,코어핏(Corefit),서초구,exercise_body,public_license_registry,OA-16142,체력단련장업,,3210000,CDFH3301062015000002,"서울특별시 서초구 사평대로20길 3 (반포동, 신화빌딩 1층)",서울특별시 서초구 반포동 106-13 신화빌딩 1층,영업/정상
V54CDCE58537A,관악신안스포츠클럽(헬스),강남구,exercise_body,public_license_registry,OA-16142,체력단련장업,,3220000,CDFH3301062023000041,"서울특별시 강남구 테헤란로 512, 신안빌딩 B2호 (대치동)",서울특별시 강남구 대치동 943-19 신안빌딩,영업/정상
V54D51B028549,동그라미한의원,강남구,medical_wellness,public_license_registry,OA-16480,한의원,"한방내과, 한방부인과, 한방소아과, 한방안?이비인후?피부과, 한방신경정신과, 한방재활의학과, 사상체질과, 침구과",3220000,PHMA120183220033041100204,"서울특별시 강남구 도곡로 442, 진흥빌딩 2층 202호 (대치동)",서울특별시 강남구 대치동 1022번지 2호 진흥빌딩 2층 202호,영업/정상
V54FD008840F7,제니스플로우 PT&Pilates,서초구,exercise_body,public_license_registry,OA-16142,체력단련장업,,3210000,CDFH3301062025000021,"서울특별시 서초구 방배로34길 12, 2층 (방배동)",서울특별시 서초구 방배동 809-1,영업/정상
V552987D3CDDB,오비주한의원,강남구,medical_wellness,public_license_registry,OA-16480,한의원,"한방내과, 한방부인과, 한방소아과, 한방안?이비인후?피부과, 침구과",3220000,PHMA120143220033041100193,"서울특별시 강남구 도산대로49길 8, YK빌딩 3층 (신사동)",서울특별시 강남구 신사동 652-3 YK빌딩,영업/정상
V5574EBF887B7,로얄바디짐,서초구,exercise_body,public_license_registry,OA-16142,체력단련장업,,3210000,CDFH3301062014000012,"서울특별시 서초구 동광로 106 (방배동, 2층)",서울특별시 서초구 방배동 807-9 2층,영업/정상
V558442C4477D,엠알티핏 잠실점,송파구,exercise_body,public_license_registry,OA-16142,체력단련장업,,3230000,CDFH3301062021000011,"서울특별시 송파구 백제고분로19길 4, 뜨레피움2차 지1층 비01호 (잠실동)",서울특별시 송파구 잠실동 250 뜨레피움2차,영업/정상
V5585414EF99C,린의원,강남구,medical_wellness,public_license_registry,OA-16480,의원,"정형외과, 마취통증의학과, 피부과, 가정의학과",3220000,PHMA120073220033041100895,"서울특별시 강남구 압구정로 450, 4,5층 (청담동)",서울특별시 강남구 청담동 99-20,영업/정상
V55A68445129E,단한의원,서초구,medical_wellness,public_license_registry,OA-16480,한의원,"한방내과, 한방부인과, 한방소아과, 한방안?이비인후?피부과, 한방신경정신과, 한방재활의학과, 사상체질과, 침구과",3210000,PHMA119893210034041100014,"서울특별시 서초구 방배로10길 4, 거양빌딩 1호 (방배동)",서울특별시 서초구 방배동 983번지 1호 거양빌딩,영업/정상
V55AF2B290295,잠실튼튼본의원,송파구,medical_wellness,public_license_registry,OA-16480,의원,"정형외과, 신경외과, 마취통증의학과, 재활의학과",3230000,PHMA120243230034041100031,"서울특별시 송파구 올림픽로35길 124, 장미아파트 에이상가 1층 101호 (신천동)",서울특별시 송파구 신천동 7 장미아파트 에이상가,영업/정상
V55BCFE6BDEEF,엑스바디짐,강남구,exercise_body,public_license_registry,OA-16142,체력단련장업,,3220000,CDFH3301062025000001,"서울특별시 강남구 일원로9길 24, 지하층 (일원동)",서울특별시 강남구 일원동 666-1 지하1층,영업/정상
V55D47BD4F83F,BNB 퍼스널 트레이닝 스튜디오,강남구,exercise_body,public_license_registry,OA-16142,체력단련장업,,3220000,CDFH3301062012000028,"서울특별시 강남구 압구정로46길 35, 2층 (신사동)",서울특별시 강남구 신사동 642-20,영업/정상
V55DA9CC45E84,잠실삼성365의원,송파구,medical_wellness,public_license_registry,OA-16480,의원,"내과, 신경과, 외과, 정형외과, 소아청소년과, 이비인후과, 피부과, 비뇨의학과, 가정의학과, 응급의학과",3230000,PHMA120263230034041100010,"서울특별시 송파구 올림픽로35길 45, 308~312호 (신천동)",서울특별시 송파구 신천동 20-4,영업/정상
V55F8124369F9,김건웅한의원,강남구,medical_wellness,public_license_registry,OA-16480,한의원,"한방내과, 한방부인과, 한방소아과, 한방안?이비인후?피부과, 한방신경정신과, 한방재활의학과, 사상체질과, 침구과",3220000,PHMA120193220033041100073,"서울특별시 강남구 학동로 423, 205호 (청담동)",,영업/정상
V564AB065C976,고수련한의원,강남구,medical_wellness,public_license_registry,OA-16480,한의원,"한방내과, 한방부인과, 한방소아과, 한방안?이비인후?피부과, 한방신경정신과, 한방재활의학과, 사상체질과, 침구과, 한방응급과",3220000,PHMA120203220033041100083,"서울특별시 강남구 논현로154길 15, 6층 (신사동)",서울특별시 강남구 신사동 591-9,영업/정상
V564BCA5563CB,토마스신경외과의원,서초구,medical_wellness,public_license_registry,OA-16480,의원,"신경과, 정형외과, 신경외과, 마취통증의학과, 재활의학과",3210000,PHMA120263210034041100021,"서울특별시 서초구 잠원로8길 25, 2층 (잠원동)",서울특별시 서초구 잠원동 57-20,영업/정상
V565A659E6958,윤경재한의원,송파구,medical_wellness,public_license_registry,OA-16480,한의원,"한방내과, 한방부인과, 한방소아과, 한방안?이비인후?피부과, 한방신경정신과, 한방재활의학과, 사상체질과, 침구과",3230000,PHMA119943230034041100545,"서울특별시 송파구 올림픽로35길 112, 장미아파트 비상가 1동 4층 6호 (신천동)",서울특별시 송파구 신천동 7번지 장미아파트 비상가,영업/정상
V566E57B10DBA,본즈한의원,송파구,medical_wellness,public_license_registry,OA-16480,한의원,"한방내과, 한방부인과, 한방소아과, 한방재활의학과, 침구과",3230000,PHMA120253230034041100009,"서울특별시 송파구 올림픽로 100, 효창타워 5층 2호 (잠실동)",서울특별시 송파구 잠실동 181-3 효창타워,영업/정상
V56839A1D13A2,안심서울마취통증의학과의원,강남구,medical_wellness,public_license_registry,OA-16480,의원,"내과, 신경과, 정형외과, 마취통증의학과, 재활의학과",3220000,PHMA120253220033041100170,"서울특별시 강남구 도산대로 237, 현대벨로스오피스텔 5층 (신사동)",,영업/정상
V5697F209E443,근육터짐 지방빠짐 2호점,송파구,exercise_body,public_license_registry,OA-16142,체력단련장업,,3230000,CDFH3301062018000005,"서울특별시 송파구 삼학사로 81, 서울빌딩 (삼전동)",서울특별시 송파구 삼전동 131-5 서울빌딩,영업/정상
V569BADC35C88,사랑한의원,송파구,medical_wellness,public_license_registry,OA-16480,한의원,"한방내과, 한방부인과, 한방소아과, 한방안?이비인후?피부과, 한방신경정신과, 한방재활의학과, 사상체질과, 침구과",3230000,PHMA120103230034041100031,"서울특별시 송파구 올림픽로12길 34 (잠실동,2층)",,영업/정상
V56B28CCBD89C,N피티앤필라테스,서초구,exercise_body,public_license_registry,OA-16142,체력단련장업,,3210000,CDFH3301062023000013,"서울특별시 서초구 태봉로 62, 네이처프라자 501호 (우면동)",서울특별시 서초구 우면동 725 네이처프라자,영업/정상
V56CB1288AEC6,엠브이엠 거여역점,송파구,exercise_body,public_license_registry,OA-16142,체력단련장업,,3230000,CDFH3301062021000016,"서울특별시 송파구 양산로4길 9, 2층 (거여동)",서울특별시 송파구 거여동 290-2 2층,영업/정상
V56E2811990EE,송파삼성탑정형외과의원,송파구,medical_wellness,public_license_registry,OA-16480,의원,"외과, 정형외과, 신경외과, 마취통증의학과, 재활의학과",3230000,PHMA120223230034041100070,"서울특별시 송파구 동남로 240-6, 2층 201,202,203호 (가락동, 테라펠리체 송파)",서울특별시 송파구 가락동 166-6 테라펠리체 송파,영업/정상
V56E67290B6F2,대화당한의원,강남구,medical_wellness,public_license_registry,OA-16480,한의원,"한방내과, 한방부인과, 한방소아과, 한방안?이비인후?피부과, 한방신경정신과, 한방재활의학과, 사상체질과, 침구과",3220000,PHMA120033220033041101855,"서울특별시 강남구 테헤란로25길 11, 3층 (역삼동)",서울특별시 강남구 역삼동 644-11,영업/정상
V56EE653B70E7,에이제이짐,서초구,exercise_body,public_license_registry,OA-16142,체력단련장업,,3210000,CDFH3301062020000017,"서울특별시 서초구 서초대로 13, 방배 마에스트로 204호 (방배동)",서울특별시 서초구 방배동 866-10 방배 마에스트로,영업/정상
V57098904CCCF,현대사랑의원,강남구,medical_wellness,public_license_registry,OA-16480,의원,"내과, 신경과, 정신건강의학과, 외과, 정형외과, 신경외과, 소아청소년과, 안과, 이비인후과, 피부과, 비뇨의학과, 가정의학과",3220000,PHMA120213220033041100109,"서울특별시 강남구 압구정로29길 68(압구정동, 현대아파트)",서울특별시 강남구 압구정동 455 현대아파트,영업/정상
V572395682D50,마디본의원,강남구,medical_wellness,public_license_registry,OA-16480,의원,"외과, 정형외과, 마취통증의학과, 재활의학과",3220000,PHMA120203220033041100187,"서울특별시 강남구 테헤란로 333, 신도벤처타워 1층일부,5층 (역삼동)",서울특별시 강남구 역삼동 705-18 신도벤처타워,영업/정상
V57275265721F,대청종합사회복지관탕,강남구,relax_recovery,public_license_registry,OA-16146,공동탕업,,3220000,3220000-202-1993-00255,서울특별시 강남구 양재대로55길 10 (일원동),서울특별시 강남구 일원동 711 도시개발,영업/정상
V5732CE6E4802,움직임플러스 청담,강남구,exercise_body,public_license_registry,OA-16142,체력단련장업,,3220000,CDFH3301062022000054,"서울특별시 강남구 도산대로 454, 201호 (청담동, 청담휴먼스타빌)",서울특별시 강남구 청담동 5-25 청담휴먼스타빌,영업/정상
V573BD3CD87F5,블루베리짐,송파구,exercise_body,public_license_registry,OA-16142,체력단련장업,,3230000,CDFH3301062023000026,"서울특별시 송파구 석촌호수로 172, 정한빌딩 (삼전동)",서울특별시 송파구 삼전동 130 정한빌딩,영업/정상
V573FB0907FC3,논현본앤힐정형외과마취통증의학과의원,강남구,medical_wellness,public_license_registry,OA-16480,의원,"내과, 정형외과, 마취통증의학과, 재활의학과, 응급의학과",3220000,PHMA120263220033041100143,"서울특별시 강남구 강남대로 530, 미사랑빌딩 지하1,2,3층 (논현동)",서울특별시 강남구 논현동 143-5 미사랑빌딩,영업/정상
V578DD6855094,어반필드 역삼점,강남구,exercise_body,public_license_registry,OA-16142,체력단련장업,,3220000,CDFH3301062024000027,"서울특별시 강남구 논현로85길 70, 지하2층 (역삼동)",서울특별시 강남구 역삼동 823-16,영업/정상
V579648F89184,개롱 PT,송파구,exercise_body,public_license_registry,OA-16142,체력단련장업,,3230000,CDFH3301062024000035,"서울특별시 송파구 오금로 400, 4층 402호 (가락동)",서울특별시 송파구 가락동 166,영업/정상
V57D24A98AB6E,BodyCafe,송파구,exercise_body,public_license_registry,OA-16142,체력단련장업,,3230000,CDFH3301062015000009,서울특별시 송파구 위례성대로18길 31-12 (방이동),서울특별시 송파구 방이동 207-2 5층,영업/정상
V57D3F086F5AB,연세오케이신경외과의원,송파구,medical_wellness,public_license_registry,OA-16480,의원,"내과, 정형외과, 신경외과, 마취통증의학과, 산부인과, 소아청소년과, 피부과, 비뇨의학과, 재활의학과, 가정의학과",3230000,PHMA120153230034041100039,"서울특별시 송파구 오금로 404, 3층 304호 (가락동, 원일빌딩)",서울특별시 송파구 가락동 167번지 3층 304호,영업/정상
V57E9966C817D,V therapy 안티에이징센터,송파구,exercise_body,public_license_registry,OA-16142,체력단련장업,,3230000,CDFH3301062021000012,"서울특별시 송파구 가락로 209, 사이언스빌딩 4층 (송파동)",서울특별시 송파구 송파동 143-2 사이언스빌딩,영업/정상
V57F0FBE112EE,펜타짐,송파구,exercise_body,public_license_registry,OA-16142,체력단련장업,,3230000,CDFH3301062014000010,"서울특별시 송파구 백제고분로34길 3, 지하1층 (석촌동)",서울특별시 송파구 석촌동 235-17 지하1층,영업/정상
V57FB2E11FE46,다솜한의원,강남구,medical_wellness,public_license_registry,OA-16480,한의원,"한방내과, 한방부인과, 한방소아과, 한방안?이비인후?피부과, 한방신경정신과, 한방재활의학과, 사상체질과, 침구과",3220000,PHMA119883220033041101750,"서울특별시 강남구 삼성로 237, 1층 (대치동)",서울특별시 강남구 대치동 1021-10,영업/정상
V581E4368EE52,강남신광한의원,서초구,medical_wellness,public_license_registry,OA-16480,한의원,"한방내과, 한방부인과, 한방소아과, 한방안?이비인후?피부과, 한방신경정신과, 한방재활의학과, 사상체질과, 침구과",3210000,PHMA120153210034041100066,"서울특별시 서초구 서초대로73길 40, 301,303호 (서초동, 강남오피스텔)","서울특별시 서초구 서초동 1308번지 25호 강남오피스텔 301,303호",영업/정상
V58214475B289,논현신사정형외과의원,강남구,medical_wellness,public_license_registry,OA-16480,의원,"정형외과, 신경외과, 마취통증의학과, 재활의학과",3220000,PHMA120203220033041100203,"서울특별시 강남구 강남대로 596, 극동빌딩 지하1층 (논현동)",서울특별시 강남구 논현동 17-5 극동빌딩,영업/정상
V582EE489BE13,한나라한의원,강남구,medical_wellness,public_license_registry,OA-16480,한의원,"한방내과, 한방부인과, 한방소아과, 한방안?이비인후?피부과, 한방신경정신과, 한방재활의학과, 사상체질과, 침구과",3220000,PHMA120213220033041100127,"서울특별시 강남구 테헤란로 421, 암천BLDG 6층 (삼성동)",,영업/정상
V583EB7F1AAE8,진주사우나,송파구,relax_recovery,public_license_registry,OA-16146,공동탕업,,3230000,3230000-202-2003-00051,서울특별시 송파구 석촌호수로12길 8 (잠실동),서울특별시 송파구 잠실동 208-6,영업/정상
V5847D09859ED,SH메디휘트니스,서초구,exercise_body,public_license_registry,OA-16142,체력단련장업,,3210000,CDFH3301062009000009,"서울특별시 서초구 남부순환로 2614 (양재동, 한솔로이젠트 B01호)",서울특별시 서초구 양재동 11-17 한솔로이젠트 B01,영업/정상
V585EC6F2C95A,영동한의원,강남구,medical_wellness,public_license_registry,OA-16480,한의원,"한방내과, 한방부인과, 한방소아과, 한방안?이비인후?피부과, 한방신경정신과, 한방재활의학과, 사상체질과, 침구과",3220000,PHMA119803220033041101727,"서울특별시 강남구 학동로 327, 2,3층 (논현동, YD빌딩)",,영업/정상
V58652FB68F16,송파굿정형외과의원,송파구,medical_wellness,public_license_registry,OA-16480,의원,"정형외과, 신경외과, 마취통증의학과, 재활의학과",3230000,PHMA120193230034041100023,"서울특별시 송파구 백제고분로 460, 5층 (방이동)",서울특별시 송파구 방이동 110번지 3호,영업/정상
V586753C3BDAD,주식회사중평알앤에스,서초구,exercise_body,public_license_registry,OA-16142,체력단련장업,,3210000,CDFH3301062022000032,"서울특별시 서초구 바우뫼로7길 3, 중평빌딩 지하1층 (우면동)",서울특별시 서초구 우면동 64-1 중평빌딩,영업/정상
V58861DDB9F61,MKG 피트니스,서초구,exercise_body,public_license_registry,OA-16142,체력단련장업,,3210000,CDFH3301062007000001,"서울특별시 서초구 반포대로 63 (서초동,진석빌딩 지하1층)",서울특별시 서초구 서초동 1536-7 진석빌딩 지하1층,영업/정상
V588B234462BC,래겸한의원,강남구,medical_wellness,public_license_registry,OA-16480,한의원,"한방내과, 한방부인과, 한방소아과, 한방안?이비인후?피부과, 한방신경정신과, 한방재활의학과, 사상체질과, 침구과",3220000,PHMA120073220033041102016,"서울특별시 강남구 개포로109길 9, 203호 (개포동, 대치종합상가)",,영업/정상
V58A494A9AC49,도곡경희한의원,강남구,medical_wellness,public_license_registry,OA-16480,한의원,"한방내과, 한방부인과, 한방소아과, 한방안?이비인후?피부과, 한방신경정신과, 한방재활의학과, 사상체질과, 침구과",3220000,PHMA120213220033041100191,"서울특별시 강남구 논현로28길 24, 1층 (도곡동)",,영업/정상
V58AEE01C95F4,자미당한의원,서초구,medical_wellness,public_license_registry,OA-16480,한의원,"한방내과, 한방부인과, 한방소아과, 한방안?이비인후?피부과, 한방신경정신과, 한방재활의학과, 사상체질과, 침구과",3210000,PHMA120103210034041100071,"서울특별시 서초구 서래로8길 1, 3층 (반포동)",서울특별시 서초구 반포동 92-12,영업/정상
V58C05E91D30C,에이지웰 재활운동센터,송파구,exercise_body,public_license_registry,OA-16142,체력단련장업,,3230000,CDFH3301062025000041,"서울특별시 송파구 중대로 24, 상가2동 203호 (문정동, 올림픽훼밀리타운)",서울특별시 송파구 문정동 150 올림픽훼밀리타운,영업/정상
V58CC0AAD4213,드래곤짐,강남구,exercise_body,public_license_registry,OA-16142,체력단련장업,,3220000,CDFH3301062022000041,"서울특별시 강남구 도산대로6길 15, 지하1층 (논현동)",서울특별시 강남구 논현동 3-15,영업/정상
V58E0AD8C8ADD,주식회사 에스에이치피코퍼레이션,송파구,exercise_body,public_license_registry,OA-16142,체력단련장업,,3230000,CDFH3301062024000044,"서울특별시 송파구 올림픽로35길 125, 삼성SDS 지하2층 (신천동)",서울특별시 송파구 신천동 7-13 삼성SDS,영업/정상
V590B609B8405,가락한솔의원,송파구,medical_wellness,public_license_registry,OA-16480,의원,"내과, 외과, 정형외과, 성형외과, 산부인과, 소아청소년과, 안과, 이비인후과, 영상의학과, 가정의학과",3230000,PHMA120153230034041100057,"서울특별시 송파구 양재대로 932, 관리업무동 5층 505호 (가락동, 가락동 농수산물도매시장)",서울특별시 송파구 가락동 600번지,영업/정상
V590ECE759B99,살롱드머슬,강남구,exercise_body,public_license_registry,OA-16142,체력단련장업,,3220000,CDFH3301062025000002,"서울특별시 강남구 학동로81길 5, 지하층 (청담동)",서울특별시 강남구 청담동 76-8,영업/정상
V5912AD0DD6D4,국보한의원,강남구,medical_wellness,public_license_registry,OA-16480,한의원,"한방내과, 한방부인과, 한방소아과, 한방안?이비인후?피부과, 한방신경정신과, 한방재활의학과, 사상체질과, 침구과",3220000,PHMA120043220033041101875,"서울특별시 강남구 테헤란로4길 46, B117호 (역삼동, 쌍용플래티넘밸류)",서울특별시 강남구 역삼동 826-37 쌍용플래티넘밸류,영업/정상
V59254FB9C378,윤형준 트레이닝센터,서초구,exercise_body,public_license_registry,OA-16142,체력단련장업,,3210000,CDFH3301062021000027,"서울특별시 서초구 방배로6길 10-15, 대영빌딩 (방배동)",서울특별시 서초구 방배동 1020-2 대영빌딩,영업/정상
V5947374E7D4F,파프짐,서초구,exercise_body,public_license_registry,OA-16142,체력단련장업,,3210000,CDFH3301062021000034,"서울특별시 서초구 효령로77길 14, 1층 (서초동, 풍림아이원플러스)",서울특별시 서초구 서초동 1338-1 풍림아이원플러스,영업/정상
V59506E975811,마하헬스크럽,서초구,exercise_body,public_license_registry,OA-16142,체력단련장업,,3210000,CDFH3301062004000007,"서울특별시 서초구 방배천로2안길 23  (방배동,2층)",서울특별시 서초구 방배동 451-26 2층,영업/정상
V596229290D09,미진휘트니스(64),강남구,exercise_body,public_license_registry,OA-16142,체력단련장업,,3220000,CDFH3301061998000003,"서울특별시 강남구 강남대로 390  (역삼동,지하3층)",서울특별시 강남구 역삼동 825-15 지하3층,영업/정상
V596766BF8FB5,제임스짐(100),강남구,exercise_body,public_license_registry,OA-16142,체력단련장업,,3220000,CDFH3301062001000015,서울특별시 강남구 테헤란로87길 36 (삼성동),서울특별시 강남구 삼성동 159-9 도심공항타워 지하2층,영업/정상
V5977379820FA,강남담온한의원,서초구,medical_wellness,public_license_registry,OA-16480,한의원,"한방내과, 한방부인과, 한방소아과, 한방안?이비인후?피부과, 한방신경정신과, 한방재활의학과, 사상체질과, 침구과",3210000,PHMA120253210034041100035,"서울특별시 서초구 강남대로 48-6, 한석빌딩 2층 (양재동)",서울특별시 서초구 양재동 326-7 한석빌딩,영업/정상
V59933DE85540,강남퍼스트재활의학과의원,강남구,medical_wellness,public_license_registry,OA-16480,의원,"신경과, 정형외과, 신경외과, 마취통증의학과, 재활의학과",3220000,PHMA120213220033041100148,"서울특별시 강남구 개포로 504, 메트하임 2, 3층 201~203, 302~304호 (개포동)","서울특별시 강남구 개포동 186-13 메트하임 2,3층(201~203, 302~304호)",영업/정상
V599DD8AA0764,올데이핏(Allday Fit),서초구,exercise_body,public_license_registry,OA-16142,체력단련장업,,3210000,CDFH3301062019000012,"서울특별시 서초구 반포대로30길 81, 웅진타워 (서초동)",서울특별시 서초구 서초동 1573-14 웅진타워,영업/정상
V599E7FF79421,신침한의원,송파구,medical_wellness,public_license_registry,OA-16480,한의원,"한방내과, 한방부인과, 한방소아과, 한방안?이비인후?피부과, 한방신경정신과, 한방재활의학과, 사상체질과, 침구과",3230000,PHMA120223230034041100034,"서울특별시 송파구 중대로 124, 2층 (가락동)",,영업/정상
V59B502E8ED57,위맑음한의원,서초구,medical_wellness,public_license_registry,OA-16480,한의원,"한방내과, 한방부인과, 한방소아과, 한방안?이비인후?피부과, 한방신경정신과, 한방재활의학과, 사상체질과, 침구과",3210000,PHMA120183210034041100059,"서울특별시 서초구 서초중앙로 125, 로이어즈타워 204호 (서초동)",서울특별시 서초구 서초동 1573번지 10호 로이어즈타워,영업/정상
V59B9EBF7C429,굿피티,강남구,exercise_body,public_license_registry,OA-16142,체력단련장업,,3220000,CDFH3301062016000011,"서울특별시 강남구 도곡로 116, B2층 (도곡동, 꿈이룸 명진타워)",서울특별시 강남구 도곡동 942-1 B2층 중 일부,영업/정상
V59C00BA2196D,(주)올어바웃바디,강남구,exercise_body,public_license_registry,OA-16142,체력단련장업,,3220000,CDFH3301062015000031,"서울특별시 강남구 봉은사로29길 11, 2,3층 (논현동)","서울특별시 강남구 논현동 234-4 2,3층",영업/정상
V59E251B5B133,웰본재활의학과의원,송파구,medical_wellness,public_license_registry,OA-16480,의원,"정형외과, 신경외과, 마취통증의학과, 재활의학과",3230000,PHMA120213230034041100041,"서울특별시 송파구 송파대로 345, 1A동 B147호 (가락동, 헬리오시티)",서울특별시 송파구 가락동 913 헬리오시티,영업/정상
V59EBF5C4FA7E,휘트니스M,강남구,relax_recovery,public_license_registry,OA-16146,목욕장업 기타,,3220000,3220000-202-2016-00003,"서울특별시 강남구 선릉로131길 8, 지하1층 (논현동)",서울특별시 강남구 논현동 111-13,영업/정상
V5A2E663FCAAC,강남마취통증의학과의원,강남구,medical_wellness,public_license_registry,OA-16480,의원,"내과, 신경과, 정신건강의학과, 정형외과, 신경외과, 마취통증의학과, 피부과, 재활의학과, 가정의학과",3220000,PHMA120263220033041100131,"서울특별시 강남구 테헤란로4길 5, 해암빌딩 10층 (역삼동)",서울특별시 강남구 역삼동 824-17 해암빌딩,영업/정상
V5A30EC16DCD6,씨케이짐 PT & 헬스 문정점,송파구,exercise_body,public_license_registry,OA-16142,체력단련장업,,3230000,CDFH3301062021000029,"서울특별시 송파구 새말로 128, 지하1층 (문정동)",서울특별시 송파구 문정동 82-8 지하1층,영업/정상
V5A4BAD778908,광혜헬스스포츠센타(111),강남구,exercise_body,public_license_registry,OA-16142,체력단련장업,,3220000,CDFH3301062002000005,서울특별시 강남구 영동대로86길 9  (대치동),서울특별시 강남구 대치동 995-25,영업/정상
V5A5E2416F0DB,바디아티스트 강남역점,강남구,exercise_body,public_license_registry,OA-16142,체력단련장업,,3220000,CDFH3301062023000018,"서울특별시 강남구 강남대로84길 15, 2층 208호 (역삼동)",서울특별시 강남구 역삼동 825-24,영업/정상
V5A6036FC37F0,호산의원,강남구,medical_wellness,public_license_registry,OA-16480,의원,"내과, 정형외과, 성형외과, 재활의학과",3220000,PHMA119893220033041100084,"서울특별시 강남구 언주로 871, 호산병원, 지하1층 일부, 4층 A동 (신사동)",서울특별시 강남구 신사동 617-5 호산병원,영업/정상
V5A6A2B721B8D,예한의원,강남구,medical_wellness,public_license_registry,OA-16480,한의원,"한방내과, 한방부인과, 한방소아과, 한방안?이비인후?피부과, 한방신경정신과, 한방재활의학과, 사상체질과, 침구과",3220000,PHMA119993220033041101815,"서울특별시 강남구 선릉로 604, 203호 (삼성동, 호산프라자)",서울특별시 강남구 삼성동 37번지 호산프라자 203호,영업/정상
V5ABBF00CDAE5,화인마취통증의학과의원,강남구,medical_wellness,public_license_registry,OA-16480,의원,"정형외과, 신경외과, 마취통증의학과, 재활의학과, 가정의학과",3220000,PHMA120143220033041100106,"서울특별시 강남구 테헤란로 405, BGF사옥 3층 (삼성동)",서울특별시 강남구 삼성동 141-32 BGF사옥 3층,영업/정상
V5AD380D9D17C,심재철마취통증의학과의원,송파구,medical_wellness,public_license_registry,OA-16480,의원,"정형외과, 신경외과, 마취통증의학과",3230000,PHMA120193230034041100004,"서울특별시 송파구 오금로 420, 유니팜코리아 (가락동)",서울특별시 송파구 가락동 174번지 14호 유니팜코리아,영업/정상
V5ADBF4861A28,지금부터 핏,송파구,exercise_body,public_license_registry,OA-16142,체력단련장업,,3230000,CDFH3301062021000013,"서울특별시 송파구 석촌호수로 134, 4층 (삼전동)",서울특별시 송파구 삼전동 22 4층,영업/정상
V5AE5AB3C2948,바디쉬휘트니스(학동역점),강남구,exercise_body,public_license_registry,OA-16142,체력단련장업,,3220000,CDFH3301062021000058,"서울특별시 강남구 학동로28길 5, 지하1층 (논현동)",서울특별시 강남구 논현동 129-4,영업/정상
V5B06339C7FE6,청담 바른짐,강남구,exercise_body,public_license_registry,OA-16142,체력단련장업,,3220000,CDFH3301062014000031,"서울특별시 강남구 삼성로145길 11, 2층 (청담동)",서울특별시 강남구 청담동 11-17,영업/정상
V5B0B97A87430,최원준 GYM,강남구,exercise_body,public_license_registry,OA-16142,체력단련장업,,3220000,CDFH3301062019000009,"서울특별시 강남구 남부순환로 2921, 남서울종합상가 308호 (대치동)",서울특별시 강남구 대치동 623 남서울종합상가,영업/정상
V5B169BF6822E,우성사우나,송파구,relax_recovery,public_license_registry,OA-16146,공동탕업,,3230000,3230000-202-2003-00040,서울특별시 송파구 송파대로32길 8 (가락동),서울특별시 송파구 가락동 96-1,영업/정상
V5B179FEBA397,OODLE GYM(우들짐),강남구,exercise_body,public_license_registry,OA-16142,체력단련장업,,3220000,CDFH3301062025000017,"서울특별시 강남구 압구정로36길 40, 지하1층 (신사동)",서울특별시 강남구 신사동 607-13,영업/정상
V5B88BC5282C2,경희베일리한의원,서초구,medical_wellness,public_license_registry,OA-16480,한의원,"한방내과, 한방부인과, 한방소아과, 한방안?이비인후?피부과, 한방신경정신과, 한방재활의학과, 사상체질과, 침구과",3210000,PHMA120233210034041100082,"서울특별시 서초구 반포대로 291, 원베일리 스퀘어 4층 409~410호 (반포동)",서울특별시 서초구 반포동 0 원베일리 스퀘어,영업/정상
V5B90C3BAAB10,아이재한의원,송파구,medical_wellness,public_license_registry,OA-16480,한의원,"한방내과, 한방부인과, 한방소아과, 한방재활의학과, 사상체질과, 침구과",3230000,PHMA120243230034041100002,"서울특별시 송파구 석촌호수로 135, 레이크팰리스 4층 414, 414-1호 (잠실동)",,영업/정상
V5B91595E1486,강남연세재활의학과의원,서초구,medical_wellness,public_license_registry,OA-16480,의원,"내과, 신경과, 외과, 정형외과, 신경외과, 마취통증의학과, 소아청소년과, 이비인후과, 피부과, 비뇨의학과, 영상의학과, 병리과, 진단검사의학과, 재활의학과, 가정의학과, 응급의학과, 예방의학과",3210000,PHMA120033210034041100028,"서울특별시 서초구 서초중앙로 230, 동화반포프라자 5층 501, 504, 505호 (반포동)",서울특별시 서초구 반포동 32-2 동화반포프라자,영업/정상
V5BA59CC94C2C,코드엠 트레이닝,송파구,exercise_body,public_license_registry,OA-16142,체력단련장업,,3230000,CDFH3301062020000021,"서울특별시 송파구 마천로8길 21, 지하1층 (오금동)",서울특별시 송파구 오금동 40-20,영업/정상
V5BA6CE71B5F6,갑산한의원,강남구,medical_wellness,public_license_registry,OA-16480,한의원,"한방내과, 한방부인과, 한방소아과, 한방안?이비인후?피부과, 한방신경정신과, 한방재활의학과, 사상체질과, 침구과",3220000,PHMA120163220033041100082,"서울특별시 강남구 광평로46길 4, 1층일부, 2층 (수서동)",,영업/정상
V5BC2CD89B73A,바디워크,서초구,exercise_body,public_license_registry,OA-16142,체력단련장업,,3210000,CDFH3301062018000004,"서울특별시 서초구 방배로 16, 주심빌딩 4층 (방배동)",서울특별시 서초구 방배동 1015,영업/정상
V5BC67E2C368C,장생한의원,송파구,medical_wellness,public_license_registry,OA-16480,한의원,"한방내과, 한방부인과, 한방소아과, 한방안?이비인후?피부과, 한방신경정신과, 한방재활의학과, 사상체질과, 침구과",3230000,PHMA120053230034041101306,"서울특별시 송파구 동남로18길 31-1 (가락동, 혜성빌딩 1층)",,영업/정상
V5BCBA09D4163,감초당한의원,송파구,medical_wellness,public_license_registry,OA-16480,한의원,"한방내과, 한방부인과, 한방소아과, 한방안?이비인후?피부과, 한방신경정신과, 한방재활의학과, 사상체질과, 침구과",3230000,PHMA119883230034041100183,"서울특별시 송파구 올림픽로35길 94, 311호 (신천동, 장미3차맨션)",서울특별시 송파구 신천동 11 장미3차맨션 311호,영업/정상
V5BDC55660558,김중호한의원,강남구,medical_wellness,public_license_registry,OA-16480,한의원,"한방내과, 한방부인과, 한방소아과, 한방안?이비인후?피부과, 한방신경정신과, 한방재활의학과, 사상체질과, 침구과",3220000,PHMA119963220033041101785,"서울특별시 강남구 삼성로 150, 3층 309호 (대치동, 한보미도맨션)",서울특별시 강남구 대치동 511번지 한보미도맨션 309호,영업/정상
V5BE6E1FFF073,강남한의원,강남구,medical_wellness,public_license_registry,OA-16480,한의원,"한방내과, 한방부인과, 한방소아과, 한방안?이비인후?피부과, 한방신경정신과, 한방재활의학과, 사상체질과, 침구과",3220000,PHMA120243220033041100169,"서울특별시 강남구 삼성로 420, 영원빌딩 5층 (대치동)",서울특별시 강남구 대치동 959-2 영원빌딩,영업/정상
V5BE70C7894CA,이브의슈가한의원,강남구,medical_wellness,public_license_registry,OA-16480,한의원,"한방내과, 한방부인과, 한방소아과, 한방안?이비인후?피부과, 한방신경정신과, 한방재활의학과, 사상체질과, 침구과",3220000,PHMA120193220033041100155,"서울특별시 강남구 압구정로 316, 영진빌딩 5층 (신사동)",,영업/정상
V5BEDBB9549CE,대치유한의원,강남구,medical_wellness,public_license_registry,OA-16480,한의원,"한방내과, 한방부인과, 한방소아과, 한방안?이비인후?피부과, 한방신경정신과, 한방재활의학과, 사상체질과, 침구과",3220000,PHMA120053220033041101909,"서울특별시 강남구 테헤란로78길 8, 5층 (대치동, 현빌딩)",서울특별시 강남구 대치동 891번지 42호 5층,영업/정상
V5BF2CA31FD66,9치한의원,서초구,medical_wellness,public_license_registry,OA-16480,한의원,"한방내과, 한방소아과, 한방안?이비인후?피부과",3210000,PHMA120143210034041100069,"서울특별시 서초구 효령로 279, 7층 (서초동)",서울특별시 서초구 서초동 1602번지 1호 7층,영업/정상
V5BF7BBE8EC0A,소울업짐,강남구,exercise_body,public_license_registry,OA-16142,체력단련장업,,3220000,CDFH3301062025000061,"서울특별시 강남구 테헤란로26길 14, 위워크빌딩 B2, B3층 (역삼동)",서울특별시 강남구 역삼동 736-58 위워크빌딩,영업/정상
V5BFBAE3449DA,GAME CHANGER(게임체인저),강남구,exercise_body,public_license_registry,OA-16142,체력단련장업,,3220000,CDFH3301062021000019,"서울특별시 강남구 언주로173길 14, 4층 (신사동)",서울특별시 강남구 신사동 616-5,영업/정상
V5C16E9B29102,휴메이크 휘트니스,강남구,exercise_body,public_license_registry,OA-16142,체력단련장업,,3220000,CDFH3301062014000022,서울특별시 강남구 강남대로 546 (논현동),서울특별시 강남구 논현동 120-4 삼양빌딩 지하2층,영업/정상
V5C2334B95179,엔씨휘트니스&골프,송파구,exercise_body,public_license_registry,OA-16142,체력단련장업,,3230000,CDFH3301062010000008,서울특별시 송파구 새말로8길 20 (문정동),서울특별시 송파구 문정동 73-1,영업/정상
V5C2AD19B8F61,목석화수,강남구,relax_recovery,public_license_registry,OA-16146,공동탕업,,3220000,3220000-202-2007-00003,"서울특별시 강남구 테헤란로 428 (대치동,테헤란로 대우아이빌 지하2층)",서울특별시 강남구 대치동 891-6 테헤란로 대우아이빌 지하2층,영업/정상
V5C474A082F40,프라이빗 짐,강남구,exercise_body,public_license_registry,OA-16142,체력단련장업,,3220000,CDFH3301062021000001,"서울특별시 강남구 밤고개로 231, 훼미리타운 에이동 208호 (자곡동)",서울특별시 강남구 자곡동 56-115 훼미리타운,영업/정상
V5C5BECB907BE,임한준한의원,송파구,medical_wellness,public_license_registry,OA-16480,한의원,"한방내과, 한방부인과, 한방소아과, 한방안?이비인후?피부과, 한방신경정신과, 한방재활의학과, 사상체질과, 침구과",3230000,PHMA119913230034041100365,"서울특별시 송파구 마천로41길 1, 2층 (마천동)",,영업/정상
V5C9580E70F11,바디튜토리얼,강남구,exercise_body,public_license_registry,OA-16142,체력단련장업,,3220000,CDFH3301062020000030,"서울특별시 강남구 강남대로 340, 경원빌딩 (역삼동)",서울특별시 강남구 역삼동 831-17 경원빌딩,영업/정상
V5CAECF163F77,경희턱앤본한의원,서초구,medical_wellness,public_license_registry,OA-16480,한의원,"한방내과, 한방부인과, 한방소아과, 한방안?이비인후?피부과, 한방신경정신과, 한방재활의학과, 사상체질과, 침구과",3210000,PHMA120263210034041100073,"서울특별시 서초구 강남대로 455, 201호 (서초동, 강남태영데시앙루브)",서울특별시 서초구 서초동 1303-35 강남태영데시앙루브,영업/정상
V5CB26B1F731C,피트니즈PT 방이점,송파구,exercise_body,public_license_registry,OA-16142,체력단련장업,,3230000,CDFH3301062022000008,"서울특별시 송파구 백제고분로48길 9, 산수빌딩 지하1층 (방이동)",서울특별시 송파구 방이동 145-35 산수빌딩 지하1층,영업/정상
V5CB2C2CB1D55,헬스보이짐 잠실점,송파구,exercise_body,public_license_registry,OA-16142,체력단련장업,,3230000,CDFH3301062020000031,"서울특별시 송파구 올림픽로 240, 롯데월드 6층 6층 (잠실동)",서울특별시 송파구 잠실동 40-1 롯데월드,영업/정상
V5CC797F887FC,레그웰의원,서초구,medical_wellness,public_license_registry,OA-16480,의원,"정형외과, 신경외과, 성형외과, 마취통증의학과, 피부과, 재활의학과",3210000,PHMA120223210034041100037,"서울특별시 서초구 강남대로 589, 멀버리힐스  401호 (잠원동)",서울특별시 서초구 잠원동 27-2,영업/정상
V5CC81A9FFF1B,강남진정형외과의원,강남구,medical_wellness,public_license_registry,OA-16480,의원,"정형외과, 신경외과, 마취통증의학과, 재활의학과",3220000,PHMA120203220033041100138,"서울특별시 강남구 테헤란로 120, 상경빌딩 3층 (역삼동)",서울특별시 강남구 역삼동 824-20 상경빌딩,영업/정상
V5CCAF6D08326,한티튼튼정형외과의원,강남구,medical_wellness,public_license_registry,OA-16480,의원,"신경과, 정형외과, 신경외과, 마취통증의학과, 재활의학과",3220000,PHMA120213220033041100177,"서울특별시 강남구 선릉로 305, 한티KR타워 6,7층 (역삼동)",,영업/정상
V5D2DF69E4C86,헤븐 트레이닝,서초구,exercise_body,public_license_registry,OA-16142,체력단련장업,,3210000,CDFH3301062026000010,"서울특별시 서초구 사평대로8길 8, 반포빌딩 2층 (반포동)",서울특별시 서초구 반포동 612-120 반포빌딩,영업/정상
V5D5A0A59E2A4,올바른 피티 헬스장,송파구,exercise_body,public_license_registry,OA-16142,체력단련장업,,3230000,CDFH3301062025000043,"서울특별시 송파구 위례성대로20길 33, 지하1층 (오금동)",서울특별시 송파구 오금동 18-7 삼광빌딩,영업/정상
V5D7EAE7B81C2,울루루 트레이닝(ululu training),강남구,exercise_body,public_license_registry,OA-16142,체력단련장업,,3220000,CDFH3301062026000010,"서울특별시 강남구 선릉로 733, 지하1층 (논현동)",서울특별시 강남구 논현동 102-21,영업/정상
V5DB428E78660,서울찬정형외과의원,송파구,medical_wellness,public_license_registry,OA-16480,의원,"정형외과, 신경외과, 마취통증의학과, 재활의학과, 가정의학과",3230000,PHMA120233230034041100047,"서울특별시 송파구 송파대로 373, 3,4층 (석촌동)",서울특별시 송파구 석촌동 296-13,영업/정상
V5DCFF3ED5F46,에프엘짐 역삼점,강남구,exercise_body,public_license_registry,OA-16142,체력단련장업,,3220000,CDFH3301062012000018,"서울특별시 강남구 역삼로 170 (역삼동,B1)",서울특별시 강남구 역삼동 790-2 B1,영업/정상
V5DD0D4B1B094,AC호텔 바이메리어트 서울강남,강남구,relax_recovery,public_license_registry,OA-16146,목욕장업 기타,,3220000,3220000-202-2012-00004,"서울특별시 강남구 테헤란로25길 10, 지하1층 (역삼동)",서울특별시 강남구 역삼동 642,영업/정상
V5DD35C9DC0FE,에이온 재활운동센터,송파구,exercise_body,public_license_registry,OA-16142,체력단련장업,,3230000,CDFH3301062025000018,"서울특별시 송파구 송파대로 381, 형제빌딩 4층 (석촌동)",서울특별시 송파구 석촌동 296-10 형제빌딩,영업/정상
V5DD4C1FA749A,연세탑뷰티의원,서초구,medical_wellness,public_license_registry,OA-16480,의원,"내과, 피부과, 재활의학과",3210000,PHMA120083210034041100019,"서울특별시 서초구 동작대로 118, 5층 502호 (방배동)",서울특별시 서초구 방배동 1549번지 예다인프라자 502호,영업/정상
V5E192EFBD296,트렌디우먼휘트니스 거여역점,송파구,exercise_body,public_license_registry,OA-16142,체력단련장업,,3230000,CDFH3301062026000011,"서울특별시 송파구 오금로 516, 지하1층 (거여동)",서울특별시 송파구 거여동 31-10 삼정빌딩,영업/정상
V5E1BDB0B2734,FLY GYM 플라이짐,강남구,exercise_body,public_license_registry,OA-16142,체력단련장업,,3220000,CDFH3301062017000007,"서울특별시 강남구 테헤란로 204, 3층 (역삼동, 범진빌딩)",,영업/정상
V5E317CB13CC9,어썸어스 스튜디오,강남구,exercise_body,public_license_registry,OA-16142,체력단련장업,,3220000,CDFH3301062012000006,"서울특별시 강남구 테헤란로70길 12 (대치동,B1)",서울특별시 강남구 대치동 890-60 B1,영업/정상
V5E3651AB1682,바디랑 필라테스 스튜디오,강남구,exercise_body,public_license_registry,OA-16142,체력단련장업,,3220000,CDFH3301062018000001,"서울특별시 강남구 봉은사로37길 8, 2층 (논현동, 윤원빌딩)",서울특별시 강남구 논현동 237-8 윤원빌딩,영업/정상
V5E41FEA82C17,피지컬 액티브짐(3호점),송파구,exercise_body,public_license_registry,OA-16142,체력단련장업,,3230000,CDFH3301062021000030,"서울특별시 송파구 오금로11길 43, 잠실 트리움 2층 202호 (방이동)",서울특별시 송파구 방이동 43-2 잠실 트리움 2층 202호,영업/정상
V5E62A7E5D5A5,문정경희한의원,송파구,medical_wellness,public_license_registry,OA-16480,한의원,"한방내과, 한방부인과, 한방소아과, 한방안?이비인후?피부과, 한방신경정신과, 한방재활의학과, 사상체질과, 침구과, 한방응급과",3230000,PHMA120203230034041100049,"서울특별시 송파구 송파대로 167, 문정역테라타워 B동 203호 (문정동)",,영업/정상
V5E7AD7687EF0,한동하한의원,서초구,medical_wellness,public_license_registry,OA-16480,한의원,"한방내과, 한방부인과, 한방소아과, 한방안?이비인후?피부과, 한방신경정신과, 한방재활의학과, 사상체질과, 침구과",3210000,PHMA120053210034041100007,"서울특별시 서초구 서초대로 323, 4층 (서초동)",서울특별시 서초구 서초동 1690번지 1호 4층,영업/정상
V5E86D97EAD5D,여자인한의원,서초구,medical_wellness,public_license_registry,OA-16480,한의원,"한방내과, 한방부인과, 한방소아과, 한방안?이비인후?피부과, 한방신경정신과, 한방재활의학과, 사상체질과, 침구과",3210000,PHMA120113210034041100106,"서울특별시 서초구 효령로 279, 7층 (서초동)",,영업/정상
V5EADB6812DD4,화인마취통증의학과의원,서초구,medical_wellness,public_license_registry,OA-16480,의원,"내과, 정형외과, 신경외과, 마취통증의학과, 이비인후과, 피부과, 재활의학과, 가정의학과",3210000,PHMA120153210034041100001,"서울특별시 서초구 동작대로 132, 7층 (방배동)",,영업/정상
V5EB971E0844C,웨이브휘트니스,서초구,exercise_body,public_license_registry,OA-16142,체력단련장업,,3210000,CDFH3301062018000026,"서울특별시 서초구 서초대로 338, 프로비스타 지하2층 (서초동)",서울특별시 서초구 서초동 1677-8 프로비스타,영업/정상
V5EE93BC1F5C4,리바이벌 피트니스,강남구,exercise_body,public_license_registry,OA-16142,체력단련장업,,3220000,CDFH3301062024000059,"서울특별시 강남구 테헤란로 443, 애플트리타워 지하1층 (삼성동)",서울특별시 강남구 삼성동 144-25 애플트리타워,영업/정상
V5EEA034D91E7,연세튼튼의원,송파구,medical_wellness,public_license_registry,OA-16480,의원,"내과, 신경과, 정신건강의학과, 외과, 정형외과, 신경외과, 소아청소년과, 비뇨의학과, 재활의학과",3230000,PHMA119823230034041100051,"서울특별시 송파구 송파대로 382, 7층 (송파동, 송파두성빌딩)",서울특별시 송파구 송파동 97번지 2호 7층,영업/정상
V5F1D48B7A847,경희유일한의원,강남구,medical_wellness,public_license_registry,OA-16480,한의원,"한방내과, 한방부인과, 한방소아과, 한방안?이비인후?피부과, 한방신경정신과, 한방재활의학과, 사상체질과, 침구과",3220000,PHMA120253220033041100102,"서울특별시 강남구 강남대로 338, 루카831 2층 201호 (역삼동)",,영업/정상
V5F1FEDEE6165,서울성모정형외과의원,서초구,medical_wellness,public_license_registry,OA-16480,의원,"내과, 신경과, 정형외과, 신경외과, 마취통증의학과, 소아청소년과, 이비인후과, 영상의학과, 재활의학과",3210000,PHMA120203210034041100024,"서울특별시 서초구 잠원로4길 33-2, 잠원동 스타빌딩 5층 (잠원동)",서울특별시 서초구 잠원동 61번지 9호 잠원동 스타빌딩,영업/정상
V5F311C5FFA79,아워피티스튜디오,송파구,exercise_body,public_license_registry,OA-16142,체력단련장업,,3230000,CDFH3301062024000021,"서울특별시 송파구 가락로 134, 지하1층 (송파동)",서울특별시 송파구 송파동 97-1 지하1층,영업/정상
V5F38AA7B031A,강남한의원,송파구,medical_wellness,public_license_registry,OA-16480,한의원,"한방내과, 한방부인과, 한방소아과, 한방안?이비인후?피부과, 한방신경정신과, 한방재활의학과, 사상체질과, 침구과",3230000,PHMA119913230034041100319,"서울특별시 송파구 송파대로 437, 덕일빌딩 4층 (석촌동)",,영업/정상
V5F575F3BDDC1,강남지승재약선당한의원,강남구,medical_wellness,public_license_registry,OA-16480,한의원,"한방내과, 한방부인과, 한방소아과, 한방안?이비인후?피부과, 한방신경정신과, 한방재활의학과, 사상체질과, 침구과",3220000,PHMA120073220033041101993,"서울특별시 강남구 삼성로 38, 개포빌딩 203호 (개포동)",,영업/정상
V5F6E5F4A3AE2,서울명인한의원,송파구,medical_wellness,public_license_registry,OA-16480,한의원,"한방내과, 한방부인과, 한방소아과, 한방안?이비인후?피부과, 한방신경정신과, 한방재활의학과, 사상체질과, 침구과",3230000,PHMA120183230034041100001,"서울특별시 송파구 백제고분로 276, 공익빌딩 201-1호 (석촌동)",,영업/정상
V5F72B867BE67,(주)스포니스 선정릉점,강남구,exercise_body,public_license_registry,OA-16142,체력단련장업,,3220000,CDFH3301062024000035,"서울특별시 강남구 봉은사로44길 1, 지하1층 (역삼동)",서울특별시 강남구 역삼동 681-1,영업/정상
V5F80E9800314,드림핏한의원,서초구,medical_wellness,public_license_registry,OA-16480,한의원,"한방내과, 한방부인과, 한방소아과, 한방안?이비인후?피부과, 한방신경정신과, 한방재활의학과, 사상체질과, 침구과",3210000,PHMA120263210034041100046,"서울특별시 서초구 서초대로78길 50, 우영빌딩 4층 (서초동)",,영업/정상
V5F8DC83A0C9A,서초바로본365의원,서초구,medical_wellness,public_license_registry,OA-16480,의원,"내과, 정형외과, 신경외과, 마취통증의학과, 소아청소년과, 응급의학과",3210000,PHMA120253210034041100100,"서울특별시 서초구 동작대로 134, 위너스마당 2층 (방배동)",서울특별시 서초구 방배동 1823 위너스마당,영업/정상
V5FA4AA23675A,위효선한의원,강남구,medical_wellness,public_license_registry,OA-16480,한의원,"한방내과, 한방부인과, 한방소아과, 한방안?이비인후?피부과, 한방신경정신과, 한방재활의학과, 사상체질과, 침구과",3220000,PHMA120183220033041100169,"서울특별시 강남구 논현로85길 7, 4층 (역삼동)",서울특별시 강남구 역삼동 738번지 6호 4층,영업/정상
V5FABB0D1258B,경희라라한의원,서초구,medical_wellness,public_license_registry,OA-16480,한의원,"한방내과, 한방부인과, 한방소아과, 한방안?이비인후?피부과, 한방신경정신과, 한방재활의학과, 사상체질과, 침구과",3210000,PHMA120143210034041100079,"서울특별시 서초구 동작대로 120, 성산빌딩 8층 (방배동)",,영업/정상
V5FB48F5A82FD,GREEN DAY GYM,송파구,exercise_body,public_license_registry,OA-16142,체력단련장업,,3230000,CDFH3301062018000022,"서울특별시 송파구 백제고분로 204, 에스엔씨빌딩 (삼전동)",서울특별시 송파구 삼전동 28-11 에스엔씨빌딩,영업/정상
V5FB7D9731819,경덕한의원,송파구,medical_wellness,public_license_registry,OA-16480,한의원,"한방내과, 한방부인과, 한방소아과, 한방안?이비인후?피부과, 한방신경정신과, 한방재활의학과, 사상체질과, 침구과",3230000,PHMA119883230034041100190,"서울특별시 송파구 백제고분로7길 31, 2층 (잠실동)",,영업/정상
V5FBECD8EB70F,석촌한의원,송파구,medical_wellness,public_license_registry,OA-16480,한의원,"한방내과, 한방부인과, 한방소아과, 한방안?이비인후?피부과, 한방신경정신과, 한방재활의학과, 침구과",3230000,PHMA120253230034041100028,"서울특별시 송파구 백제고분로41길 7-15, 굿피플오피스 송파 7층 (송파동)",서울특별시 송파구 송파동 18-11 굿피플오피스 송파,영업/정상
V5FCCBECADF9C,Refresh PT Gym,송파구,exercise_body,public_license_registry,OA-16142,체력단련장업,,3230000,CDFH3301062016000005,"서울특별시 송파구 오금로32길 14, 101동 208-2호 (송파동, 송파삼성래미안아파트)",서울특별시 송파구 송파동 162 송파삼성래미안아파트상가 101동 208호,영업/정상
V5FD9F4E4CBEE,워너비즈,강남구,exercise_body,public_license_registry,OA-16142,체력단련장업,,3220000,CDFH3301062020000008,"서울특별시 강남구 선릉로119길 15, 지하2층 (논현동)",서울특별시 강남구 논현동 266-1,영업/정상
V5FE572283C75,본앤머슬,송파구,exercise_body,public_license_registry,OA-16142,체력단련장업,,3230000,CDFH3301062013000009,"서울특별시 송파구 올림픽로37길 130, 파크리오A상가 305호 (신천동)",서울특별시 송파구 신천동 17-4 파크리오A상가 305호,영업/정상
V5FE5D86F982E,추사랑홍대기한의원,송파구,medical_wellness,public_license_registry,OA-16480,한의원,"한방내과, 한방부인과, 한방소아과, 한방안?이비인후?피부과, 한방신경정신과, 한방재활의학과, 사상체질과, 침구과",3230000,PHMA120033230034041101170,"서울특별시 송파구 올림픽로 119, 잠실파인애플상가 2A-13, 14호 (잠실동)",서울특별시 송파구 잠실동 19-9 잠실파인애플상가,영업/정상
V5FF64D2D3386,티랩스튜디오 시그니처 서초점,서초구,exercise_body,public_license_registry,OA-16142,체력단련장업,,3210000,CDFH3301062013000003,"서울특별시 서초구 효령로 190, 비선빌딩 지하1층 (서초동)",서울특별시 서초구 서초동 1489-2 비선빌딩,영업/정상
V5FFC21A5D2E6,맹화섭한의원,강남구,medical_wellness,public_license_registry,OA-16480,한의원,"한방내과, 한방부인과, 한방소아과, 한방안?이비인후?피부과, 한방신경정신과, 한방재활의학과, 사상체질과, 침구과",3220000,PHMA120023220033041101835,서울특별시 강남구 강남대로 506 (논현동),,영업/정상
V600BB89D059C,바디크러쉬 서래마을점,서초구,exercise_body,public_license_registry,OA-16142,체력단련장업,,3210000,CDFH3301062025000004,"서울특별시 서초구 서래로 15, 범산빌딩 지하1층 (반포동)",서울특별시 서초구 반포동 97-3 범산빌딩,영업/정상
V603F7925CD4A,멸치탈출연구소,강남구,exercise_body,public_license_registry,OA-16142,체력단련장업,,3220000,CDFH3301062022000024,"서울특별시 강남구 도곡로 175, 창림빌딩 B01호 (역삼동)",서울특별시 강남구 역삼동 799-21 창림빌딩,영업/정상
V60443CCFE917,위스테이피트니스 개롱역점,송파구,exercise_body,public_license_registry,OA-16142,체력단련장업,,3230000,CDFH3301062025000013,"서울특별시 송파구 오금로 414, 명문빌딩 지하1층 (가락동)",서울특별시 송파구 가락동 167-5 명문빌딩,영업/정상
V6047A4DEC373,성모바른의원,강남구,medical_wellness,public_license_registry,OA-16480,의원,"정형외과, 마취통증의학과, 재활의학과",3220000,PHMA120193220033041100063,"서울특별시 강남구 삼성로 38, 개포빌딩 301,303호 (개포동)",서울특별시 강남구 개포동 186-1 개포빌딩,영업/정상
V604B22C759F0,이레한의원,서초구,medical_wellness,public_license_registry,OA-16480,한의원,"한방내과, 한방부인과, 한방소아과, 한방안?이비인후?피부과, 한방신경정신과, 한방재활의학과, 사상체질과, 침구과",3210000,PHMA120053210034041100060,"서울특별시 서초구 서래로6길 4, 2층 (반포동)",,영업/정상
V60A03DC2B6EF,팀에이치오씨,송파구,exercise_body,public_license_registry,OA-16142,체력단련장업,,3230000,CDFH3301062021000026,"서울특별시 송파구 송이로 31, 지하1층 (송파동)",서울특별시 송파구 송파동 164-8,영업/정상
V60A5E2DE2BAB,운동중,강남구,exercise_body,public_license_registry,OA-16142,체력단련장업,,3220000,CDFH3301062019000036,"서울특별시 강남구 선릉로120길 34, 2층 (삼성동)",서울특별시 강남구 삼성동 29,영업/정상
V60B4A0F40A71,서일사우나,송파구,relax_recovery,public_license_registry,OA-16146,공동탕업,,3230000,3230000-202-1993-00253,"서울특별시 송파구 백제고분로 101 (잠실동,서일빌딩 지하1)",서울특별시 송파구 잠실동 222 서일빌딩 지하1,영업/정상
V60B6312F6A2E,미도핏,강남구,exercise_body,public_license_registry,OA-16142,체력단련장업,,3220000,CDFH3301062018000039,"서울특별시 강남구 삼성로 150, 319호 (대치동, 한보미도맨션)",서울특별시 강남구 대치동 511 한보미도맨션,영업/정상
V60F5A05DB8C1,지에이치 피트니스(GH FITNESS) 개포,강남구,exercise_body,public_license_registry,OA-16142,체력단련장업,,3220000,CDFH3301062026000012,"서울특별시 강남구 논현로 90, 보성빌딩 지하1층 (개포동)",서울특별시 강남구 개포동 1229 보성빌딩,영업/정상
V61211102D233,강남365가정의학과의원,강남구,medical_wellness,public_license_registry,OA-16480,의원,"내과, 정형외과, 소아청소년과, 이비인후과, 피부과, 비뇨의학과, 가정의학과",3220000,PHMA120213220033041100106,"서울특별시 강남구 학동로 지하346, 강남구청역 지하1층 102호 (삼성동)",서울특별시 강남구 삼성동 111-44 강남구청역,영업/정상
V6126C4CE243D,앵글짐&프리모필라테스,송파구,exercise_body,public_license_registry,OA-16142,체력단련장업,,3230000,CDFH3301062024000006,"서울특별시 송파구 가락로 151, 지하1층 (송파동)",서울특별시 송파구 송파동 94-35 지하1층,영업/정상
V61367F495619,생활건강한의원,서초구,medical_wellness,public_license_registry,OA-16480,한의원,"한방내과, 한방부인과, 한방소아과, 한방안?이비인후?피부과, 한방신경정신과, 한방재활의학과, 사상체질과, 침구과",3210000,PHMA120093210034041100032,"서울특별시 서초구 서초대로77길 24, 강남 지웰타워2 6층 (서초동)",,영업/정상
V6139227D7847,닥터포바디 퍼스널 트레이닝,강남구,exercise_body,public_license_registry,OA-16142,체력단련장업,,3220000,CDFH3301062022000014,"서울특별시 강남구 선릉로4길 11, 3층 (개포동)",서울특별시 강남구 개포동 158-9,영업/정상
V614B4CD28F60,베스트 오브 벨리,서초구,exercise_body,public_license_registry,OA-16142,체력단련장업,,3210000,CDFH3301062019000005,"서울특별시 서초구 서래로 32, 백림제2빌딩 3층 (반포동)",서울특별시 서초구 반포동 91-7 백림제2빌딩,영업/정상
V616845964A21,다나마취통증의학과의원,강남구,medical_wellness,public_license_registry,OA-16480,의원,"정형외과, 마취통증의학과, 재활의학과",3220000,PHMA120123220033041100119,"서울특별시 강남구 광평로51길 8, 402호 (수서동)",서울특별시 강남구 수서동 714번지 402호,영업/정상
V6184CF5B3B82,메디스캔의원,서초구,medical_wellness,public_license_registry,OA-16480,의원,"내과, 신경과, 외과, 정형외과, 마취통증의학과, 산부인과, 소아청소년과, 안과, 이비인후과, 피부과, 비뇨의학과, 영상의학과, 진단검사의학과, 재활의학과, 가정의학과",3210000,PHMA120053210034041100068,"서울특별시 서초구 강남대로 369, 에이플러스에셋타워 20층 (서초동)",서울특별시 서초구 서초동 1328번지 3호 에이플러스에셋타워,영업/정상
V61895A4805E6,오금우리내과의원,송파구,medical_wellness,public_license_registry,OA-16480,의원,"내과, 신경과, 정형외과, 소아청소년과, 이비인후과, 피부과, 비뇨의학과",3230000,PHMA120153230034041100004,"서울특별시 송파구 마천로 190, 청전빌딩 3층 (오금동)",서울특별시 송파구 오금동 131-1 청전빌딩,영업/정상
V61A5C0015BB7,강남쏘울의원,강남구,medical_wellness,public_license_registry,OA-16480,의원,"내과, 정신건강의학과, 성형외과, 마취통증의학과, 소아청소년과, 피부과, 재활의학과, 가정의학과, 예방의학과",3220000,PHMA120213220033041100133,"서울특별시 강남구 선릉로129길 22, 고영빌딩 2층 (논현동)",서울특별시 강남구 논현동 240-13 고영빌딩,영업/정상
V61B01D59C3A9,파트너정형외과의원,송파구,medical_wellness,public_license_registry,OA-16480,의원,"내과, 외과, 정형외과, 신경외과, 마취통증의학과, 피부과, 영상의학과, 재활의학과, 가정의학과",3230000,PHMA120233230034041100012,"서울특별시 송파구 송파대로 141, 르피에드 2층 201~211호 (문정동)",서울특별시 송파구 문정동 652-3 르피에드,영업/정상
V61EC1051B92B,러브유어바디 피티 스튜디오,서초구,exercise_body,public_license_registry,OA-16142,체력단련장업,,3210000,CDFH3301062019000015,"서울특별시 서초구 사임당로 115, B209호 (서초동)",서울특별시 서초구 서초동 1633-4,영업/정상
V61FECEEA989D,정락신용협동조합,송파구,exercise_body,public_license_registry,OA-16142,체력단련장업,,3230000,CDFH3301062001000004,서울특별시 송파구 동남로4길 10 (문정동),서울특별시 송파구 문정동 41-5,영업/정상
V620209896032,우리여성불한증막,송파구,relax_recovery,public_license_registry,OA-16146,공동탕업,,3230000,3230000-202-1994-00263,"서울특별시 송파구 오금로 511, 지하1층 (거여동)",서울특별시 송파구 거여동 37-1 지하1층,영업/정상
V620D6F9B8407,NOLTO Gym,강남구,exercise_body,public_license_registry,OA-16142,체력단련장업,,3220000,CDFH3301062026000002,"서울특별시 강남구 언주로146길 9, 지하1층 (논현동)",서울특별시 강남구 논현동 98-10,영업/정상
V62109B137A12,Rock Body GYM,송파구,exercise_body,public_license_registry,OA-16142,체력단련장업,,3230000,CDFH3301062015000028,"서울특별시 송파구 거마로 14 (거여동, 청송빌딩)",서울특별시 송파구 거여동 42-3,영업/정상
V62193507EFAF,닥터 펠리체 짐,서초구,exercise_body,public_license_registry,OA-16142,체력단련장업,,3210000,CDFH3301062021000030,"서울특별시 서초구 방배천로 5-1, 8층 (방배동)",서울특별시 서초구 방배동 445-4,영업/정상
V62344D724532,온더피티스튜디오 서초점,서초구,exercise_body,public_license_registry,OA-16142,체력단련장업,,3210000,CDFH3301062019000009,"서울특별시 서초구 강남대로47길 52, 지하1층 (서초동)",서울특별시 서초구 서초동 1341-17,영업/정상
V624099BE393B,크리스탈 짐,송파구,exercise_body,public_license_registry,OA-16142,체력단련장업,,3230000,CDFH3301062023000029,"서울특별시 송파구 가락로 157, 지하1층 (송파동)",서울특별시 송파구 송파동 104-5,영업/정상
V6266521E408E,Selah PT STUDIO,강남구,exercise_body,public_license_registry,OA-16142,체력단련장업,,3220000,CDFH3301062025000018,"서울특별시 강남구 언주로113길 16, 지층 1호 (논현동)",서울특별시 강남구 논현동 230-18,영업/정상
V6287129133BB,나헌식한의원,강남구,medical_wellness,public_license_registry,OA-16480,한의원,"한방내과, 한방부인과, 한방소아과, 한방안?이비인후?피부과, 한방신경정신과, 한방재활의학과, 사상체질과, 침구과",3220000,PHMA120103220033041100020,서울특별시 강남구 선릉로94길 3 (삼성동),서울특별시 강남구 삼성동 140번지 26호,영업/정상
V62963BBF8A02,삼성물산 서초사옥휘트니스,서초구,exercise_body,public_license_registry,OA-16142,체력단련장업,,3210000,CDFH3301062015000006,"서울특별시 서초구 서초대로74길 14 (서초동, 삼성물산 서초사옥, 지하1층)","서울특별시 서초구 서초동 1321-20 삼성물산 서초사옥, 지하1층",영업/정상
V62B816031522,링크엑스(LinkX) 트레이닝 강남,강남구,exercise_body,public_license_registry,OA-16142,체력단련장업,,3220000,CDFH3301062025000029,"서울특별시 강남구 언주로134길 19, 지하1층 (논현동)",서울특별시 강남구 논현동 114-28,영업/정상
V62E6B7BD5B76,백세한의원,강남구,medical_wellness,public_license_registry,OA-16480,한의원,"한방내과, 한방부인과, 한방소아과, 한방안?이비인후?피부과, 한방신경정신과, 한방재활의학과, 사상체질과, 침구과, 한방응급과",3220000,PHMA120253220033041100229,"서울특별시 강남구 봉은사로 333, B-01호 (논현동, 선정릉역 모아엘가 퍼스트 홈)",서울특별시 강남구 논현동 278-4 선정릉역 모아엘가 퍼스트 홈 B-01호,영업/정상
V62F58690C5C6,페레 역삼,강남구,exercise_body,public_license_registry,OA-16142,체력단련장업,,3220000,CDFH3301062024000019,"서울특별시 강남구 논현로 428, 정진빌딩 B1층 (역삼동)",서울특별시 강남구 역삼동 726-15 정진빌딩,영업/정상
V632ECB5057F5,연세행복내과의원,송파구,medical_wellness,public_license_registry,OA-16480,의원,"내과, 정형외과, 소아청소년과, 안과, 이비인후과, 피부과, 가정의학과",3230000,PHMA120223230034041100027,"서울특별시 송파구 오금로 414, 명문빌딩 3층 301호 (가락동)",서울특별시 송파구 가락동 167-5 명문빌딩,영업/정상
V63433AE46D7B,이엠핏&필라테스,강남구,exercise_body,public_license_registry,OA-16142,체력단련장업,,3220000,CDFH3301062017000024,"서울특별시 강남구 선릉로 340, 9층 (대치동, 대치 EM 프라자)",서울특별시 강남구 대치동 908-20 대치 EM 프라자,영업/정상
V634CB47BC3F9,우성한의원,강남구,medical_wellness,public_license_registry,OA-16480,한의원,"한방내과, 한방부인과, 한방소아과, 한방안?이비인후?피부과, 한방신경정신과, 한방재활의학과, 사상체질과, 침구과",3220000,PHMA119983220033041101803,서울특별시 강남구 학동로4길 14 (논현동),,영업/정상
V634E260325E5,금성한의원,송파구,medical_wellness,public_license_registry,OA-16480,한의원,"한방내과, 한방부인과, 한방소아과, 한방안?이비인후?피부과, 한방신경정신과, 한방재활의학과, 사상체질과, 침구과",3230000,PHMA119893230034041100256,"서울특별시 송파구 송이로 87, 2층 2호 (가락동)",,영업/정상
V6359CE8CAB70,루카(LK)스포츠,강남구,exercise_body,public_license_registry,OA-16142,체력단련장업,,3220000,CDFH3301062016000028,"서울특별시 강남구 선릉로131길 8, 5층 502호 (논현동, 노벨빌딩)",서울특별시 강남구 논현동 111-13,영업/정상
V636DE8732540,플러스한의원,송파구,medical_wellness,public_license_registry,OA-16480,한의원,"한방내과, 한방부인과, 한방소아과, 한방안?이비인후?피부과, 한방신경정신과, 한방재활의학과, 사상체질과, 침구과",3230000,PHMA120053230034041101282,"서울특별시 송파구 풍성로26길 21 (풍납동, 2층)",,영업/정상
V637BC2E197D3,잠실보인한의원,송파구,medical_wellness,public_license_registry,OA-16480,한의원,"한방내과, 한방부인과, 한방소아과, 한방안?이비인후?피부과, 한방신경정신과, 한방재활의학과, 사상체질과, 침구과",3230000,PHMA120263230034041100008,"서울특별시 송파구 올림픽로35길 112, 장미아파트 비상가 B-1동 3층 307,308호 (신천동)",,영업/정상
V639C68626C2E,편한정형외과의원,송파구,medical_wellness,public_license_registry,OA-16480,의원,"내과, 외과, 정형외과, 신경외과, 재활의학과",3230000,PHMA120043230034041101235,"서울특별시 송파구 가락로 113 (석촌동, 3,4층)","서울특별시 송파구 석촌동 295번지 10호 (3,4층)",영업/정상
V63AF367C86D1,양재삼성마취통증의학과의원,서초구,medical_wellness,public_license_registry,OA-16480,의원,"정형외과, 신경외과, 마취통증의학과, 재활의학과",3210000,PHMA120203210034041100006,"서울특별시 서초구 동산로 1, 황금궁전 양재동 2,3,4층 (양재동)",서울특별시 서초구 양재동 326번지 8호,영업/정상
V6434FCD46789,오체한의원,송파구,medical_wellness,public_license_registry,OA-16480,한의원,"한방내과, 한방부인과, 한방소아과, 한방안?이비인후?피부과, 한방신경정신과, 한방재활의학과, 사상체질과, 침구과",3230000,PHMA120143230034041100030,"서울특별시 송파구 송이로 90, 승원빌딩 2,4층 (가락동)",서울특별시 송파구 가락동 72번지 승원빌딩,영업/정상
V6443264E27B2,원모어렙 PT,송파구,exercise_body,public_license_registry,OA-16142,체력단련장업,,3230000,CDFH3301062024000017,"서울특별시 송파구 석촌호수로 148, 3층 (삼전동)",서울특별시 송파구 삼전동 22-7 3층,영업/정상
V645E462D9A4A,플레이핏 앤 필라테스,서초구,exercise_body,public_license_registry,OA-16142,체력단련장업,,3210000,CDFH3301062007000008,"서울특별시 서초구 서초중앙로 199 (반포동,(지하1층))",서울특별시 서초구 반포동 44-1 (지하1층),영업/정상
V646002DFFD1A,삼성마디풀림의원,강남구,medical_wellness,public_license_registry,OA-16480,의원,"신경과, 정형외과, 신경외과, 마취통증의학과, 재활의학과",3220000,PHMA120253220033041100035,"서울특별시 강남구 테헤란로 514, 삼흥2빌딩 3층 (대치동)",서울특별시 강남구 대치동 944 삼흥2빌딩,영업/정상
V6466C47D9E3D,선수촌사우나,송파구,relax_recovery,public_license_registry,OA-16146,공동탕업,,3230000,3230000-202-2003-00020,서울특별시 송파구 양재대로 1164 (오금동),서울특별시 송파구 오금동 1-1,영업/정상
V648416946F43,스텐셜핏,강남구,exercise_body,public_license_registry,OA-16142,체력단련장업,,3220000,CDFH3301062024000015,"서울특별시 강남구 학동로55길 26, 4층 (청담동)",서울특별시 강남구 청담동 39-4,영업/정상
V64B5DC9DCD5E,아크 PT&헬스 강남역점,서초구,exercise_body,public_license_registry,OA-16142,체력단련장업,,3210000,CDFH3301062020000010,"서울특별시 서초구 사임당로 171, EWR빌딩 지하1층 (서초동)",서울특별시 서초구 서초동 1330-8 EWR빌딩,영업/정상
V64BA6D1B8D62,가락휘트니스센터,송파구,exercise_body,public_license_registry,OA-16142,체력단련장업,,3230000,CDFH3301062002000001,"서울특별시 송파구 송파대로30길 11, 2층 (가락동)",서울특별시 송파구 가락동 97-8 2층,영업/정상
V64D263193B70,남다른한의원,송파구,medical_wellness,public_license_registry,OA-16480,한의원,"한방내과, 한방부인과, 한방소아과, 한방안?이비인후?피부과, 한방신경정신과, 한방재활의학과, 사상체질과, 침구과",3230000,PHMA120223230034041100047,"서울특별시 송파구 위례광장로 270, 2층 Y218호 (장지동, 송파와이즈더샵)",,영업/정상
V650FE0156896,교대연세마취통증의학과의원,서초구,medical_wellness,public_license_registry,OA-16480,의원,"정형외과, 신경외과, 마취통증의학과, 재활의학과",3210000,PHMA120243210034041100063,"서울특별시 서초구 서초대로 287, 석정빌딩 2층 (서초동)",서울특별시 서초구 서초동 1715-9 석정빌딩,영업/정상
V6530C967EB4C,생생연한의원,송파구,medical_wellness,public_license_registry,OA-16480,한의원,"한방내과, 한방부인과, 한방소아과, 한방안?이비인후?피부과, 한방신경정신과, 한방재활의학과, 사상체질과, 침구과",3230000,PHMA120263230034041100042,"서울특별시 송파구 중대로 193, 4층 (가락동)",,영업/정상
V653FEA6825F0,민제한의원,강남구,medical_wellness,public_license_registry,OA-16480,한의원,"한방내과, 한방부인과, 한방소아과, 한방안?이비인후?피부과, 한방신경정신과, 한방재활의학과, 사상체질과, 침구과",3220000,PHMA119883220033041101751,"서울특별시 강남구 논현로 310, 3층 (역삼동)",서울특별시 강남구 역삼동 788-40,영업/정상
V655D3CE3DE61,김현수한의원,강남구,medical_wellness,public_license_registry,OA-16480,한의원,"한방내과, 한방부인과, 한방소아과, 한방안?이비인후?피부과, 한방신경정신과, 한방재활의학과, 사상체질과, 침구과",3220000,PHMA119893220033041101754,"서울특별시 강남구 영동대로 510, 삼성빌딩 2층 (삼성동)",,영업/정상
V657BF2DE36A6,NY GYM,강남구,exercise_body,public_license_registry,OA-16142,체력단련장업,,3220000,CDFH3301062016000038,서울특별시 강남구 테헤란로43길 27 (역삼동),서울특별시 강남구 역삼동 699-28,영업/정상
V65A0ABA30B9B,채온담한의원,강남구,medical_wellness,public_license_registry,OA-16480,한의원,"한방내과, 한방부인과, 한방소아과, 한방안?이비인후?피부과, 한방신경정신과, 한방재활의학과, 사상체질과, 침구과",3220000,PHMA120253220033041100146,"서울특별시 강남구 압구정로46길 5-1, 2층 (신사동)",서울특별시 강남구 신사동 660-1,영업/정상
V65B5A6A9C019,피트니스 카디오(380),강남구,exercise_body,public_license_registry,OA-16142,체력단련장업,,3220000,CDFH3301062014000032,서울특별시 강남구 역삼로 239 (역삼동),서울특별시 강남구 역삼동 732-24 지하1층,영업/정상
V65B7C30CF610,비경한의원,강남구,medical_wellness,public_license_registry,OA-16480,한의원,"한방내과, 한방부인과, 한방소아과, 한방안?이비인후?피부과, 한방신경정신과, 한방재활의학과, 사상체질과, 침구과",3220000,PHMA119973220033041101800,"서울특별시 강남구 남부순환로363길 9-8, 지하1층, 1층, 5층 (도곡동)",,영업/정상
V65D09CDFC44F,장박사한의원,송파구,medical_wellness,public_license_registry,OA-16480,한의원,"한방내과, 한방부인과, 한방소아과, 한방안?이비인후?피부과, 한방신경정신과, 한방재활의학과, 사상체질과, 침구과",3230000,PHMA120173230034041100015,"서울특별시 송파구 백제고분로19길 23, 101호 (잠실동)",서울특별시 송파구 잠실동 239번지 6호,영업/정상
V65E2EEB8C671,김진성한의원,송파구,medical_wellness,public_license_registry,OA-16480,한의원,"한방내과, 한방부인과, 한방소아과, 한방안?이비인후?피부과, 한방신경정신과, 한방재활의학과, 사상체질과, 침구과",3230000,PHMA120043230034041101199,"서울특별시 송파구 백제고분로31길 3, 2층 (삼전동)",서울특별시 송파구 삼전동 101번지 8호,영업/정상
V6601818A90F5,뿌리깊은한의원,강남구,medical_wellness,public_license_registry,OA-16480,한의원,"한방내과, 한방부인과, 한방소아과, 한방안?이비인후?피부과, 한방신경정신과, 한방재활의학과, 사상체질과, 침구과",3220000,PHMA120013220033041101824,"서울특별시 강남구 선릉로111길 23, 501호 (논현동)",서울특별시 강남구 논현동 277-14,영업/정상
V66190A90E332,머슐랭 가이드,송파구,exercise_body,public_license_registry,OA-16142,체력단련장업,,3230000,CDFH3301062024000009,"서울특별시 송파구 오금로 247, 지하1층 101호 (방이동)",서울특별시 송파구 방이동 226-7 지하1층 101호,영업/정상
V661D6660D172,황제한의원,서초구,medical_wellness,public_license_registry,OA-16480,한의원,"한방내과, 한방부인과, 한방소아과, 한방안?이비인후?피부과, 한방신경정신과, 한방재활의학과, 사상체질과, 침구과",3210000,PHMA120033210034041100054,"서울특별시 서초구 서초중앙로 15, 305호 (서초동, 현대슈퍼빌)",서울특별시 서초구 서초동 1446번지 11호 현대슈퍼빌 상가305호,영업/정상
V661DDE483C73,서울준재활의학과의원,서초구,medical_wellness,public_license_registry,OA-16480,의원,"내과, 정형외과, 신경외과, 마취통증의학과, 재활의학과, 가정의학과",3210000,PHMA120193210034041100066,"서울특별시 서초구 남부순환로 2606, 금정빌딩 2층 (양재동)",서울특별시 서초구 양재동 11번지 2호 금정빌딩,영업/정상
V6639FB601700,하이랙스 강남점,강남구,exercise_body,public_license_registry,OA-16142,체력단련장업,,3220000,CDFH3301062023000006,"서울특별시 강남구 강남대로 374, 1층 (역삼동)",서울특별시 강남구 역삼동 826,영업/정상
V6654FA3EA81E,수자연소아청소년과의원,서초구,medical_wellness,public_license_registry,OA-16480,의원,"내과, 정형외과, 소아청소년과, 이비인후과, 피부과",3210000,PHMA120223210034041100047,"서울특별시 서초구 방배로 118, 4층 (방배동)",서울특별시 서초구 방배동 905-3,영업/정상
V665AF2E6A1DD,리얼핏,서초구,exercise_body,public_license_registry,OA-16142,체력단련장업,,3210000,CDFH3301062017000007,"서울특별시 서초구 강남대로 321, 209-211호 (서초동, 서초동 대우디오빌프라임)",서울특별시 서초구 서초동 1337-22 서초동 대우디오빌프라임,영업/정상
V6669C77015AD,온한의원,강남구,medical_wellness,public_license_registry,OA-16480,한의원,"한방내과, 한방부인과, 한방소아과, 한방안?이비인후?피부과, 한방신경정신과, 한방재활의학과, 사상체질과, 침구과, 한방응급과",3220000,PHMA120153220033041100039,"서울특별시 강남구 헌릉로570길 34 (세곡동, 리엔파크프라자 304호)",,영업/정상
V668B0A2CE508,라이트짐(LIGHT GYM),강남구,exercise_body,public_license_registry,OA-16142,체력단련장업,,3220000,CDFH3301062022000029,"서울특별시 강남구 일원로 35, 남경빌딩 지하1층 (일원동)",서울특별시 강남구 일원동 684 남경빌딩,영업/정상
V669BD8389B8E,스포짐 목욕장,강남구,relax_recovery,public_license_registry,OA-16146,목욕장업 기타,,3220000,3220000-202-2018-00008,"서울특별시 강남구 도곡로 408, 디마크 빌딩 지하1층 B03호 (대치동)",서울특별시 강남구 대치동 1024 디마크 빌딩,영업/정상
V66A6D9E5E58D,두근두근한의원,강남구,medical_wellness,public_license_registry,OA-16480,한의원,"한방내과, 한방부인과, 한방소아과, 한방안?이비인후?피부과, 한방신경정신과, 한방재활의학과, 사상체질과, 침구과",3220000,PHMA120163220033041100047,"서울특별시 강남구 도곡로63길 12, 201~202호 (대치동, 신농플라자)",,영업/정상
V66B8D9D76DFA,더쉐이프 엔터테인먼트,서초구,exercise_body,public_license_registry,OA-16142,체력단련장업,,3210000,CDFH3301062014000019,"서울특별시 서초구 효령로34길 76, 동림빌딩 2층 201호 (방배동)",서울특별시 서초구 방배동 1020-4 동림빌딩,영업/정상
V66EB4C1A0148,하와이짐,강남구,exercise_body,public_license_registry,OA-16142,체력단련장업,,3220000,CDFH3301062024000006,"서울특별시 강남구 역삼로25길 28, 지산빌딩 1층 (역삼동)",서울특별시 강남구 역삼동 728 지산빌딩,영업/정상
V66F0DB920E68,슬림미한의원,강남구,medical_wellness,public_license_registry,OA-16480,한의원,"한방내과, 한방부인과, 한방소아과, 한방안?이비인후?피부과, 한방재활의학과, 침구과",3220000,PHMA120233220033041100109,"서울특별시 강남구 강남대로160길 18, ARTIUM 2층 (신사동)",서울특별시 강남구 신사동 508-4 ARTIUM,영업/정상
V670385A7E555,짐엑스 방이역점,송파구,exercise_body,public_license_registry,OA-16142,체력단련장업,,3230000,CDFH3301062024000008,"서울특별시 송파구 마천로 83, 제이에스빌딩 2층 (오금동)",서울특별시 송파구 오금동 23-2 제이에스빌딩 2층,영업/정상
V671E4E21F18B,아크짐,송파구,exercise_body,public_license_registry,OA-16142,체력단련장업,,3230000,CDFH3301062025000006,"서울특별시 송파구 백제고분로27길 11, 2층 (삼전동)",서울특별시 송파구 삼전동 99-11,영업/정상
V67200535B0A3,김재환짐,서초구,exercise_body,public_license_registry,OA-16142,체력단련장업,,3210000,CDFH3301062012000014,"서울특별시 서초구 반포대로28길 50, 지하1층 (서초동)",서울특별시 서초구 서초동 1557-11 지하1층,영업/정상
V674B76364C60,뉴서울의원,송파구,medical_wellness,public_license_registry,OA-16480,의원,"내과, 정형외과, 신경외과, 마취통증의학과, 소아청소년과, 이비인후과",3230000,PHMA120023230034041101087,"서울특별시 송파구 거마로22길 49, 2층 (마천동, 범양빌딩)",서울특별시 송파구 마천동 176번지 23호 2층,영업/정상
V674E18B1BD43,마이크로스튜디오 대치역점,강남구,exercise_body,public_license_registry,OA-16142,체력단련장업,,3220000,CDFH3301062025000044,"서울특별시 강남구 남부순환로 2927, 대치 클래시아 B107호 (대치동)",서울특별시 강남구 대치동 622 대치 클래시아,영업/정상
V6762F0868965,더한별이비인후과의원,송파구,medical_wellness,public_license_registry,OA-16480,의원,"내과, 신경과, 정신건강의학과, 외과, 정형외과, 신경외과, 성형외과, 산부인과, 소아청소년과, 안과, 이비인후과, 피부과, 비뇨의학과, 재활의학과, 가정의학과",3230000,PHMA120183230034041100006,"서울특별시 송파구 송파대로 365, 2층,3층 (석촌동)","서울특별시 송파구 석촌동 296번지 17호 2층,3층",영업/정상
V6782F5949B09,인의한의원,강남구,medical_wellness,public_license_registry,OA-16480,한의원,"한방내과, 한방부인과, 한방소아과, 한방안?이비인후?피부과, 한방신경정신과, 한방재활의학과, 사상체질과, 침구과",3220000,PHMA120103220033041100234,"서울특별시 강남구 언주로 314, 강남프라자 (역삼동)",,영업/정상
V6787847D883E,천지연,강남구,relax_recovery,public_license_registry,OA-16146,한증막업,,3220000,3220000-202-1998-00199,"서울특별시 강남구 논현로 838 (신사동,지하1층)",서울특별시 강남구 신사동 598-3 지하1층,영업/정상
V67995C851EC1,맥스 퍼스널 트레이닝&테라피 스튜디오(440),강남구,exercise_body,public_license_registry,OA-16142,체력단련장업,,3220000,CDFH3301062016000010,"서울특별시 강남구 언주로 118, 129호 (도곡동, 우성캐릭터199)",서울특별시 강남구 도곡동 467-24 우성캐릭터119 129호,영업/정상
V679A61C3CB35,동현한의원,서초구,medical_wellness,public_license_registry,OA-16480,한의원,"한방내과, 한방부인과, 한방소아과, 한방안?이비인후?피부과, 한방신경정신과, 한방재활의학과, 사상체질과, 침구과",3210000,PHMA120123210034041100015,"서울특별시 서초구 강남대로 221, 양재역환승주차장 306호 (양재동)",서울특별시 서초구 양재동 23번지 양재역환승주차장,영업/정상
V67AA643DBAFC,짐홀릭,서초구,exercise_body,public_license_registry,OA-16142,체력단련장업,,3210000,CDFH3301062018000011,"서울특별시 서초구 사임당로 93, 2-3층 (서초동)",서울특별시 서초구 서초동 1648-16,영업/정상
V67AA77B2FF7B,NX GYM,강남구,exercise_body,public_license_registry,OA-16142,체력단련장업,,3220000,CDFH3301062021000008,"서울특별시 강남구 강남대로 502, 에임하이타워 지하1층 (논현동)",서울특별시 강남구 논현동 165 서희빌딩,영업/정상
V67B0F8ADA09D,약수한의원,서초구,medical_wellness,public_license_registry,OA-16480,한의원,"한방내과, 한방부인과, 한방소아과, 한방안?이비인후?피부과, 한방신경정신과, 한방재활의학과, 사상체질과, 침구과",3210000,PHMA120143210034041100085,"서울특별시 서초구 서초대로25길 17, 3층 (방배동, 서린빌딩)",서울특별시 서초구 방배동 875번지 15호 3층,영업/정상
V67BD23069071,청담신의의원,강남구,medical_wellness,public_license_registry,OA-16480,의원,"내과, 피부과, 재활의학과, 가정의학과",3220000,PHMA120213220033041100044,"서울특별시 강남구 선릉로 756, 대성빌딩 4층 (청담동)",,영업/정상
V6809E7DE45EB,에이치투짐Pt 선정릉역점,강남구,exercise_body,public_license_registry,OA-16142,체력단련장업,,3220000,CDFH3301062025000049,"서울특별시 강남구 봉은사로51길 13, B02호 (논현동)",서울특별시 강남구 논현동 269-16,영업/정상
V6814811232E5,방배카페불한증막,서초구,relax_recovery,public_license_registry,OA-16146,한증막업,,3210000,3210000-202-2015-00003,"서울특별시 서초구 방배중앙로 187, 지하 1층 (방배동)","서울특별시 서초구 방배동 761-6 , 14호 지하 1층",영업/정상
V681AE2CAB773,석촌탕,송파구,relax_recovery,public_license_registry,OA-16146,공동탕업,,3230000,3230000-202-2003-00035,서울특별시 송파구 백제고분로31길 38 (삼전동),서울특별시 송파구 삼전동 129-7,영업/정상
V6825BA946C64,반포일등정형외과의원,서초구,medical_wellness,public_license_registry,OA-16480,의원,"정형외과, 신경외과, 마취통증의학과, 재활의학과",3210000,PHMA120253210034041100089,"서울특별시 서초구 잠원로4길 50, 메이플 자이 근린생활시설 1동 2층 202~206, 214~215호 (잠원동)",서울특별시 서초구 잠원동 60-3 메이플 자이 근린생활시설,영업/정상
V684186F1E66D,U.N.D 퍼스널트레이닝,강남구,exercise_body,public_license_registry,OA-16142,체력단련장업,,3220000,CDFH3301062010000017,"서울특별시 강남구 도산대로 447 (청담동,(2층))",서울특별시 강남구 청담동 97-4 (2층),영업/정상
V6843E02B72A9,명민한의원,강남구,medical_wellness,public_license_registry,OA-16480,한의원,"한방내과, 한방부인과, 한방소아과, 한방안?이비인후?피부과, 한방신경정신과, 한방재활의학과, 사상체질과, 침구과",3220000,PHMA120193220033041100028,"서울특별시 강남구 압구정로 212, 방우빌딩 2층 7,8호 (신사동)",서울특별시 강남구 신사동 614-7 방우빌딩,영업/정상
V686AE1696336,어메이징휘트니스 헬스&PT 반포점,서초구,exercise_body,public_license_registry,OA-16142,체력단련장업,,3210000,CDFH3301062023000002,"서울특별시 서초구 서초중앙로31길 6-3, 지하2층 (반포동)",서울특별시 서초구 반포동 50-12 지지반포빌딩,영업/정상
V6879E4C5DEA2,(유)힐리언스코어운동센터,강남구,exercise_body,public_license_registry,OA-16142,체력단련장업,,3220000,CDFH3301062025000033,"서울특별시 강남구 봉은사로 640, 에스빌딩 2층 (삼성동)",서울특별시 강남구 삼성동 163 에스빌딩,영업/정상
V6883203EDE36,스카이짐,강남구,exercise_body,public_license_registry,OA-16142,체력단련장업,,3220000,CDFH3301062020000013,서울특별시 강남구 학동로20길 67 (논현동),서울특별시 강남구 논현동 158-32,영업/정상
V68AB1812450F,신우한의원,서초구,medical_wellness,public_license_registry,OA-16480,한의원,"한방내과, 한방부인과, 한방소아과, 한방안?이비인후?피부과, 한방신경정신과, 한방재활의학과, 사상체질과, 침구과",3210000,PHMA120033210034041100032,"서울특별시 서초구 남부순환로356길 15, 3층 (양재동)",,영업/정상
V68B82308CFE7,도윤한의원,강남구,medical_wellness,public_license_registry,OA-16480,한의원,"한방내과, 한방부인과, 한방소아과, 한방안?이비인후?피부과, 한방신경정신과, 한방재활의학과, 사상체질과, 침구과",3220000,PHMA120103220033041100111,"서울특별시 강남구 도곡로 408, 디마크 빌딩 4층 403호 (대치동)",서울특별시 강남구 대치동 1024 디마크 빌딩,영업/정상
V68C1F1C0C974,스카이짐(SKY GYM),강남구,exercise_body,public_license_registry,OA-16142,체력단련장업,,3220000,CDFH3301062023000044,"서울특별시 강남구 봉은사로44길 31, 지하1층 (역삼동)",서울특별시 강남구 역삼동 686-3,영업/정상
V68F15C8F727B,에브리데이 PT,서초구,exercise_body,public_license_registry,OA-16142,체력단련장업,,3210000,CDFH3301062022000001,"서울특별시 서초구 동작대로 70, 6층 (방배동)",서울특별시 서초구 방배동 438-14,영업/정상
V68FE03C01604,(의)미래의료재단리드림의원,강남구,medical_wellness,public_license_registry,OA-16480,의원,"내과, 외과, 정형외과, 성형외과, 마취통증의학과, 산부인과, 소아청소년과, 피부과, 영상의학과, 가정의학과",3220000,PHMA120003220033041100309,"서울특별시 강남구 테헤란로 513 (삼성동, B1일부,4,9,10층,테헤란로81길10,B1일부,삼성로92길29,3,4)","서울특별시 강남구 삼성동 158번지 23호 B1일부,4,9,10층,테헤란로81길10,B1일부,삼성로92길29,3,4층",영업/정상
V691C88E1FC1A,더나의원,서초구,medical_wellness,public_license_registry,OA-16480,의원,"정형외과, 피부과",3210000,PHMA120263210034041100007,"서울특별시 서초구 서초대로77길 17, BLOCK77 B201호, B202호 (서초동)",서울특별시 서초구 서초동 1307-21 BLOCK77,영업/정상
V6920913164E7,청담셀의원,강남구,medical_wellness,public_license_registry,OA-16480,의원,"내과, 외과, 정형외과, 성형외과, 마취통증의학과, 산부인과, 피부과, 비뇨의학과, 재활의학과, 가정의학과, 예방의학과",3220000,PHMA120013220033041100386,"서울특별시 강남구 도산대로 318, SB타워 15층 (논현동)",,영업/정상
V6921B016E38F,연세베스트정형외과재활의학과의원,서초구,medical_wellness,public_license_registry,OA-16480,의원,"내과, 신경과, 정신건강의학과, 외과, 정형외과, 신경외과, 심장혈관흉부외과, 성형외과, 마취통증의학과, 산부인과, 소아청소년과, 안과, 이비인후과, 피부과, 비뇨의학과, 영상의학과, 병리과, 진단검사의학과, 재활의학과, 가정의학과, 응급의학과",3210000,PHMA120203210034041100054,"서울특별시 서초구 방배로 83, 방배센트럴빌딩 301,302호 (방배동)","서울특별시 서초구 방배동 909-6 방배센트럴빌딩 301,302호",영업/정상
V6953ACAC2940,다솜한의원,서초구,medical_wellness,public_license_registry,OA-16480,한의원,"한방내과, 한방부인과, 한방소아과, 한방안?이비인후?피부과, 한방신경정신과, 한방재활의학과, 사상체질과, 침구과",3210000,PHMA120143210034041100029,"서울특별시 서초구 서초중앙로24길 18, 3층 (서초동)",서울특별시 서초구 서초동 1691번지 1호 3층,영업/정상
V696E63D75AB5,문정2호점 스포애니 (주)케이디헬스케어,송파구,exercise_body,public_license_registry,OA-16142,체력단련장업,,3230000,CDFH3301061999000005,서울특별시 송파구 동남로4길 10 (문정동),서울특별시 송파구 문정동 41-5,영업/정상
V698A1B09AFE3,새늘한의원,송파구,medical_wellness,public_license_registry,OA-16480,한의원,"한방내과, 한방부인과, 한방소아과, 한방안?이비인후?피부과, 한방신경정신과, 한방재활의학과, 사상체질과, 침구과",3230000,PHMA120243230034041100046,"서울특별시 송파구 법원로 127, 문정대명벨리온 1층 113, 114호 (문정동)",,영업/정상
V69AA1609DE96,이볼브 트레이닝,송파구,exercise_body,public_license_registry,OA-16142,체력단련장업,,3230000,CDFH3301062023000034,"서울특별시 송파구 송파대로37길 4-27, 2층 (석촌동)",서울특별시 송파구 석촌동 297-6,영업/정상
V69B9530664B1,스타디온 삼성,강남구,exercise_body,public_license_registry,OA-16142,체력단련장업,,3220000,CDFH3301062021000043,"서울특별시 강남구 테헤란로 443, 애플트리타워 지하1층 (삼성동)",서울특별시 강남구 삼성동 144-25 애플트리타워,영업/정상
V69BC48114A5E,THE JUNG FIT,송파구,exercise_body,public_license_registry,OA-16142,체력단련장업,,3230000,CDFH3301062021000014,"서울특별시 송파구 백제고분로41길 33, 티에스티빌딩 지하1층 (송파동)",서울특별시 송파구 송파동 10-7 티에스티빌딩,영업/정상
V69D6CD8685E8,이수역점 스포애니 (주)케이디헬스케어,서초구,exercise_body,public_license_registry,OA-16142,체력단련장업,,3210000,CDFH3301062014000006,"서울특별시 서초구 동작대로 114 (방배동, 유문빌딩 지하1층)",서울특별시 서초구 방배동 3160 유문빌딩 지하1층,영업/정상
V69EA2C57E9AC,GYM223,강남구,exercise_body,public_license_registry,OA-16142,체력단련장업,,3220000,CDFH3301062022000055,"서울특별시 강남구 논현로168길 47, 지하1층 (신사동)",서울특별시 강남구 신사동 626-50,영업/정상
V69FF79811B7C,서울에스마취통증의학과의원,서초구,medical_wellness,public_license_registry,OA-16480,의원,"내과, 신경과, 정신건강의학과, 외과, 정형외과, 신경외과, 심장혈관흉부외과, 성형외과, 마취통증의학과, 산부인과, 소아청소년과, 안과, 이비인후과, 피부과, 비뇨의학과, 영상의학과, 진단검사의학과, 재활의학과, 가정의학과",3210000,PHMA120143210034041100025,"서울특별시 서초구 동작대로 114, 5층 (방배동, (재)원불교 유문빌딩)",,영업/정상
V6A010C686376,웰앤피트니스 강남지점,강남구,relax_recovery,public_license_registry,OA-16146,목욕장업 기타,,3220000,3220000-202-2024-00004,"서울특별시 강남구 언주로 563, 301동 지하1층 B127호 (역삼동)",서울특별시 강남구 역삼동 653-4,영업/정상
V6A1B712F2FAC,W gym,강남구,exercise_body,public_license_registry,OA-16142,체력단련장업,,3220000,CDFH3301062022000020,"서울특별시 강남구 봉은사로30길 24, 지하 1층 (역삼동)",서울특별시 강남구 역삼동 659-16,영업/정상
V6A36BECD8DE1,박쾌환한의원,서초구,medical_wellness,public_license_registry,OA-16480,한의원,"한방내과, 한방부인과, 한방소아과, 한방안?이비인후?피부과, 한방신경정신과, 한방재활의학과, 사상체질과, 침구과",3210000,PHMA120053210034041100034,"서울특별시 서초구 서초대로 325, 2층 (서초동)",서울특별시 서초구 서초동 1690번지 2호 2층,영업/정상
V6A5C01D08E63,청담도원한의원,강남구,medical_wellness,public_license_registry,OA-16480,한의원,"한방내과, 한방부인과, 한방소아과, 한방안?이비인후?피부과, 한방신경정신과, 한방재활의학과, 침구과",3220000,PHMA120073220033041102001,"서울특별시 강남구 학동로 417, 제일빌딩 1층 (청담동)",서울특별시 강남구 청담동 44번지 13호 제일빌딩 1층,영업/정상
V6A6D6EB90854,바비스튜디오,강남구,exercise_body,public_license_registry,OA-16142,체력단련장업,,3220000,CDFH3301062021000038,"서울특별시 강남구 학동로 443, 정한빌딩 402호 (청담동)",서울특별시 강남구 청담동 47-5 정한빌딩,영업/정상
V6A7A9FF105C9,서울성모신경외과의원,강남구,medical_wellness,public_license_registry,OA-16480,의원,"내과, 정형외과, 신경외과",3220000,PHMA120143220033041100093,"서울특별시 강남구 학동로 206, 동화빌딩 4층 (논현동)",서울특별시 강남구 논현동 207-1 동화빌딩,영업/정상
V6A87E3B9FC32,아유짐,서초구,exercise_body,public_license_registry,OA-16142,체력단련장업,,3210000,CDFH3301062018000001,"서울특별시 서초구 동작대로 62, 용진빌딩 3층 (방배동)",서울특별시 서초구 방배동 439-5 용진빌딩,영업/정상
V6A92997939C8,데카비의원,강남구,medical_wellness,public_license_registry,OA-16480,의원,"내과, 정형외과, 성형외과, 피부과",3220000,PHMA120043220033041100599,"서울특별시 강남구 언주로 626, 논현로얄팰리스 101호 (논현동)",,영업/정상
V6A9EA5ED540E,휘트니스2.0,강남구,exercise_body,public_license_registry,OA-16142,체력단련장업,,3220000,CDFH3301062012000015,"서울특별시 강남구 도산대로27길 43, 지하 1,2층 (신사동)",서울특별시 강남구 신사동 566-31,영업/정상
V6AA93BEEA8DE,프레임 체크 하우스,송파구,exercise_body,public_license_registry,OA-16142,체력단련장업,,3230000,CDFH3301062024000013,"서울특별시 송파구 중대로23길 21, 혜천빌딩 3층 302호 (가락동)",서울특별시 송파구 가락동 18-8 혜천빌딩 3층 302호,영업/정상
V6AF8DACEAC06,그리다성형외과의원,강남구,medical_wellness,public_license_registry,OA-16480,의원,"내과, 성형외과, 산부인과, 소아청소년과, 안과, 이비인후과, 피부과, 재활의학과",3220000,PHMA120163220033041100186,"서울특별시 강남구 강남대로 408, YBM강남센터 1201호 (역삼동)",서울특별시 강남구 역삼동 820번지 8호 YBM강남센터 1201호,영업/정상
V6B097BBDD382,강남인한의원,강남구,medical_wellness,public_license_registry,OA-16480,한의원,"한방내과, 한방부인과, 한방소아과, 한방안?이비인후?피부과, 한방신경정신과, 한방재활의학과, 사상체질과, 침구과",3220000,PHMA120053220033041101900,"서울특별시 강남구 삼성로133길 3, 6층 (청담동, 노블레스타워)",서울특별시 강남구 청담동 47번지 6층,영업/정상
V6B0CC4717384,동백미즈한의원,강남구,medical_wellness,public_license_registry,OA-16480,한의원,"한방내과, 한방부인과, 한방소아과, 한방안?이비인후?피부과, 한방신경정신과, 한방재활의학과, 사상체질과, 침구과",3220000,PHMA120233220033041100139,"서울특별시 강남구 도산대로12길 6, 3층 (논현동)",,영업/정상
V6B21D7F0AB0A,영진한의원,송파구,medical_wellness,public_license_registry,OA-16480,한의원,"한방내과, 한방부인과, 한방소아과, 한방안?이비인후?피부과, 한방신경정신과, 한방재활의학과, 사상체질과, 침구과",3230000,PHMA120153230034041100016,"서울특별시 송파구 석촌호수로 61 (잠실동, 트리지움상가 2층)",,영업/정상
V6B4E95A09251,명이한의원,서초구,medical_wellness,public_license_registry,OA-16480,한의원,"한방내과, 한방부인과, 한방소아과, 한방안?이비인후?피부과, 한방신경정신과, 한방재활의학과, 사상체질과, 침구과",3210000,PHMA120033210034041100034,"서울특별시 서초구 방배로 212, 2층 (방배동)",서울특별시 서초구 방배동 811-1,영업/정상
V6B5BEEA8AC4E,해봄한의원,송파구,medical_wellness,public_license_registry,OA-16480,한의원,"한방내과, 한방부인과, 한방소아과, 한방안?이비인후?피부과, 한방신경정신과, 한방재활의학과, 사상체질과, 침구과",3230000,PHMA120243230034041100030,"서울특별시 송파구 충민로 81-9, 제이타워 2층 (문정동)",,영업/정상
V6B611DE6D792,서울정재활의학과의원,강남구,medical_wellness,public_license_registry,OA-16480,의원,"신경과, 정형외과, 신경외과, 마취통증의학과, 재활의학과",3220000,PHMA120263220033041100082,"서울특별시 강남구 언주로 859, 쉬즈.애비뉴빌딩 6층 (신사동)",서울특별시 강남구 신사동 621-2 쉬즈.애비뉴빌딩 6층,영업/정상
V6B62BE53282C,소울앤드바디,서초구,exercise_body,public_license_registry,OA-16142,체력단련장업,,3210000,CDFH3301062008000005,"서울특별시 서초구 서초대로55길 17  (서초동,,42(2층))","서울특별시 서초구 서초동 1697-12 ,42(2층)",영업/정상
V6B6C0966EB01,삼성동경희한의원,강남구,medical_wellness,public_license_registry,OA-16480,한의원,"한방내과, 한방부인과, 한방소아과, 한방안?이비인후?피부과, 한방신경정신과, 한방재활의학과, 사상체질과, 침구과",3220000,PHMA120233220033041100071,"서울특별시 강남구 학동로68길 7, 삼성동힐스테이트 3층 302호 (삼성동)",,영업/정상
V6B6D550AC4E7,R&FIT,강남구,exercise_body,public_license_registry,OA-16142,체력단련장업,,3220000,CDFH3301062019000015,"서울특별시 강남구 언주로85길 14, 엠코스퀘어720 지하2층 (역삼동)",서울특별시 강남구 역삼동 720-22 엠코스퀘어720,영업/정상
V6B71CE3F6745,세인트한의원,송파구,medical_wellness,public_license_registry,OA-16480,한의원,"한방내과, 한방부인과, 한방소아과, 한방안?이비인후?피부과, 한방신경정신과, 한방재활의학과, 사상체질과, 침구과",3230000,PHMA120253230034041100057,"서울특별시 송파구 백제고분로39길 10-20, 202호 (석촌동)",서울특별시 송파구 석촌동 175-12,영업/정상
V6B7A404D6AEE,애플짐 휘트니스(263),강남구,exercise_body,public_license_registry,OA-16142,체력단련장업,,3220000,CDFH3301062011000021,"서울특별시 강남구 선릉로 340  (대치동,대치EM프라자 B101,B102,B201)","서울특별시 강남구 대치동 908-20 대치EM프라자 B101,B102,B201",영업/정상
V6B8C43203C7C,조이필라위드짐,송파구,exercise_body,public_license_registry,OA-16142,체력단련장업,,3230000,CDFH3301062023000009,"서울특별시 송파구 동남로 238, 오성빌딩 5층 (가락동)",서울특별시 송파구 가락동 166-8,영업/정상
V6BA0EAB2CCEE,비컴스 피트니스,서초구,exercise_body,public_license_registry,OA-16142,체력단련장업,,3210000,CDFH3301062011000006,"서울특별시 서초구 서래로 50 (반포동,(3층))",서울특별시 서초구 반포동 93-7 (3층),영업/정상
V6BAE0D2B8BAB,가치한의원,강남구,medical_wellness,public_license_registry,OA-16480,한의원,"한방내과, 한방부인과, 한방소아과, 한방안?이비인후?피부과",3220000,PHMA120243220033041100014,"서울특별시 강남구 도산대로81길 50, 4층 (청담동)",,영업/정상
V6BB9132558E3,서초방배마디튼튼의원,서초구,medical_wellness,public_license_registry,OA-16480,의원,"신경과, 정형외과, 신경외과, 마취통증의학과, 재활의학과",3210000,PHMA120243210034041100114,"서울특별시 서초구 방배로 169, 201호 (방배동)",서울특별시 서초구 방배동 874-1 201호,영업/정상
V6BBE65AB10BB,강남뇌편한의원,강남구,medical_wellness,public_license_registry,OA-16480,한의원,"한방내과, 한방부인과, 한방소아과, 한방안?이비인후?피부과, 한방신경정신과, 한방재활의학과, 사상체질과, 침구과",3220000,PHMA120253220033041100096,"서울특별시 강남구 테헤란로51길 7, 수지빌딩 3층 (역삼동)",서울특별시 강남구 역삼동 702-30 3층,영업/정상
V6BC07FE0963A,올림피아목욕탕,강남구,relax_recovery,public_license_registry,OA-16146,공동탕업,,3220000,3220000-202-1988-00352,서울특별시 강남구 논현로79길 72 (역삼동),서울특별시 강남구 역삼동 828-10,영업/정상
V6BE45B05EE87,스킨룩스한의원,강남구,medical_wellness,public_license_registry,OA-16480,한의원,"한방내과, 한방부인과, 한방소아과, 한방안?이비인후?피부과, 한방신경정신과, 한방재활의학과, 사상체질과, 침구과",3220000,PHMA120083220033041102056,"서울특별시 강남구 선릉로 749, 은산빌딩 3층 (논현동)",서울특별시 강남구 논현동 101-24 은산빌딩,영업/정상
V6BF39E843A15,롯데호텔 여성사우나,송파구,relax_recovery,public_license_registry,OA-16146,목욕장업 기타,,3230000,3230000-202-2022-00001,"서울특별시 송파구 올림픽로 240, 5층 (잠실동)",서울특별시 송파구 잠실동 40-1 롯데월드,영업/정상
V6BF82944D65A,양재바른정형외과의원,강남구,medical_wellness,public_license_registry,OA-16480,의원,"내과, 정형외과, 신경외과, 마취통증의학과, 소아청소년과, 이비인후과, 피부과, 비뇨의학과, 재활의학과, 가정의학과",3220000,PHMA120193220033041100168,"서울특별시 강남구 개포로 205, 양재빌딩 지하1층,지상1,2층  호 (개포동)","서울특별시 강남구 개포동 1239번지 19호 양재빌딩, 지하1층, 지상1,2층",영업/정상
V6C06C7011043,르제이의원,강남구,medical_wellness,public_license_registry,OA-16480,의원,"내과, 정형외과, 성형외과, 이비인후과, 가정의학과",3220000,PHMA120253220033041100161,"서울특별시 강남구 도산대로 134, 7층 (논현동)",서울특별시 강남구 논현동 5-1 7층,영업/정상
V6C16F0BF7D07,코어무브,강남구,exercise_body,public_license_registry,OA-16142,체력단련장업,,3220000,CDFH3301062025000015,"서울특별시 강남구 봉은사로 331, SH타워 지하2층 (논현동)",서울특별시 강남구 논현동 278-22 SH타워,영업/정상
V6C379957579E,사당365한의원,서초구,medical_wellness,public_license_registry,OA-16480,한의원,"한방내과, 한방부인과, 한방소아과, 한방안?이비인후?피부과, 한방신경정신과, 한방재활의학과, 사상체질과, 침구과",3210000,PHMA120213210034041100037,"서울특별시 서초구 방배천로 5-1, 5층 (방배동)",서울특별시 서초구 방배동 445-4,영업/정상
V6C3AFE7AF073,청담글래시피부과의원,강남구,medical_wellness,public_license_registry,OA-16480,의원,"내과, 신경과, 정신건강의학과, 성형외과, 마취통증의학과, 산부인과, 소아청소년과, 안과, 피부과, 영상의학과, 재활의학과, 가정의학과, 예방의학과",3220000,PHMA120223220033041100015,"서울특별시 강남구 도산대로81길 51, 루미안빌 5층 (청담동)",서울특별시 강남구 청담동 100 루미안빌,영업/정상
V6C43608C9B2E,스트레치 유 케어(STRETCH U CARE),강남구,exercise_body,public_license_registry,OA-16142,체력단련장업,,3220000,CDFH3301062026000014,"서울특별시 강남구 도곡로 408, 디마크 빌딩 510호 (대치동)",서울특별시 강남구 대치동 1024 디마크 빌딩,영업/정상
V6C5042AC821F,짐포레스트,강남구,exercise_body,public_license_registry,OA-16142,체력단련장업,,3220000,CDFH3301062024000018,"서울특별시 강남구 영동대로138길 15, 2층 (청담동)",서울특별시 강남구 청담동 131-13,영업/정상
V6C5377E721E2,와이피지오(WHY PHYSIO),송파구,exercise_body,public_license_registry,OA-16142,체력단련장업,,3230000,CDFH3301062023000014,"서울특별시 송파구 오금로46길 66, 2층 (가락동)",서울특별시 송파구 가락동 196-13,영업/정상
V6C8EF3384E57,아이피호텔휘트니스,강남구,relax_recovery,public_license_registry,OA-16146,공동탕업,,3220000,3220000-202-1995-00181,서울특별시 강남구 언주로 640 (논현동),서울특별시 강남구 논현동 248-7,영업/정상
V6C921345BDAE,혜민서한의원,송파구,medical_wellness,public_license_registry,OA-16480,한의원,"한방내과, 한방부인과, 한방소아과, 한방안?이비인후?피부과, 한방신경정신과, 한방재활의학과, 사상체질과, 침구과",3230000,PHMA120063230034041101391,"서울특별시 송파구 동남로 217, 2층 (가락동)",,영업/정상
V6CB51D01D818,실로암한의원,서초구,medical_wellness,public_license_registry,OA-16480,한의원,"한방내과, 한방부인과, 한방소아과, 한방안?이비인후?피부과, 한방신경정신과, 한방재활의학과, 사상체질과, 침구과",3210000,PHMA120053210034041100017,"서울특별시 서초구 방배로 76, 202,206호 (방배동, 머리재빌딩)","서울특별시 서초구 방배동 984번지 1호 머리재빌딩 202, 206호",영업/정상
V6CD79EC43D3C,케이에스정형외과의원,강남구,medical_wellness,public_license_registry,OA-16480,의원,"내과, 정형외과, 신경외과, 마취통증의학과, 영상의학과, 가정의학과",3220000,PHMA120233220033041100176,"서울특별시 강남구 선릉로 571, KS병원 지하 1~1층 (역삼동)",서울특별시 강남구 역삼동 682-23 KS병원,영업/정상
V6CE38770CDE1,배독생기한의원,송파구,medical_wellness,public_license_registry,OA-16480,한의원,"한방내과, 한방부인과, 한방소아과, 한방안?이비인후?피부과, 한방신경정신과, 한방재활의학과, 사상체질과, 침구과",3230000,PHMA120213230034041100006,"서울특별시 송파구 올림픽로 119, 잠실파인애플상가 2층 2A27-30호 (잠실동)",,영업/정상
V6D052B15F96C,본디올강남한의원,강남구,medical_wellness,public_license_registry,OA-16480,한의원,"한방내과, 한방부인과, 한방소아과, 한방안?이비인후?피부과, 한방신경정신과, 한방재활의학과, 사상체질과, 침구과",3220000,PHMA120063220033041101969,"서울특별시 강남구 도곡로 428, 웰리스빌딩 3층 (대치동)",,영업/정상
V6D1F79A19542,김태욱외과의원,강남구,medical_wellness,public_license_registry,OA-16480,의원,"내과, 외과, 정형외과, 마취통증의학과, 소아청소년과, 피부과, 비뇨의학과, 재활의학과",3220000,PHMA120003220033041100329,"서울특별시 강남구 언주로30길 39 (도곡동, 4층일부)",서울특별시 강남구 도곡동 467번지 14호 4층일부,영업/정상
V6D40380E87F5,크로스핏 라곰트레이닝 석촌,송파구,exercise_body,public_license_registry,OA-16142,체력단련장업,,3230000,CDFH3301062021000009,"서울특별시 송파구 송파대로 451, 지층 (석촌동)",서울특별시 송파구 석촌동 184-8,영업/정상
V6D47106F297B,서울리더스비뇨의학과의원,강남구,medical_wellness,public_license_registry,OA-16480,의원,"내과, 신경과, 외과, 정형외과, 신경외과, 성형외과, 마취통증의학과, 산부인과, 피부과, 비뇨의학과, 영상의학과, 진단검사의학과, 가정의학과",3220000,PHMA120203220033041100063,"서울특별시 강남구 테헤란로87길 13, 서영빌딩 10층 (삼성동)",서울특별시 강남구 삼성동 158번지 12호 서영빌딩,영업/정상
V6D566F09ADFD,바디랩 스트레칭,송파구,exercise_body,public_license_registry,OA-16142,체력단련장업,,3230000,CDFH3301062025000011,"서울특별시 송파구 올림픽로35길 104, 장미아파트 상가 2층 205호 (신천동, 장미아파트)",서울특별시 송파구 신천동 7 장미아파트,영업/정상
V6D64D64FCDF4,김찬웅한의원,송파구,medical_wellness,public_license_registry,OA-16480,한의원,"한방내과, 한방부인과, 한방소아과, 한방안?이비인후?피부과, 한방신경정신과, 한방재활의학과, 사상체질과, 침구과",3230000,PHMA119903230034041100283,"서울특별시 송파구 마천로41길 15, 2층 (마천동)",서울특별시 송파구 마천동 129번지 1호(2층),영업/정상
V6D665EC6E2A0,바디녹스짐,서초구,exercise_body,public_license_registry,OA-16142,체력단련장업,,3210000,CDFH3301062020000005,"서울특별시 서초구 방배로37길 11, 삼호회관 지하1층 (방배동)",서울특별시 서초구 방배동 795-1 삼호회관,영업/정상
V6D7677036774,비나이더 방배점,서초구,exercise_body,public_license_registry,OA-16142,체력단련장업,,3210000,CDFH3301062009000003,"서울특별시 서초구 방배로 132, 지하1~2층 (방배동)",서울특별시 서초구 방배동 901-1,영업/정상
V6D8ACBA4C094,비헬씨 대치점,강남구,exercise_body,public_license_registry,OA-16142,체력단련장업,,3220000,CDFH3301062002000009,"서울특별시 강남구 역삼로 458, 지하1층 (대치동, 영미빌딩)",서울특별시 강남구 대치동 912-10,영업/정상
V6D9C587C5A7C,김성태한의원,송파구,medical_wellness,public_license_registry,OA-16480,한의원,"한방내과, 한방부인과, 한방소아과, 한방안?이비인후?피부과, 한방신경정신과, 한방재활의학과, 사상체질과, 침구과",3230000,PHMA119883230034041100199,서울특별시 송파구 오금로 247 (방이동),서울특별시 송파구 방이동  226번지 7호,영업/정상
V6DEF9AE720F1,알제이 스튜디오 주식회사,강남구,exercise_body,public_license_registry,OA-16142,체력단련장업,,3220000,CDFH3301062026000006,"서울특별시 강남구 논현로38길 32-11, 지하1층 (도곡동)",서울특별시 강남구 도곡동 417-7,영업/정상
V6E0EB7DBC358,수창당한방내과한의원,강남구,medical_wellness,public_license_registry,OA-16480,한의원,"한방내과, 한방부인과, 한방소아과, 한방안?이비인후?피부과, 한방신경정신과, 한방재활의학과, 사상체질과, 침구과",3220000,PHMA120243220033041100143,"서울특별시 강남구 학동로82길 17, 금은빌딩 1층 (삼성동)",서울특별시 강남구 삼성동 54-7 금은빌딩 1층,영업/정상
V6E20D4A00171,나비 불한증막,서초구,relax_recovery,public_license_registry,OA-16146,공동탕업+찜질시설서비스영업,,3210000,3210000-202-2007-00003,"서울특별시 서초구 남부순환로 2634-8, 지하 1층 (양재동, 단성빌딩)",서울특별시 서초구 양재동 1-23 단성빌딩 지하 1층(도로명주소 직권 등록),영업/정상
V6E399F6E521B,유앤PT 이수역점,서초구,exercise_body,public_license_registry,OA-16142,체력단련장업,,3210000,CDFH3301062024000020,"서울특별시 서초구 방배천로18길 11, B동 204호 (방배동)",서울특별시 서초구 방배동 424-28,영업/정상
V6E45097F3781,레몬필라테스,서초구,exercise_body,public_license_registry,OA-16142,체력단련장업,,3210000,CDFH3301062017000008,"서울특별시 서초구 사평대로55길 133 (반포동, 대영빌딩 2층 전체)",,영업/정상
V6E5CD92463DF,다이룸한의원,강남구,medical_wellness,public_license_registry,OA-16480,한의원,"한방내과, 한방부인과, 한방소아과, 한방안?이비인후?피부과, 한방신경정신과, 한방재활의학과, 사상체질과, 침구과",3220000,PHMA120113220033041100100,"서울특별시 강남구 압구정로30길 63, 3층 (신사동)",,영업/정상
V6E6165A7AB22,루프 사우나 강남2,강남구,relax_recovery,public_license_registry,OA-16146,목욕장업 기타,,3220000,3220000-202-2026-00004,"서울특별시 강남구 언주로79길 14, 지하2층 (역삼동)",서울특별시 강남구 역삼동 724-45,영업/정상
V6E61CF164CD7,로그짐 송파역점,송파구,exercise_body,public_license_registry,OA-16142,체력단련장업,,3230000,CDFH3301062022000017,"서울특별시 송파구 송파대로 345, 1A동 3058~3059호 (가락동, 헬리오시티)",서울특별시 송파구 가락동 913 헬리오시티 1A동 3058~3059호,영업/정상
V6E7B60636F6F,청담경희소순필한의원,강남구,medical_wellness,public_license_registry,OA-16480,한의원,"한방내과, 한방부인과, 한방소아과, 한방안?이비인후?피부과, 한방신경정신과, 한방재활의학과, 사상체질과, 침구과",3220000,PHMA120183220033041100112,"서울특별시 강남구 선릉로132길 13-6, 2층층 (청담동)",,영업/정상
V6EAB53199FE2,굿앤웰내과소아청소년과의원,송파구,medical_wellness,public_license_registry,OA-16480,의원,"내과, 신경과, 정형외과, 소아청소년과, 이비인후과, 피부과, 재활의학과, 가정의학과",3230000,PHMA120083230034041101493,"서울특별시 송파구 올림픽로 212, 207호,208호 (잠실동, 갤러리아팰리스)","서울특별시 송파구 잠실동 40번지 갤러리아팰리스 207호,호",영업/정상
V6EC060873BF2,라이트짐 헬스&PT 수서역점,강남구,exercise_body,public_license_registry,OA-16142,체력단련장업,,3220000,CDFH3301062021000057,"서울특별시 강남구 광평로51길 6-11, 문암빌딩 지하1층 (수서동)",서울특별시 강남구 수서동 714-4 문암빌딩,영업/정상
V6EC205231DE8,방이정형외과의원,송파구,medical_wellness,public_license_registry,OA-16480,의원,"내과, 정형외과, 신경외과, 비뇨의학과, 재활의학과",3230000,PHMA120053230034041101318,"서울특별시 송파구 백제고분로 466, 5층 (방이동)",서울특별시 송파구 방이동 149번지,영업/정상
V6ED2EA75DCF4,윔 보행운동센터,송파구,exercise_body,public_license_registry,OA-16142,체력단련장업,,3230000,CDFH3301062024000010,"서울특별시 송파구 위례성대로 38, 2층 203호 (방이동, 해태그린피아빌라트)",서울특별시 송파구 방이동 180-8 해태그린피아빌라트 2층 203호,영업/정상
V6ED787A6EDA9,더블유비,송파구,exercise_body,public_license_registry,OA-16142,체력단련장업,,3230000,CDFH3301062025000032,"서울특별시 송파구 토성로 16, 지하1층 (풍납동)",서울특별시 송파구 풍납동 271-16,영업/정상
V6EEC3D5715A6,서래마을연세정형외과의원,서초구,medical_wellness,public_license_registry,OA-16480,의원,정형외과,3210000,PHMA120043210034041100036,"서울특별시 서초구 서래로 8, 2층 (반포동)",,영업/정상
V6F11C46E6881,연세한정형외과의원,송파구,medical_wellness,public_license_registry,OA-16480,의원,"정형외과, 신경외과, 마취통증의학과, 재활의학과, 가정의학과",3230000,PHMA120183230034041100052,"서울특별시 송파구 올림픽로 119, 잠실파인애플상가 5층 9,10,25호 (잠실동)",서울특별시 송파구 잠실동 19번지 9호 잠실파인애플상가,영업/정상
V6F35BC969E9C,경희한빛한의원,송파구,medical_wellness,public_license_registry,OA-16480,한의원,"한방내과, 한방부인과, 한방소아과, 한방안?이비인후?피부과, 한방신경정신과, 한방재활의학과, 사상체질과, 침구과",3230000,PHMA120013230034041100946,서울특별시 송파구 백제고분로 423 (송파동),,영업/정상
V6F956AEB8CB2,독한GYM,강남구,exercise_body,public_license_registry,OA-16142,체력단련장업,,3220000,CDFH3301062023000003,"서울특별시 강남구 봉은사로 203, 명진빌딩 3층 (논현동)",서울특별시 강남구 논현동 234-27 명진빌딩,영업/정상
V6FC4D0EC9026,나비솔한의원,송파구,medical_wellness,public_license_registry,OA-16480,한의원,"한방내과, 한방부인과, 한방소아과, 한방안?이비인후?피부과, 한방신경정신과, 한방재활의학과, 사상체질과",3230000,PHMA120203230034041100011,"서울특별시 송파구 석촌호수로 130, 신원빌딩 307호 (삼전동)",,영업/정상
V6FFBCB22DBE5,삼신엠앤디코아텔사우나,서초구,relax_recovery,public_license_registry,OA-16146,공동탕업+찜질시설서비스영업,,3210000,3210000-202-2002-00007,"서울특별시 서초구 강남대로53길 11 (서초동,지하2층)",서울특별시 서초구 서초동 1330 지하2층,영업/정상
V70324A618E11,헤세드신경외과의원,서초구,medical_wellness,public_license_registry,OA-16480,의원,"내과, 신경과, 정형외과, 신경외과, 마취통증의학과, 재활의학과",3210000,PHMA120193210034041100050,"서울특별시 서초구 방배로 84, 유성빌딩 6층 (방배동)",서울특별시 서초구 방배동 908번지 10호 유성빌딩,영업/정상
V70384777C62C,해미소한의원,강남구,medical_wellness,public_license_registry,OA-16480,한의원,"한방내과, 한방부인과, 한방소아과, 한방안?이비인후?피부과, 한방신경정신과, 한방재활의학과, 사상체질과, 침구과",3220000,PHMA120073220033041102008,"서울특별시 강남구 개포로82길 13-9, 세종빌딩 2층 (개포동)",,영업/정상
V704D7DE8BB22,새서울정형외과의원,강남구,medical_wellness,public_license_registry,OA-16480,의원,정형외과,3220000,PHMA120143220033041100118,"서울특별시 강남구 헌릉로 569, 4층 (세곡동)",서울특별시 강남구 세곡동 581,영업/정상
V706AE0D51DE2,약선향한의원,강남구,medical_wellness,public_license_registry,OA-16480,한의원,"한방내과, 한방부인과, 한방소아과, 한방안?이비인후?피부과, 한방신경정신과, 한방재활의학과, 사상체질과, 침구과",3220000,PHMA120243220033041100148,"서울특별시 강남구 논현로24길 20, 1층 102호 (도곡동)",서울특별시 강남구 도곡동 453-2,영업/정상
V70A4B6436570,빌리프짐 헬스&PT 선릉역점,강남구,exercise_body,public_license_registry,OA-16142,체력단련장업,,3220000,CDFH3301062021000013,"서울특별시 강남구 테헤란로63길 9, B1층 (삼성동)",서울특별시 강남구 삼성동 141-8,영업/정상
V70B32556D23E,경희온정한의원,강남구,medical_wellness,public_license_registry,OA-16480,한의원,"한방내과, 한방부인과, 한방소아과, 한방안?이비인후?피부과, 한방신경정신과, 한방재활의학과, 사상체질과, 침구과",3220000,PHMA120093220033041100185,"서울특별시 강남구 삼성로85길 19, 201호 (대치동, 대치빌딩)",,영업/정상
V70D5A853E85A,로운 피트니스,서초구,exercise_body,public_license_registry,OA-16142,체력단련장업,,3210000,CDFH3301062024000015,"서울특별시 서초구 서초대로 335, 서흥빌딩 지하1층 (서초동)",서울특별시 서초구 서초동 1689-2 서흥빌딩,영업/정상
V70F049988A7E,레블트레이닝 강남 (Revl Training Gangnam),강남구,exercise_body,public_license_registry,OA-16142,체력단련장업,,3220000,CDFH3301062024000044,"서울특별시 강남구 봉은사로 469, 지하2층 (삼성동)",서울특별시 강남구 삼성동 49-12,영업/정상
V70F2558144AF,발머스한의원,강남구,medical_wellness,public_license_registry,OA-16480,한의원,"한방내과, 한방부인과, 한방소아과, 한방안?이비인후?피부과, 한방신경정신과, 한방재활의학과, 사상체질과, 침구과, 한방응급과",3220000,PHMA120133220033041100177,"서울특별시 강남구 테헤란로14길 6, 6층 2호 (역삼동, 남도빌딩)",,영업/정상
V7122E46E1D62,디어한의원,서초구,medical_wellness,public_license_registry,OA-16480,한의원,"한방내과, 한방부인과, 한방소아과, 한방안?이비인후?피부과, 한방신경정신과, 한방재활의학과, 사상체질과, 침구과",3210000,PHMA120223210034041100072,"서울특별시 서초구 사임당로 143, Cross 143 309,310호 (서초동)",서울특별시 서초구 서초동 1332-4 Cross 143,영업/정상
V7149CB3653FD,발리휘트니스(BALI Fitness),서초구,exercise_body,public_license_registry,OA-16142,체력단련장업,,3210000,CDFH3301062019000001,"서울특별시 서초구 사평대로22길 41, 성운빌딩 B1층 (반포동)",서울특별시 서초구 반포동 96-1 성운빌딩,영업/정상
V716BD503B1C7,시원하이신경외과의원,서초구,medical_wellness,public_license_registry,OA-16480,의원,"내과, 신경과, 외과, 정형외과, 신경외과, 마취통증의학과, 재활의학과, 가정의학과, 응급의학과",3210000,PHMA120223210034041100087,"서울특별시 서초구 동작대로 142, 1층 (방배동)",서울특별시 서초구 방배동 1923,영업/정상
V716E7D86090E,GOTO 서브 반포점,서초구,exercise_body,public_license_registry,OA-16142,체력단련장업,,3210000,CDFH3301062020000022,"서울특별시 서초구 신반포로 지하 241, 반포역 지하층 (잠원동)",서울특별시 서초구 잠원동 103 반포역,영업/정상
V719266F29423,베버리힐스의원,강남구,medical_wellness,public_license_registry,OA-16480,의원,"성형외과, 피부과, 비뇨의학과, 재활의학과",3220000,PHMA120003220033041100315,"서울특별시 강남구 압구정로30길 23, 2층 (신사동)",서울특별시 강남구 신사동 609-1,영업/정상
V719357684FC4,365송파한의원,송파구,medical_wellness,public_license_registry,OA-16480,한의원,"한방내과, 한방부인과, 한방소아과, 한방안?이비인후?피부과, 한방신경정신과, 한방재활의학과, 사상체질과, 침구과",3230000,PHMA120243230034041100022,"서울특별시 송파구 중대로 304, 3층 (오금동)",,영업/정상
V7196D6A6F124,(주)제이브로짐,강남구,exercise_body,public_license_registry,OA-16142,체력단련장업,,3220000,CDFH3301062012000003,"서울특별시 강남구 선릉로148길 41 (청담동,지하1층)",서울특별시 강남구 청담동 3-11 지하1층,영업/정상
V719AA9926551,피트니스파이브,서초구,exercise_body,public_license_registry,OA-16142,체력단련장업,,3210000,CDFH3301062010000002,"서울특별시 서초구 서초중앙로24길 27 (서초동, G-five B112호, B113호)","서울특별시 서초구 서초동 1685-8 G-five B112호, B113호",영업/정상
V719C2107A842,논현정한의원,서초구,medical_wellness,public_license_registry,OA-16480,한의원,"한방내과, 한방부인과, 한방소아과, 한방안?이비인후?피부과, 한방신경정신과, 한방재활의학과, 사상체질과, 침구과",3210000,PHMA120083210034041100104,"서울특별시 서초구 신반포로 332, 205호 (반포동)",,영업/정상
V71BD13548355,엠레드의원,강남구,medical_wellness,public_license_registry,OA-16480,의원,"정형외과, 신경외과, 성형외과, 마취통증의학과, 피부과, 비뇨의학과, 재활의학과, 가정의학과",3220000,PHMA120193220033041100069,"서울특별시 강남구 삼성로 731, 청진빌딩 1,3,5층 (청담동)","서울특별시 강남구 청담동 31-10 청진빌딩 1,3,5층",영업/정상
V71CF4F47DE0B,연세노블재활의학과의원,송파구,medical_wellness,public_license_registry,OA-16480,의원,"정형외과, 신경외과, 마취통증의학과, 재활의학과",3230000,PHMA120183230034041100053,"서울특별시 송파구 마천로 53, 대경빌딩 501호 (오금동)",서울특별시 송파구 오금동 17번지 8호 대경빌딩,영업/정상
V71F6C5361336,신사청구경희한의원,강남구,medical_wellness,public_license_registry,OA-16480,한의원,"한방내과, 한방부인과, 한방소아과, 한방안?이비인후?피부과, 한방신경정신과, 한방재활의학과, 사상체질과, 침구과",3220000,PHMA120263220033041100064,"서울특별시 강남구 도산대로 106, BK성형외과 2층층 (논현동)",서울특별시 강남구 논현동 1-2 BK성형외과,영업/정상
V71F949CE2B81,경희김앤안한의원,송파구,medical_wellness,public_license_registry,OA-16480,한의원,"한방내과, 한방부인과, 한방소아과, 한방안?이비인후?피부과, 한방신경정신과, 한방재활의학과, 사상체질과, 침구과",3230000,PHMA119903230034041100306,서울특별시 송파구 송파대로 404-1 (송파동),서울특별시 송파구 송파동 89번지 6호,영업/정상
V72031921F86D,모션랩(motion lab),강남구,exercise_body,public_license_registry,OA-16142,체력단련장업,,3220000,CDFH3301062017000005,"서울특별시 강남구 논현로 425 (역삼동, 마이다스빌딩)",서울특별시 강남구 역삼동 738-28,영업/정상
V7204357E7160,무브멘토 스튜디오,서초구,exercise_body,public_license_registry,OA-16142,체력단련장업,,3210000,CDFH3301062025000026,"서울특별시 서초구 동광로18길 55, 5층 (방배동)",서울특별시 서초구 방배동 853-1,영업/정상
V726C45CD4806,더 클래식 바디랩,강남구,exercise_body,public_license_registry,OA-16142,체력단련장업,,3220000,CDFH3301062020000024,서울특별시 강남구 광평로56길 10 (수서동),서울특별시 강남구 수서동 726,영업/정상
V727011C25B37,짱한의원,강남구,medical_wellness,public_license_registry,OA-16480,한의원,"한방내과, 한방부인과, 한방소아과, 한방안?이비인후?피부과, 한방신경정신과, 한방재활의학과, 사상체질과, 침구과",3220000,PHMA120263220033041100042,"서울특별시 강남구 도산대로 121, YK타워 8층 (신사동)",,영업/정상
V72830FCE7B3E,가디언 오브 갤럭시 PT,송파구,exercise_body,public_license_registry,OA-16142,체력단련장업,,3230000,CDFH3301062019000022,"서울특별시 송파구 올림픽로 119, 잠실파인애플상가 5층 5비 11호 (잠실동)",서울특별시 송파구 잠실동 19-9 잠실파인애플상가,영업/정상
V72AC00D839FF,상아(129),강남구,exercise_body,public_license_registry,OA-16142,체력단련장업,,3220000,CDFH3301062003000016,"서울특별시 강남구 강남대로 354  (역삼동,한국빌딩 지하2층)",서울특별시 강남구 역삼동 831 한국빌딩 지하2층,영업/정상
V72DAE9ACB0D5,청춘웨이트 X Acub휘트니스,강남구,exercise_body,public_license_registry,OA-16142,체력단련장업,,3220000,CDFH3301062011000017,"서울특별시 강남구 학동로 522 (삼성동,2,3층)","서울특별시 강남구 삼성동 58 2,3층",영업/정상
V72DBB4F18A76,나다움한의원,서초구,medical_wellness,public_license_registry,OA-16480,한의원,"한방내과, 한방부인과, 한방소아과, 한방안?이비인후?피부과, 한방신경정신과, 한방재활의학과, 사상체질과, 침구과, 한방응급과",3210000,PHMA120153210034041100076,"서울특별시 서초구 논현로 139, 4층 (양재동, 대흥빌딩)",,영업/정상
V72EA2DA5C4E1,더의선한의원,서초구,medical_wellness,public_license_registry,OA-16480,한의원,"한방내과, 한방부인과, 한방소아과, 한방안?이비인후?피부과, 한방신경정신과, 한방재활의학과, 사상체질과, 침구과",3210000,PHMA120053210034041100037,"서울특별시 서초구 효령로 274, 5층 (서초동)",서울특별시 서초구 서초동 1457번지 1호,영업/정상
V730B21097B1C,남서울정형외과의원,강남구,medical_wellness,public_license_registry,OA-16480,의원,정형외과,3220000,PHMA120013220033041100350,"서울특별시 강남구 일원로 33, 금성빌딩 2층 (일원동)",서울특별시 강남구 일원동 683 금성빌딩,영업/정상
V73320BA5243B,피트니스리저브 뱅뱅사거리점,서초구,exercise_body,public_license_registry,OA-16142,체력단련장업,,3210000,CDFH3301062024000029,"서울특별시 서초구 강남대로49길 10, 에피소드 서초393 B1층 (서초동)",서울특별시 서초구 서초동 1338-5 에피소드 서초393,영업/정상
V73430F153503,스타트레인(244),강남구,exercise_body,public_license_registry,OA-16142,체력단련장업,,3220000,CDFH3301062011000001,"서울특별시 강남구 논현로 804  (신사동,서울빌딩 3층)",서울특별시 강남구 신사동 587 서울빌딩 3층,영업/정상
V739C79532964,동국해랑한의원,강남구,medical_wellness,public_license_registry,OA-16480,한의원,"한방내과, 한방부인과, 한방소아과, 한방안?이비인후?피부과, 한방신경정신과, 한방재활의학과, 사상체질과, 침구과",3220000,PHMA120163220033041100020,"서울특별시 강남구 테헤란로 322, 한신인터밸리24 205호 (역삼동)",,영업/정상
V73B425F462D7,연세라파의원,강남구,medical_wellness,public_license_registry,OA-16480,의원,"내과, 신경과, 외과, 정형외과, 신경외과, 마취통증의학과, 소아청소년과, 이비인후과, 피부과, 비뇨의학과, 재활의학과, 가정의학과",3220000,PHMA120213220033041100027,"서울특별시 강남구 역삼로 310, 한솔필리아 2층 19호, 20호 (역삼동)","서울특별시 강남구 역삼동 755 한솔필리아 2층 19호, 20호",영업/정상
V73F3F892607C,GYM ON,송파구,exercise_body,public_license_registry,OA-16142,체력단련장업,,3230000,CDFH3301062024000036,"서울특별시 송파구 법원로 128, 문정역SKV1 A동 지하1층 101호 (문정동)",서울특별시 송파구 문정동 642-3 문정역SKV1,영업/정상
V73FB5EEC59C2,트윈짐,송파구,exercise_body,public_license_registry,OA-16142,체력단련장업,,3230000,CDFH3301062019000017,"서울특별시 송파구 마천로 79, 장한빌딩 4층 (오금동)",서울특별시 송파구 오금동 23-3,영업/정상
V740B085B0A11,아워피트니스,서초구,exercise_body,public_license_registry,OA-16142,체력단련장업,,3210000,CDFH3301062023000028,"서울특별시 서초구 서래로1길 8, 97-10 트윈빌 지하2층 (반포동)",서울특별시 서초구 반포동 97-10 97-10 트윈빌,영업/정상
V7421C1B4A903,헬링짐 신사점 헬스&PT,서초구,exercise_body,public_license_registry,OA-16142,체력단련장업,,3210000,CDFH3301062021000019,"서울특별시 서초구 나루터로 75, 금산빌딩 지하1층 (잠원동)",서울특별시 서초구 잠원동 14-16 금산빌딩,영업/정상
V742509586CF9,올댓바디,강남구,exercise_body,public_license_registry,OA-16142,체력단련장업,,3220000,CDFH3301062018000024,"서울특별시 강남구 압구정로12길 13, 동성빌딩 3층 (신사동)",서울특별시 강남구 신사동 547-2,영업/정상
V742869BB6B11,핏허브 스튜디오,강남구,exercise_body,public_license_registry,OA-16142,체력단련장업,,3220000,CDFH3301062026000016,"서울특별시 강남구 언주로98길 32, K타워 오피스텔 지하1층 101호 (역삼동)",서울특별시 강남구 역삼동 703-6 K타워 오피스텔,영업/정상
V74334206309D,가디한의원,서초구,medical_wellness,public_license_registry,OA-16480,한의원,"한방내과, 한방부인과, 한방소아과, 한방안?이비인후?피부과, 한방신경정신과, 한방재활의학과, 사상체질과, 침구과",3210000,PHMA120213210034041100047,"서울특별시 서초구 남부순환로315길 104, 성누가의원 2층 (서초동)",서울특별시 서초구 서초동 1486-1 성누가의원,영업/정상
V743B49BCEEF8,바로한의원,강남구,medical_wellness,public_license_registry,OA-16480,한의원,"한방내과, 한방부인과, 한방소아과, 한방안?이비인후?피부과, 한방신경정신과, 한방재활의학과, 사상체질과, 침구과",3220000,PHMA120243220033041100086,"서울특별시 강남구 선릉로 325, 중앙빌딩 2층 2호 (역삼동)",,영업/정상
V746F90AA41C1,H2GYM (에치치투짐),송파구,exercise_body,public_license_registry,OA-16142,체력단련장업,,3230000,CDFH3301062018000015,서울특별시 송파구 올림픽로 120 (잠실동),서울특별시 송파구 잠실동 184-4,영업/정상
V748D2E3D0DD5,리우라인의원,강남구,medical_wellness,public_license_registry,OA-16480,의원,"신경과, 정형외과, 신경외과, 마취통증의학과, 피부과, 재활의학과",3220000,PHMA120193220033041100091,"서울특별시 강남구 선릉로 602, 삼릉빌딩 3층 (삼성동)",서울특별시 강남구 삼성동 37-20 삼릉빌딩,영업/정상
V74A50E2CA557,매직바디짐,송파구,exercise_body,public_license_registry,OA-16142,체력단련장업,,3230000,CDFH3301062021000032,"서울특별시 송파구 백제고분로7길 41, 402호 (잠실동, NS파인트리)",서울특별시 송파구 잠실동 183-12 NS파인트리402호,영업/정상
V74A85FB4D0DA,강상욱한의원,강남구,medical_wellness,public_license_registry,OA-16480,한의원,"한방내과, 한방부인과, 한방소아과, 한방안?이비인후?피부과, 한방신경정신과, 한방재활의학과, 사상체질과, 침구과",3220000,PHMA120043220033041101878,"서울특별시 강남구 개포로 615 (개포동, 석탑플라자 307호)",서울특별시 강남구 개포동 12번지 4호 석탑플라자 307호,영업/정상
V74B62635A3C4,(주)다이나믹케어,서초구,exercise_body,public_license_registry,OA-16142,체력단련장업,,3210000,CDFH3301062022000005,"서울특별시 서초구 사임당로 174, 강남미래타워 5층 503호 (서초동)",서울특별시 서초구 서초동 1337 강남미래타워,영업/정상
V74B838B99D77,성모정신건강의학과의원,강남구,medical_wellness,public_license_registry,OA-16480,의원,"내과, 신경과, 정신건강의학과, 마취통증의학과, 소아청소년과, 재활의학과",3220000,PHMA120013220033041100359,"서울특별시 강남구 테헤란로87길 13, 6층 (삼성동)",서울특별시 강남구 삼성1동 158번지 12호 6층,영업/정상
V74BE2FE7A907,밸류온피트니스,강남구,exercise_body,public_license_registry,OA-16142,체력단련장업,,3220000,CDFH3301062020000026,"서울특별시 강남구 언주로 329, 삼일빌딩 (역삼동)",서울특별시 강남구 역삼동 773-5 삼일빌딩,영업/정상
V74D8EFD85C3B,다편한정형외과의원,강남구,medical_wellness,public_license_registry,OA-16480,의원,"내과, 외과, 정형외과, 신경외과, 성형외과, 마취통증의학과, 소아청소년과, 피부과, 가정의학과",3220000,PHMA120143220033041100085,"서울특별시 강남구 언주로 329, 3층 (역삼동)",서울특별시 강남구 역삼동 773-5,영업/정상
V74EC227C50CA,식스 밸런스(SIX BALANCE),강남구,exercise_body,public_license_registry,OA-16142,체력단련장업,,3220000,CDFH3301062018000018,"서울특별시 강남구 논현로 824, 동양빌딩 7층 703호 (신사동)",서울특별시 강남구 신사동 591 동양빌딩,영업/정상
V74F2246B00CE,매일 피트니스 양재역점,서초구,exercise_body,public_license_registry,OA-16142,체력단련장업,,3210000,CDFH3301062019000008,"서울특별시 서초구 강남대로 210, 행복빌딩 지하1,2층 (양재동)",서울특별시 서초구 양재동 13-11 행복빌딩,영업/정상
V74F82195B506,봄바람한의원,서초구,medical_wellness,public_license_registry,OA-16480,한의원,"한방내과, 한방부인과, 한방소아과, 한방안?이비인후?피부과, 한방신경정신과, 한방재활의학과, 사상체질과, 침구과",3210000,PHMA120213210034041100062,"서울특별시 서초구 방배로 110, 하나은행 1층 102호 (방배동)",서울특별시 서초구 방배동 907-4 하나은행 102호,영업/정상
V75021D4DA725,경희토정한의원,강남구,medical_wellness,public_license_registry,OA-16480,한의원,"한방내과, 한방부인과, 한방소아과, 한방안?이비인후?피부과, 한방신경정신과, 한방재활의학과, 사상체질과, 침구과, 한방응급과",3220000,PHMA120143220033041100131,"서울특별시 강남구 삼성로 212, 2층 235호 (대치동, 은마아파트)",서울특별시 강남구 대치동 316 은마아파트,영업/정상
V750AFECCB04F,TDI-SSC스포츠클리닉(184),강남구,exercise_body,public_license_registry,OA-16142,체력단련장업,,3220000,CDFH3301062007000010,"서울특별시 강남구 도곡로 216  (도곡동,2층)",서울특별시 강남구 도곡동 542 2층,영업/정상
V753224B7FFDB,경희자연채한의원,강남구,medical_wellness,public_license_registry,OA-16480,한의원,"한방내과, 한방부인과, 한방소아과, 한방안?이비인후?피부과, 한방신경정신과, 한방재활의학과, 사상체질과, 침구과",3220000,PHMA120123220033041100018,"서울특별시 강남구 선릉로 406, 5층 (대치동)",서울특별시 강남구 대치동 907,영업/정상
V754BFBB24BB0,다스름한의원,강남구,medical_wellness,public_license_registry,OA-16480,한의원,"한방내과, 한방부인과, 한방소아과, 한방안?이비인후?피부과, 한방신경정신과, 한방재활의학과, 사상체질과, 침구과",3220000,PHMA120053220033041101917,"서울특별시 강남구 개포로 512, 개포종합상가 502호 (개포동)",,영업/정상
V75565EDA8D7A,잠실스마일재활의학과의원,송파구,medical_wellness,public_license_registry,OA-16480,의원,"정형외과, 신경외과, 마취통증의학과, 재활의학과",3230000,PHMA120243230034041100042,"서울특별시 송파구 석촌호수로 61, 트리지움 502,503호 (잠실동)",서울특별시 송파구 잠실동 35-2 트리지움,영업/정상
V756AF4AF5336,잠실믿음정형외과의원,송파구,medical_wellness,public_license_registry,OA-16480,의원,"내과, 외과, 정형외과, 신경외과, 마취통증의학과, 소아청소년과, 피부과, 영상의학과, 진단검사의학과, 재활의학과, 가정의학과, 응급의학과",3230000,PHMA120223230034041100003,"서울특별시 송파구 석촌호수로 118, 규영빌딩 3층 (잠실동)",서울특별시 송파구 잠실동 242-9 규영빌딩,영업/정상
V757A044659B4,피쉬남성전용사우나,강남구,relax_recovery,public_license_registry,OA-16146,공동탕업,,3220000,3220000-202-2010-00002,"서울특별시 강남구 선릉로127길 8 (논현동,지하1층)",서울특별시 강남구 논현동 242-23 지하1층,영업/정상
V758626A41C13,신천한의원,송파구,medical_wellness,public_license_registry,OA-16480,한의원,"한방내과, 한방부인과, 한방소아과, 한방안?이비인후?피부과, 한방신경정신과, 한방재활의학과, 사상체질과, 침구과",3230000,PHMA120063230034041101385,"서울특별시 송파구 석촌호수로 68, 2층 (잠실동)",서울특별시 송파구 잠실동 208번지 13호,영업/정상
V75A9A0C93B12,로고스한의원,서초구,medical_wellness,public_license_registry,OA-16480,한의원,"한방내과, 한방부인과, 한방소아과, 한방안?이비인후?피부과, 한방신경정신과, 한방재활의학과, 사상체질과, 침구과",3210000,PHMA120163210034041100065,"서울특별시 서초구 동광로15길 3, 1층 (방배동)",,영업/정상
V75D90BCAF19E,잠실맥한의원,송파구,medical_wellness,public_license_registry,OA-16480,한의원,"한방내과, 한방부인과, 한방소아과, 한방안?이비인후?피부과, 한방신경정신과, 한방재활의학과, 사상체질과, 침구과",3230000,PHMA120163230034041100044,"서울특별시 송파구 삼학사로 90, 3층 (석촌동)",서울특별시 송파구 석촌동 2번지 7호,영업/정상
V762A7F48FEA2,개포경희한의원,강남구,medical_wellness,public_license_registry,OA-16480,한의원,"한방내과, 한방부인과, 한방소아과, 한방안?이비인후?피부과, 한방신경정신과, 한방재활의학과, 사상체질과, 침구과",3220000,PHMA120013220033041101830,"서울특별시 강남구 개포로 615, 석탑프라자, 개포3동주민센터 3층 309호 (개포동)",,영업/정상
V76311EA40C2D,강인정한의원,송파구,medical_wellness,public_license_registry,OA-16480,한의원,"한방내과, 한방부인과, 한방소아과, 한방안?이비인후?피부과, 한방신경정신과, 한방재활의학과, 사상체질과, 침구과",3230000,PHMA119893230034041100236,"서울특별시 송파구 중대로 101, 동부썬빌 201,202호 (가락동)",서울특별시 송파구 가락동 99-6 동부썬빌,영업/정상
V7637DDBA7482,아침에한의원,강남구,medical_wellness,public_license_registry,OA-16480,한의원,"한방내과, 한방부인과, 한방소아과, 한방안?이비인후?피부과, 한방신경정신과, 한방재활의학과, 사상체질과, 침구과",3220000,PHMA120163220033041100123,"서울특별시 강남구 봉은사로103길 8, 3층 (삼성동, 샘빌딩)",서울특별시 강남구 삼성동 108번지 샘빌딩 3층,영업/정상
V76739801BD18,719 studio,서초구,exercise_body,public_license_registry,OA-16142,체력단련장업,,3210000,CDFH3301062016000015,서울특별시 서초구 사평대로53길 93-19 (반포동),서울특별시 서초구 반포동 719-3,영업/정상
V767615B2281A,카이의원,강남구,medical_wellness,public_license_registry,OA-16480,의원,"정형외과, 마취통증의학과, 재활의학과",3220000,PHMA120193220033041100170,"서울특별시 강남구 광평로 196, 제이스프라자 2층 204호 (수서동)","서울특별시 강남구 수서동 595번지 18호 제이스프라자, 2층 204호",영업/정상
V7698EA4D8108,겟업(GET UP),강남구,exercise_body,public_license_registry,OA-16142,체력단련장업,,3220000,CDFH3301062015000010,"서울특별시 강남구 선릉로157길 15, 지하1층 (신사동)",서울특별시 강남구 신사동 657-29 지하1층,영업/정상
V76A4211583BE,옐로우 휘트니스,강남구,exercise_body,public_license_registry,OA-16142,체력단련장업,,3220000,CDFH3301062024000028,"서울특별시 강남구 삼성로 212, B1층 (대치동, 은마아파트)",서울특별시 강남구 대치동 316 은마아파트,영업/정상
V76C3F4184B5C,아이엠재활의학과의원,강남구,medical_wellness,public_license_registry,OA-16480,의원,"내과, 신경과, 정신건강의학과, 외과, 정형외과, 신경외과, 마취통증의학과, 소아청소년과, 이비인후과, 피부과, 비뇨의학과, 재활의학과, 가정의학과",3220000,PHMA120243220033041100138,"서울특별시 강남구 남부순환로 2936, 윈플러스상가 501,502호 (대치동)",서울특별시 강남구 대치동 507 윈플러스상가,영업/정상
V76D64B126DE8,화동한의원,송파구,medical_wellness,public_license_registry,OA-16480,한의원,"한방내과, 한방부인과, 한방소아과, 한방안?이비인후?피부과, 한방신경정신과, 한방재활의학과, 사상체질과, 침구과",3230000,PHMA119993230034041100868,"서울특별시 송파구 문정로13길 12, 우우빌딩 1층 (가락동)",서울특별시 송파구 가락동 181번지 23호 우우빌딩,영업/정상
V76DB4962932D,자선당한의원,강남구,medical_wellness,public_license_registry,OA-16480,한의원,"한방내과, 한방부인과, 한방소아과, 한방안?이비인후?피부과, 한방신경정신과, 한방재활의학과, 사상체질과, 침구과, 한방응급과",3220000,PHMA120143220033041100240,"서울특별시 강남구 역삼로 310, 한솔필리아 2층 2호 (역삼동)",서울특별시 강남구 역삼동 755 한솔필리아 2층 2호,영업/정상
V76E3B311485C,유담한의원,송파구,medical_wellness,public_license_registry,OA-16480,한의원,"한방내과, 한방부인과, 한방소아과, 한방안?이비인후?피부과, 한방신경정신과, 한방재활의학과, 사상체질과, 침구과",3230000,PHMA120113230034041100014,"서울특별시 송파구 송파대로28길 35, 3층 305호 (가락동, 송파NSuite)",서울특별시 송파구 가락동 77번지 7호 송파NSuite,영업/정상
V76EA76576B4D,K.P.T(432),강남구,exercise_body,public_license_registry,OA-16142,체력단련장업,,3220000,CDFH3301062016000002,"서울특별시 강남구 봉은사로 109, 지하1층 일부호 (논현동, 싼타홍메디컬타워)",서울특별시 강남구 논현동 201-13 지하1층 일부호,영업/정상
V76F270CB9423,주식회사 업투삼성역,강남구,exercise_body,public_license_registry,OA-16142,체력단련장업,,3220000,CDFH3301062021000050,"서울특별시 강남구 테헤란로98길 16, 제주장학회관 지하2층 (대치동)",서울특별시 강남구 대치동 945-15 제주장학회관,영업/정상
V77017E53BB3F,황제한의원,강남구,medical_wellness,public_license_registry,OA-16480,한의원,"한방내과, 한방부인과, 한방소아과, 한방안?이비인후?피부과, 한방신경정신과, 한방재활의학과, 사상체질과, 침구과",3220000,PHMA119853220033041101740,"서울특별시 강남구 삼성로 549, 정화빌딩 201호 (삼성동)",서울특별시 강남구 삼성동 120-18 정화빌딩 201호,영업/정상
V772882C85878,알에이의원,강남구,medical_wellness,public_license_registry,OA-16480,의원,"내과, 신경과, 정형외과, 피부과, 가정의학과",3220000,PHMA120263220033041100030,"서울특별시 강남구 논현로 545, 2층 (역삼동)",서울특별시 강남구 역삼동 607-19,영업/정상
V7729212A24C8,IGYM(아이짐),송파구,exercise_body,public_license_registry,OA-16142,체력단련장업,,3230000,CDFH3301062017000002,"서울특별시 송파구 송파대로 167, 지하층 G180호 (문정동, 문정역테라타워)",서울특별시 송파구 문정동 651,영업/정상
V7736E46C67D7,보리스 짐,강남구,exercise_body,public_license_registry,OA-16142,체력단련장업,,3220000,CDFH3301062017000015,"서울특별시 강남구 선릉로94길 7 (삼성동, 현죽빌딩)",서울특별시 강남구 삼성동 140-28,영업/정상
V775F37D0FD07,베럴짐 대치,강남구,exercise_body,public_license_registry,OA-16142,체력단련장업,,3220000,CDFH3301062024000050,"서울특별시 강남구 도곡로 516, 지하1층 4호 (대치동)",서울특별시 강남구 대치동 990,영업/정상
V7782C39E123F,플로우핏 신사점,강남구,exercise_body,public_license_registry,OA-16142,체력단련장업,,3220000,CDFH3301062025000022,"서울특별시 강남구 도산대로 124, 대영빌딩 4층 (논현동)",서울특별시 강남구 논현동 4-1 대영빌딩,영업/정상
V7797E4C0B502,거여경희한의원,송파구,medical_wellness,public_license_registry,OA-16480,한의원,"한방내과, 한방부인과, 한방소아과, 한방안?이비인후?피부과, 한방신경정신과, 한방재활의학과, 사상체질과, 침구과",3230000,PHMA120013230034041101027,"서울특별시 송파구 양산로 42, 2층 (거여동, 성보빌딩)",,영업/정상
V77DA8B1CB206,해울한의원,서초구,medical_wellness,public_license_registry,OA-16480,한의원,"한방내과, 한방부인과, 한방소아과, 한방안?이비인후?피부과, 한방신경정신과, 한방재활의학과, 사상체질과, 침구과",3210000,PHMA120193210034041100022,"서울특별시 서초구 서초대로74길 29, 2층 207호 (서초동, 서초파라곤)",,영업/정상
V77DB67E71058,재단법인국민체력센터,송파구,exercise_body,public_license_registry,OA-16142,체력단련장업,,3230000,CDFH3301062003000010,서울특별시 송파구 올림픽로 424 (방이동),서울특별시 송파구 방이동 88-2,영업/정상
V77E00119AEC4,논현PT 미라클 통증케어 체형교정,강남구,exercise_body,public_license_registry,OA-16142,체력단련장업,,3220000,CDFH3301062024000013,"서울특별시 강남구 학동로20길 62, 2층 (논현동)",서울특별시 강남구 논현동 147-10,영업/정상
V77E151A9582D,군인공제회관 M?스포렉스,강남구,relax_recovery,public_license_registry,OA-16146,공동탕업,,3220000,3220000-202-1999-00337,서울특별시 강남구 남부순환로 2806 (도곡동),서울특별시 강남구 도곡동 467-12,영업/정상
V783D6AB433E3,서울본마취통증의학과의원,송파구,medical_wellness,public_license_registry,OA-16480,의원,"정형외과, 신경외과, 마취통증의학과, 재활의학과",3230000,PHMA120223230034041100014,"서울특별시 송파구 송파대로 425, 2층 (석촌동)",서울특별시 송파구 석촌동 286-3,영업/정상
V7842CC95B8E1,Dr홍연합의원,송파구,medical_wellness,public_license_registry,OA-16480,의원,"내과, 정형외과, 소아청소년과, 이비인후과, 피부과, 가정의학과",3230000,PHMA120123230034041100028,"서울특별시 송파구 토성로 78, 정민빌딩 203호 (풍납동)",서울특별시 송파구 풍납동 402-4 정민빌딩,영업/정상
V784EF80E537E,항구짐,서초구,exercise_body,public_license_registry,OA-16142,체력단련장업,,3210000,CDFH3301062021000033,"서울특별시 서초구 신반포로47길 47, 인정빌딩 (잠원동)",서울특별시 서초구 잠원동 35-16 인정빌딩,영업/정상
V7853ADB2DDB9,주식회사 짐타임피트니스,강남구,exercise_body,public_license_registry,OA-16142,체력단련장업,,3220000,CDFH3301062016000012,"서울특별시 강남구 삼성로 633, 지하1층 (삼성동, 삼광빌딩)",서울특별시 강남구 삼성동 21-1 지하1층,영업/정상
V786D1669EE6D,약산한의원,서초구,medical_wellness,public_license_registry,OA-16480,한의원,"한방내과, 한방부인과, 한방소아과, 한방안?이비인후?피부과, 한방신경정신과, 한방재활의학과, 사상체질과, 침구과",3210000,PHMA119873210034041100004,서울특별시 서초구 서운로 10 (서초동),"서울특별시 서초구 서초동 1364번지 7호 지하1층, 1층, 2층",영업/정상
V787625DFF2C6,바디플래너,송파구,exercise_body,public_license_registry,OA-16142,체력단련장업,,3230000,CDFH3301062015000012,서울특별시 송파구 석촌호수로 100 (잠실동),서울특별시 송파구 잠실동 242,영업/정상
V78B868DD94FF,골드로즈사우나,강남구,relax_recovery,public_license_registry,OA-16146,공동탕업,,3220000,3220000-202-2004-00008,"서울특별시 강남구 선릉로86길 31 (대치동,롯데골드로즈2 지하1층)",서울특별시 강남구 대치동 890-59 롯데골드로즈2 지하1층,영업/정상
V78CDC6D49514,반에이치의원,서초구,medical_wellness,public_license_registry,OA-16480,의원,"내과, 정형외과, 마취통증의학과, 피부과",3210000,PHMA120213210034041100041,"서울특별시 서초구 강남대로 463, 리젠메디컬타워 15층 (서초동)",서울특별시 서초구 서초동 1303-31 리젠메디컬타워,영업/정상
V78F24CE28BB5,플랜비휘트니스,송파구,exercise_body,public_license_registry,OA-16142,체력단련장업,,3230000,CDFH3301062021000002,"서울특별시 송파구 동남로 286, 3층 (오금동)",서울특별시 송파구 오금동 150-4 영재사관학원,영업/정상
V79024BFCD2B9,플래티넘의원,서초구,medical_wellness,public_license_registry,OA-16480,의원,"정형외과, 성형외과, 피부과, 재활의학과",3210000,PHMA120223210034041100058,"서울특별시 서초구 강남대로 589, 멀버리힐스 1동 5층 501, 502호 (잠원동)",서울특별시 서초구 잠원동 27-2,영업/정상
V7908F71E5118,헬스 Boy,송파구,exercise_body,public_license_registry,OA-16142,체력단련장업,,3230000,CDFH3301062022000015,"서울특별시 송파구 가락로11길 8, 영신빌딩 지층 (석촌동)",서울특별시 송파구 석촌동 271 영신빌딩 지층,영업/정상
V790C68E99B68,백제대중사우나,송파구,relax_recovery,public_license_registry,OA-16146,공동탕업,,3230000,3230000-202-1999-00277,서울특별시 송파구 가락로 240 (방이동),서울특별시 송파구 방이동 126-2,영업/정상
V795F1F19953F,크로스핏 강남 논현(222),강남구,exercise_body,public_license_registry,OA-16142,체력단련장업,,3220000,CDFH3301062010000006,"서울특별시 강남구 강남대로 578 (논현동,성현빌딩 지하1층)",서울특별시 강남구 논현동 19-2 성현빌딩 지하1층,영업/정상
V7967F61FAA8E,낭만한의원,강남구,medical_wellness,public_license_registry,OA-16480,한의원,"한방내과, 한방부인과, 한방소아과, 한방안?이비인후?피부과, 한방신경정신과, 한방재활의학과, 사상체질과, 침구과",3220000,PHMA120243220033041100178,"서울특별시 강남구 강남대로 594, 대림빌딩 201호 (논현동)",,영업/정상
V79772A553972,피지컬액티브짐,송파구,exercise_body,public_license_registry,OA-16142,체력단련장업,,3230000,CDFH3301062020000001,"서울특별시 송파구 올림픽로34길 5-23, 잠실파크웨이 지하1층, 지상2층 (방이동)",서울특별시 송파구 방이동 41-1 잠실파크웨이,영업/정상
V797BAF9D0CA0,서울영재활의학과의원,서초구,medical_wellness,public_license_registry,OA-16480,의원,"내과, 정형외과, 마취통증의학과, 재활의학과",3210000,PHMA120233210034041100102,"서울특별시 서초구 신반포로33길 27, 파스텔프라자 3층 304호 (잠원동)",서울특별시 서초구 잠원동 66-2 파스텔프라자 304호,영업/정상
V79830AEB6F4E,웨이브프롬 트레이닝 센터,송파구,exercise_body,public_license_registry,OA-16142,체력단련장업,,3230000,CDFH3301062026000013,"서울특별시 송파구 새말로8길 20, 지하1층 (문정동)",서울특별시 송파구 문정동 73-1 칠성빌딩,영업/정상
V79A287B8B75B,역삼역점 스포애니 (주)케이디헬스케어,강남구,exercise_body,public_license_registry,OA-16142,체력단련장업,,3220000,CDFH3301062017000044,"서울특별시 강남구 테헤란로 146, 현익빌딩 지하2,,3층 (역삼동)",서울특별시 강남구 역삼동 736-6 현익빌딩,영업/정상
V79C7648131B6,주식회사 어센트 스포츠,강남구,exercise_body,public_license_registry,OA-16142,체력단련장업,,3220000,CDFH3301062020000009,"서울특별시 강남구 영동대로 210, 지하2층 (대치동, 쌍용아파트)",서울특별시 강남구 대치동 66 쌍용아파트,영업/정상
V79C94BD7FFE5,잠실퍼스트정형외과의원,송파구,medical_wellness,public_license_registry,OA-16480,의원,"정형외과, 신경외과, 마취통증의학과, 재활의학과",3230000,PHMA120253230034041100006,"서울특별시 송파구 송파대로 558, 월드타워빌딩 1층 101호 (신천동)",서울특별시 송파구 신천동 7-25 월드타워빌딩,영업/정상
V79E43CD39128,주식회사 힐링스짐,서초구,exercise_body,public_license_registry,OA-16142,체력단련장업,,3210000,CDFH3301062015000001,"서울특별시 서초구 효령로33길 55 (방배동, 2층)",서울특별시 서초구 방배동 907-10 2층,영업/정상
V79FF86A0B505,잠실성모마취통증의학과의원,송파구,medical_wellness,public_license_registry,OA-16480,의원,"내과, 정형외과, 신경외과, 마취통증의학과, 재활의학과",3230000,PHMA120203230034041100036,"서울특별시 송파구 올림픽로37길 130, 파크리오 A상가 5층 502,503, 519호 (신천동)",서울특별시 송파구 신천동 17-4 파크리오,영업/정상
V7A029AD477D2,가은치유한의원,강남구,medical_wellness,public_license_registry,OA-16480,한의원,"한방내과, 한방부인과, 한방소아과, 한방안?이비인후?피부과, 한방신경정신과, 한방재활의학과, 사상체질과, 침구과",3220000,PHMA120233220033041100084,"서울특별시 강남구 선릉로 427, 7층 (역삼동)",,영업/정상
V7A26724CC616,엘피스의원,송파구,medical_wellness,public_license_registry,OA-16480,의원,"내과, 신경과, 정신건강의학과, 외과, 정형외과, 마취통증의학과, 산부인과, 소아청소년과, 이비인후과, 피부과, 비뇨의학과, 영상의학과, 진단검사의학과, 재활의학과, 가정의학과",3230000,PHMA120023230034041101077,"서울특별시 송파구 오금로 404 (가락동, 원일빌딩 4층)",서울특별시 송파구 가락동 167호 원일빌딩 4층,영업/정상
V7A5B99D38C03,황지모한의원,서초구,medical_wellness,public_license_registry,OA-16480,한의원,"한방내과, 한방부인과, 한방소아과, 한방안?이비인후?피부과, 한방신경정신과, 한방재활의학과, 사상체질과, 침구과",3210000,PHMA120133210034041100011,"서울특별시 서초구 신반포로 165, 반포쇼핑타운 2동 4층 407,408호 (잠원동)",서울특별시 서초구 잠원동 75-13 반포쇼핑타운,영업/정상
V7A6D984E6F1A,MADFIT.PRO(366),강남구,exercise_body,public_license_registry,OA-16142,체력단련장업,,3220000,CDFH3301062014000018,서울특별시 강남구 논현로 523 (역삼동),서울특별시 강남구 역삼동 641-3 노바빌딩 지하2층,영업/정상
V7A8F964F8375,한음한방신경정신과한의원,송파구,medical_wellness,public_license_registry,OA-16480,한의원,"한방내과, 한방부인과, 한방소아과, 한방안?이비인후?피부과, 한방신경정신과, 한방재활의학과, 사상체질과, 침구과",3230000,PHMA120173230034041100011,"서울특별시 송파구 올림픽로 116-1, 9층 (잠실동, 신원빌딩)",서울특별시 송파구 잠실동 184번지 2호,영업/정상
V7A9133AD4E91,모든한의원,송파구,medical_wellness,public_license_registry,OA-16480,한의원,"한방내과, 한방부인과, 한방소아과, 한방안?이비인후?피부과, 한방신경정신과, 한방재활의학과, 사상체질과, 침구과",3230000,PHMA120073230034041101447,"서울특별시 송파구 백제고분로 264, 호수빌딩 3층 (삼전동)",서울특별시 송파구 삼전동 180번지 1호 호수빌딩,영업/정상
V7A9398B1C32B,화이트짐 강남점,강남구,exercise_body,public_license_registry,OA-16142,체력단련장업,,3220000,CDFH3301062020000016,"서울특별시 강남구 도곡로3길 19, 서희스타힐스오피스텔 (역삼동)",서울특별시 강남구 역삼동 837-18 서희스타힐스오피스텔,영업/정상
V7A9771BA3D83,트리플 PT STUDIO,송파구,exercise_body,public_license_registry,OA-16142,체력단련장업,,3230000,CDFH3301062024000014,"서울특별시 송파구 문정로1길 27, 지하1층 (문정동)",서울특별시 송파구 문정동 45-17 지하1층,영업/정상
V7A9D9F6E857A,심심한의원,강남구,medical_wellness,public_license_registry,OA-16480,한의원,"한방내과, 한방부인과, 한방소아과, 한방안?이비인후?피부과, 한방신경정신과, 한방재활의학과, 사상체질과, 침구과",3220000,PHMA120193220033041100010,"서울특별시 강남구 개포로82길 5-8, 성지빌딩 201호 (개포동)",서울특별시 강남구 개포동 186번지 11호 성지빌딩 201호,영업/정상
V7AC17D82E38B,다이트한의원,강남구,medical_wellness,public_license_registry,OA-16480,한의원,"한방내과, 한방부인과, 한방소아과, 한방안?이비인후?피부과, 한방신경정신과, 한방재활의학과, 사상체질과, 침구과",3220000,PHMA120233220033041100019,"서울특별시 강남구 선릉로 803, 메타타워Ⅳ 4,5층 (신사동)",,영업/정상
V7AECDFA0FA92,운동장,강남구,exercise_body,public_license_registry,OA-16142,체력단련장업,,3220000,CDFH3301062018000015,"서울특별시 강남구 언주로153길 12, 태경빌딩 2층 (신사동)",서울특별시 강남구 신사동 626-70 태경빌딩,영업/정상
V7AF3DCB85820,더 메이트,송파구,exercise_body,public_license_registry,OA-16142,체력단련장업,,3230000,CDFH3301062019000012,"서울특별시 송파구 법원로4길 10, 힐스테이트에코문정 2층 218,219,215호 (문정동)",서울특별시 송파구 문정동 652-4 힐스테이트에코문정,영업/정상
V7AFA7C08BFEB,변혁한의원,송파구,medical_wellness,public_license_registry,OA-16480,한의원,"한방내과, 한방부인과, 한방소아과, 한방안?이비인후?피부과, 한방신경정신과, 한방재활의학과, 사상체질과, 침구과",3230000,PHMA120143230034041100017,"서울특별시 송파구 올림픽로35가길 9, 2층 223호,224호 (신천동)",,영업/정상
V7B11A40DD306,지트짐,송파구,exercise_body,public_license_registry,OA-16142,체력단련장업,,3230000,CDFH3301062024000012,"서울특별시 송파구 오금로 198, 수정빌딩 2층 (송파동)",서울특별시 송파구 송파동 142-4 수정빌딩 2층,영업/정상
V7B3C40C459E6,준재활의학과의원,송파구,medical_wellness,public_license_registry,OA-16480,의원,"내과, 외과, 정형외과, 신경외과, 성형외과, 마취통증의학과, 안과, 이비인후과, 피부과, 비뇨의학과, 영상의학과, 재활의학과",3230000,PHMA120083230034041101540,"서울특별시 송파구 새말로8길 27 (문정동, 봉의빌딩 2층)",,영업/정상
V7B3E5C4C5C5A,경희자연한의원,강남구,medical_wellness,public_license_registry,OA-16480,한의원,"한방내과, 한방부인과, 한방소아과, 한방안?이비인후?피부과, 한방신경정신과, 한방재활의학과, 사상체질과, 침구과, 한방응급과",3220000,PHMA120133220033041100190,"서울특별시 강남구 강남대로158길 14, 1층 (신사동)",서울특별시 강남구 신사동 509-2,영업/정상
V7B59219AEF0B,젠틀짐(GENTLE GYM),강남구,exercise_body,public_license_registry,OA-16142,체력단련장업,,3220000,CDFH3301062018000041,"서울특별시 강남구 압구정로10길 13, B2층 (신사동)",서울특별시 강남구 신사동 532-4,영업/정상
V7B70B3EE46AB,시작한의원,강남구,medical_wellness,public_license_registry,OA-16480,한의원,"한방내과, 한방부인과, 한방소아과, 한방신경정신과, 사상체질과, 침구과",3220000,PHMA120173220033041100199,"서울특별시 강남구 선릉로 340, 대치 EM 프라자 4층 (대치동)",서울특별시 강남구 대치동 908-20 대치 EM 프라자,영업/정상
V7B72595D18E4,동호헬스클럽,서초구,exercise_body,public_license_registry,OA-16142,체력단련장업,,3210000,CDFH3301062000000001,"서울특별시 서초구 고무래로10길 17  (반포동,4층)",서울특별시 서초구 반포동 53-3 4층,영업/정상
V7B76373EADD6,청담 엑티브짐,강남구,exercise_body,public_license_registry,OA-16142,체력단련장업,,3220000,CDFH3301062014000047,"서울특별시 강남구 도산대로85길 30, 3층 (청담동)",서울특별시 강남구 청담동 122 3층,영업/정상
V7B77D57095AB,동의본한의원,서초구,medical_wellness,public_license_registry,OA-16480,한의원,"한방내과, 한방부인과, 한방소아과, 한방안?이비인후?피부과, 한방신경정신과, 한방재활의학과, 사상체질과, 침구과",3210000,PHMA120003210034041100026,"서울특별시 서초구 방배로 142, 석미빌딩 2층 (방배동)",,영업/정상
V7BA8BB46FD08,오늘부터 PT & 필라테스,송파구,exercise_body,public_license_registry,OA-16142,체력단련장업,,3230000,CDFH3301062020000019,"서울특별시 송파구 송파대로 437, 덕일빌딩 (석촌동)",서울특별시 송파구 석촌동 174-10 덕일빌딩,영업/정상
V7BAFAC4472BF,엠엔엠 헬스 & PT 역삼역점,강남구,exercise_body,public_license_registry,OA-16142,체력단련장업,,3220000,CDFH3301062023000011,"서울특별시 강남구 봉은사로30길 70, 석교빌딩 지하1층 (역삼동)",서울특별시 강남구 역삼동 668-12 석교빌딩,영업/정상
V7BBCD0225493,윔짐,강남구,exercise_body,public_license_registry,OA-16142,체력단련장업,,3220000,CDFH3301062021000022,"서울특별시 강남구 밤고개로23길 10-23, B1층 (율현동, 율현동 196-86 다세대주택)",서울특별시 강남구 율현동 196-86 율현동 196-86 다세대주택,영업/정상
V7BECB4DDBBE7,페이브 짐,서초구,exercise_body,public_license_registry,OA-16142,체력단련장업,,3210000,CDFH3301062025000006,"서울특별시 서초구 서초중앙로8길 17, 지하1층 (서초동)",서울특별시 서초구 서초동 1622-6 광염빌딩,영업/정상
V7BF9AADA4DAC,비바라짐,서초구,exercise_body,public_license_registry,OA-16142,체력단련장업,,3210000,CDFH3301062016000003,"서울특별시 서초구 신반포로 22, H동 14,207호 (반포동, 구반포상가)",서울특별시 서초구 반포동 1053,영업/정상
V7C2EBBE78E29,수생한의원,서초구,medical_wellness,public_license_registry,OA-16480,한의원,"한방내과, 한방부인과, 한방소아과, 한방안?이비인후?피부과, 한방신경정신과, 한방재활의학과, 사상체질과, 침구과",3210000,PHMA119993210034041100019,"서울특별시 서초구 신반포로 177, 3동 3층 (잠원동, 반포쇼핑)",서울특별시 서초구 잠원동 75번지 19호 반포쇼핑 3동 3층,영업/정상
V7C34CC571189,압구정정형외과의원,강남구,medical_wellness,public_license_registry,OA-16480,의원,"정형외과, 신경외과, 마취통증의학과, 재활의학과",3220000,PHMA120163220033041100104,"서울특별시 강남구 논현로 868, 구정빌딩 2층 201호 (신사동)",서울특별시 강남구 신사동 610-5 구정빌딩,영업/정상
V7C40DE6D884A,피트니스솔루션,서초구,exercise_body,public_license_registry,OA-16142,체력단련장업,,3210000,CDFH3301062019000002,"서울특별시 서초구 서초대로 335, 서흥빌딩 5층 (서초동)",서울특별시 서초구 서초동 1689-2 서흥빌딩,영업/정상
V7C4DF1DAD651,홀리스 트레이닝 클럽,강남구,exercise_body,public_license_registry,OA-16142,체력단련장업,,3220000,CDFH3301062025000027,"서울특별시 강남구 논현로 820, 제이씨빌딩 지하1층 (신사동)",서울특별시 강남구 신사동 591-16 제이씨빌딩,영업/정상
V7C6755593C00,스튜디오 정색,송파구,exercise_body,public_license_registry,OA-16142,체력단련장업,,3230000,CDFH3301062022000030,"서울특별시 송파구 법원로4길 10, 힐스테이트에코문정 207호 (문정동)",서울특별시 송파구 문정동 652-4 힐스테이트에코문정 207호,영업/정상
V7CA8944E8D77,삼성웰재활의학과의원,강남구,medical_wellness,public_license_registry,OA-16480,의원,"내과, 정형외과, 신경외과, 마취통증의학과, 재활의학과",3220000,PHMA120193220033041100153,"서울특별시 강남구 테헤란로 447, KB우준타워 5층 (삼성동)",서울특별시 강남구 삼성동 144번지 29호 KB우준타워 5층,영업/정상
V7CBFEE2CA9E7,인산한의원,강남구,medical_wellness,public_license_registry,OA-16480,한의원,"한방내과, 한방부인과, 한방소아과, 한방안?이비인후?피부과, 한방신경정신과, 한방재활의학과, 침구과",3220000,PHMA120213220033041100107,"서울특별시 강남구 선릉로 206, 1층 122호 (대치동, 동부센트레빌)",서울특별시 강남구 대치동 670 동부센트레빌,영업/정상
V7CD741E2054A,의료법인명경의료재단꽃마을한의원,서초구,medical_wellness,public_license_registry,OA-16480,한의원,"한방부인과, 사상체질과",3210000,PHMA120203210034041100072,"서울특별시 서초구 서초중앙로 110, 501호 (서초동, 서초동롯데캐슬메디치)",서울특별시 서초구 서초동 1656-4 서초동롯데캐슬메디치 501호,영업/정상
V7CEB1A67DDB2,나음누리한의원,서초구,medical_wellness,public_license_registry,OA-16480,한의원,"한방내과, 한방부인과, 한방소아과, 한방안?이비인후?피부과, 한방신경정신과, 한방재활의학과, 사상체질과, 침구과",3210000,PHMA120263210034041100057,"서울특별시 서초구 서초대로 309, 장안빌딩 5층 (서초동)",,영업/정상
V7CF78EA95487,경희부용한의원,강남구,medical_wellness,public_license_registry,OA-16480,한의원,"한방내과, 한방부인과, 한방소아과, 한방안?이비인후?피부과, 한방신경정신과, 한방재활의학과, 사상체질과, 침구과",3220000,PHMA120043220033041101882,"서울특별시 강남구 압구정로 151(압구정동, 현대아파트)",서울특별시 강남구 압구정동 426 현대아파트,영업/정상
V7D130976F801,인디고짐 헬스&PT,서초구,exercise_body,public_license_registry,OA-16142,체력단련장업,,3210000,CDFH3301062018000007,"서울특별시 서초구 남부순환로350길 19-26, 도담빌딩 지하1층 (양재동)",서울특별시 서초구 양재동 11-47 도담빌딩,영업/정상
V7D191F643684,경희정담한의원,송파구,medical_wellness,public_license_registry,OA-16480,한의원,"한방내과, 한방부인과, 한방소아과, 한방안?이비인후?피부과, 한방신경정신과, 한방재활의학과, 사상체질과, 침구과",3230000,PHMA120043230034041101251,"서울특별시 송파구 오금로 300, 김해빌딩 3층 304호 (가락동)",서울특별시 송파구 가락동 2-9 김해빌딩 304호,영업/정상
V7D1C0030E16B,테디짐PT 서초래미안,서초구,exercise_body,public_license_registry,OA-16142,체력단련장업,,3210000,CDFH3301062022000016,"서울특별시 서초구 서초대로65길 13-10, 2층 207호 (서초동, 서초래미안아파트)",서울특별시 서초구 서초동 1682 서초래미안아파트,영업/정상
V7D385CC9E2C4,아이마인드의원,서초구,medical_wellness,public_license_registry,OA-16480,의원,"정신건강의학과, 소아청소년과, 피부과, 재활의학과",3210000,PHMA120243210034041100024,"서울특별시 서초구 서초대로78길 26, 강남선인빌딩 7층 (서초동)",서울특별시 서초구 서초동 1327-7 강남선인빌딩,영업/정상
V7D3E1DDB1A42,테라피티 언주역점,강남구,exercise_body,public_license_registry,OA-16142,체력단련장업,,3220000,CDFH3301062024000003,"서울특별시 강남구 봉은사로29길 5, 지하1층 (논현동)",서울특별시 강남구 논현동 234-24,영업/정상
V7D3FDF945D39,더치유한의원,서초구,medical_wellness,public_license_registry,OA-16480,한의원,"한방내과, 한방부인과, 한방소아과, 한방안?이비인후?피부과, 한방신경정신과, 한방재활의학과, 사상체질과, 침구과",3210000,PHMA120263210034041100030,"서울특별시 서초구 방배로 108, 6층 (방배동)",,영업/정상
V7D52184D4087,라고베이스,송파구,exercise_body,public_license_registry,OA-16142,체력단련장업,,3230000,CDFH3301062025000026,"서울특별시 송파구 석촌호수로 296, 지하1층 (송파동)",서울특별시 송파구 송파동 58,영업/정상
V7D648EAA31EC,금문재한의원,송파구,medical_wellness,public_license_registry,OA-16480,한의원,"한방내과, 한방부인과, 한방소아과, 한방안?이비인후?피부과, 한방신경정신과, 한방재활의학과, 사상체질과, 침구과",3230000,PHMA120063230034041101366,"서울특별시 송파구 올림픽로35길 124, 장미아파트 에이상가 3층 1호 (신천동)",서울특별시 송파구 신천동 7번지 장미아파트 에이상가,영업/정상
V7D69FA48E981,팀람다 트레이닝센터,서초구,exercise_body,public_license_registry,OA-16142,체력단련장업,,3210000,CDFH3301062022000014,"서울특별시 서초구 서초중앙로22길 92-4, 동구빌딩 지층 (서초동)",서울특별시 서초구 서초동 1640-12 동구빌딩,영업/정상
V7D881DFB5B31,가락한양사우나,송파구,relax_recovery,public_license_registry,OA-16146,공동탕업,,3230000,3230000-202-2003-00024,"서울특별시 송파구 가락로 183 (송파동,B층)",서울특별시 송파구 송파동 121 B층,영업/정상
V7DAE71BE2525,팀호프핏,송파구,exercise_body,public_license_registry,OA-16142,체력단련장업,,3230000,CDFH3301062025000022,"서울특별시 송파구 올림픽로 119, 잠실파인애플상가 지하1층 A116호 (잠실동)",서울특별시 송파구 잠실동 19-9 잠실파인애플상가,영업/정상
V7DE8FA39874F,바른길정형외과의원,강남구,medical_wellness,public_license_registry,OA-16480,의원,"정형외과, 신경외과, 마취통증의학과",3220000,PHMA120203220033041100007,"서울특별시 강남구 도곡로 408, 디마크 빌딩 2층 (대치동)",서울특별시 강남구 대치동 1024번지 디마크 빌딩 2층 일부,영업/정상
V7DF946AD4B4A,이승우한의원,강남구,medical_wellness,public_license_registry,OA-16480,한의원,"한방내과, 한방부인과, 한방소아과, 한방안?이비인후?피부과, 한방신경정신과, 한방재활의학과, 사상체질과, 침구과",3220000,PHMA120023220033041101847,"서울특별시 강남구 밤고개로1길 10, 수서현대벤쳐빌 207호, 223호 (수서동)","서울특별시 강남구 수서동 713 수서현대벤쳐빌 207호, 223호",영업/정상
V7E18F25BF41A,회생한의원,송파구,medical_wellness,public_license_registry,OA-16480,한의원,"내과, 한방내과, 한방부인과, 한방소아과, 한방안?이비인후?피부과, 한방신경정신과, 한방재활의학과, 사상체질과, 침구과",3230000,PHMA119993230034041100842,서울특별시 송파구 마천로7길 13 (오금동),서울특별시 송파구 오금동 18번지 31호,영업/정상
V7E43322CFA63,레이크사우나,송파구,relax_recovery,public_license_registry,OA-16146,공동탕업,,3230000,3230000-202-2003-00031,서울특별시 송파구 석촌호수로 216 (석촌동),서울특별시 송파구 석촌동 158,영업/정상
V7E6F8524B43F,리커버리 퍼스널 트레이닝 센터,서초구,exercise_body,public_license_registry,OA-16142,체력단련장업,,3210000,CDFH3301062020000009,"서울특별시 서초구 방배중앙로 196, 후생시설 지하1호 (방배동)",서울특별시 서초구 방배동 760-2 후생시설,영업/정상
V7E80D455CC30,서정한의원,강남구,medical_wellness,public_license_registry,OA-16480,한의원,"한방내과, 한방부인과, 한방소아과, 한방안?이비인후?피부과, 한방신경정신과, 한방재활의학과, 사상체질과, 침구과",3220000,PHMA119953220033041101778,"서울특별시 강남구 봉은사로 411 (삼성동, 서정빌딩 301호 일부)",서울특별시 강남구 삼성동 37번지 15호 301호 일부,영업/정상
V7EDA1A088C23,짐파서블,서초구,exercise_body,public_license_registry,OA-16142,체력단련장업,,3210000,CDFH3301062021000011,"서울특별시 서초구 서초대로42길 41, 지하1층 (서초동)",서울특별시 서초구 서초동 1550-1,영업/정상
V7EDD60B96E51,짐팩피트니스 방이점,송파구,exercise_body,public_license_registry,OA-16142,체력단련장업,,3230000,CDFH3301062024000025,"서울특별시 송파구 오금로11길 11-8, 현대드림밸리 지하층 101~102호 (방이동)",서울특별시 송파구 방이동 34-2 현대드림밸리,영업/정상
V7EE0EE582291,크레이지독스짐 거여역점,송파구,exercise_body,public_license_registry,OA-16142,체력단련장업,,3230000,CDFH3301062025000042,"서울특별시 송파구 거마로 14, 4층 (거여동)",서울특별시 송파구 거여동 42-3 청송빌딩,영업/정상
V7EEAA83EC650,안원식경희구기맹아한의원,강남구,medical_wellness,public_license_registry,OA-16480,한의원,"한방내과, 사상체질과, 침구과",3220000,PHMA120253220033041100168,"서울특별시 강남구 도산대로 237, 현대벨로스오피스텔 5층 (신사동)",,영업/정상
V7F0E8E05F23D,Success Gym,강남구,exercise_body,public_license_registry,OA-16142,체력단련장업,,3220000,CDFH3301062018000040,"서울특별시 강남구 선릉로 323, 6층 (역삼동)",서울특별시 강남구 역삼동 756-14,영업/정상
V7FAFDE19E4EE,리미트리스 짐,강남구,exercise_body,public_license_registry,OA-16142,체력단련장업,,3220000,CDFH3301062018000032,"서울특별시 강남구 도곡로37길 14, B1층 (역삼동, 동우빌딩)",서울특별시 강남구 역삼동 784-13 동우빌딩,영업/정상
V7FC26DAE9429,리메이크강남의원,강남구,medical_wellness,public_license_registry,OA-16480,의원,"내과, 외과, 정형외과, 성형외과, 마취통증의학과, 산부인과, 피부과, 비뇨의학과, 가정의학과",3220000,PHMA120243220033041100211,"서울특별시 강남구 학동로6길 36, 지하1층, 2층 (논현동)","서울특별시 강남구 논현동 146-6 지하1층, 2층",영업/정상
V7FD8E8871007,우리짐 청담PT,강남구,exercise_body,public_license_registry,OA-16142,체력단련장업,,3220000,CDFH3301062022000038,"서울특별시 강남구 압구정로80길 35, 드림빌딩 지하1층 (청담동)",서울특별시 강남구 청담동 92-22 드림빌딩,영업/정상
V7FE816EA404E,PT Lab Bangbae,서초구,exercise_body,public_license_registry,OA-16142,체력단련장업,,3210000,CDFH3301062020000011,"서울특별시 서초구 방배중앙로 91, 석호빌딩 지하1층 (방배동)",서울특별시 서초구 방배동 858-34 석호빌딩,영업/정상
V8002600EC810,봉황한의원,강남구,medical_wellness,public_license_registry,OA-16480,한의원,"한방내과, 한방부인과, 한방소아과, 한방안?이비인후?피부과, 한방신경정신과, 한방재활의학과, 사상체질과, 침구과",3220000,PHMA120173220033041100048,"서울특별시 강남구 남부순환로 2936, 306호 (대치동, 윈플러스상가)",서울특별시 강남구 대치동 507번지 306호,영업/정상
V8002E850F302,(주)투엑스 휘트니스,강남구,relax_recovery,public_license_registry,OA-16146,공동탕업,,3220000,3220000-202-2012-00006,"서울특별시 강남구 삼성로 155, 지하2층 (대치동, 대치퍼스트빌딩)",서울특별시 강남구 대치동 507-2 대치퍼스트빌딩 지하2층,영업/정상
V8029F689C88B,열린가정의학과의원,송파구,medical_wellness,public_license_registry,OA-16480,의원,"내과, 정형외과, 소아청소년과, 이비인후과, 피부과, 가정의학과",3230000,PHMA120173230034041100066,"서울특별시 송파구 오금로11길 37, 301,302,303,304호 (방이동, 대명밸리온)",서울특별시 송파구 방이동 43번지,영업/정상
V803F7B0AF9BD,코모코한의원,서초구,medical_wellness,public_license_registry,OA-16480,한의원,"한방내과, 한방부인과, 한방소아과, 한방안?이비인후?피부과, 한방신경정신과, 한방재활의학과, 사상체질과, 침구과",3210000,PHMA120083210034041100128,"서울특별시 서초구 신반포로 189, 4동 4층 1호 (잠원동, 반포쇼핑타운)",서울특별시 서초구 잠원동 69번지 2호 반포쇼핑타운 4동4층1호,영업/정상
V8064DBC41799,모본한의원,강남구,medical_wellness,public_license_registry,OA-16480,한의원,"한방내과, 한방부인과, 한방소아과, 한방안?이비인후?피부과, 한방신경정신과, 한방재활의학과, 사상체질과, 침구과",3220000,PHMA120183220033041100120,"서울특별시 강남구 논현로 841, 제이비 미소 빌딩 301,302호 (신사동)",,영업/정상
V807C4F01ED30,그램한의원,강남구,medical_wellness,public_license_registry,OA-16480,한의원,"한방내과, 한방부인과, 침구과",3220000,PHMA120253220033041100140,"서울특별시 강남구 강남대로 518, 3층 (논현동)",서울특별시 강남구 논현동 164-1,영업/정상
V80814B02D04B,강남신논현본튼튼의원,서초구,medical_wellness,public_license_registry,OA-16480,의원,정형외과,3210000,PHMA120213210034041100129,"서울특별시 서초구 서초대로77길 62, 강남역 IPARK 2층 201~209호 (서초동)",서울특별시 서초구 서초동 1303-16 강남역 IPARK,영업/정상
V808C4A0CA656,안동현한의원,강남구,medical_wellness,public_license_registry,OA-16480,한의원,"한방내과, 한방부인과, 한방소아과, 한방안?이비인후?피부과, 한방신경정신과, 한방재활의학과, 사상체질과, 침구과",3220000,PHMA120073220033041102010,"서울특별시 강남구 논현로 604, 태성빌딩 3층 (논현동)",,영업/정상
V809089E34F10,바디튜터,송파구,exercise_body,public_license_registry,OA-16142,체력단련장업,,3230000,CDFH3301062026000006,"서울특별시 송파구 올림픽로 119, 잠실파인애플상가 4층 11호 (잠실동)",서울특별시 송파구 잠실동 19-9 잠실파인애플상가,영업/정상
V80A67309A419,소마한의원,강남구,medical_wellness,public_license_registry,OA-16480,한의원,"한방내과, 한방부인과, 한방소아과, 한방안?이비인후?피부과, 한방신경정신과, 한방재활의학과, 사상체질과, 침구과, 한방응급과",3220000,PHMA120153220033041100042,"서울특별시 강남구 테헤란로 406, 3층 (대치동, 샹제리제센터)",서울특별시 강남구 대치동 889번지 5호 샹제리제센타 A동 3층,영업/정상
V80D434E45279,한마음(125),강남구,exercise_body,public_license_registry,OA-16142,체력단련장업,,3220000,CDFH3301062003000014,"서울특별시 강남구 삼성로 352 (대치동,창진빌딩 7층)",서울특별시 강남구 대치동 961 창진빌딩 7층,영업/정상
V80D7CC7C93D4,라곰(LAGOM),서초구,exercise_body,public_license_registry,OA-16142,체력단련장업,,3210000,CDFH3301062018000017,"서울특별시 서초구 서초중앙로8길 7, 2층 (서초동)",서울특별시 서초구 서초동 1623-8,영업/정상
V80E5FA9DDAC9,크로스핏 하운드 송파,송파구,exercise_body,public_license_registry,OA-16142,체력단련장업,,3230000,CDFH3301062025000007,"서울특별시 송파구 오금로 194, 재영빌딩 지하1층 (송파동)",서울특별시 송파구 송파동 142-2 재영빌딩,영업/정상
V80E9277D283E,연세강남정형외과의원,강남구,medical_wellness,public_license_registry,OA-16480,의원,"내과, 외과, 정형외과, 신경외과, 마취통증의학과, 소아청소년과, 재활의학과, 응급의학과",3220000,PHMA120243220033041100179,"서울특별시 강남구 테헤란로 401, 남경센타 10층 1호 (삼성동)",,영업/정상
V815532E991B2,짐 레빗(Gym Revit),서초구,exercise_body,public_license_registry,OA-16142,체력단련장업,,3210000,CDFH3301062023000006,"서울특별시 서초구 방배중앙로29길 21, 가우디빌딩 4층 (방배동)",서울특별시 서초구 방배동 763-32 가우디빌딩,영업/정상
V815987A452CB,무브크래프트PT,강남구,exercise_body,public_license_registry,OA-16142,체력단련장업,,3220000,CDFH3301062026000004,"서울특별시 강남구 언주로113길 10, 4층 (논현동)",서울특별시 강남구 논현동 231-6,영업/정상
V818E1142A62B,네드짐(ned gym) 청담본점,강남구,exercise_body,public_license_registry,OA-16142,체력단련장업,,3220000,CDFH3301062025000053,"서울특별시 강남구 압구정로 445, 지하1층 (청담동)",서울특별시 강남구 청담동 100-17,영업/정상
V81B9C1A3E9F4,비오스짐,강남구,exercise_body,public_license_registry,OA-16142,체력단련장업,,3220000,CDFH3301062023000020,"서울특별시 강남구 도산대로37길 28, 지하1층 (신사동)",서울특별시 강남구 신사동 626-79,영업/정상
V81D1C7D3DB9F,바이젝 월드 피트니스,강남구,exercise_body,public_license_registry,OA-16142,체력단련장업,,3220000,CDFH3301062023000002,"서울특별시 강남구 언주로85길 13, 지하1층 (역삼동, 경남아파트)",서울특별시 강남구 역삼동 722 경남아파트,영업/정상
V81D5C6DC8BE9,에프엘짐 강남구청점,강남구,exercise_body,public_license_registry,OA-16142,체력단련장업,,3220000,CDFH3301062025000034,"서울특별시 강남구 학동로 413, 지하1층 (청담동)",서울특별시 강남구 청담동 44-15,영업/정상
V81D70CA93B9F,양재365한의원,강남구,medical_wellness,public_license_registry,OA-16480,한의원,"한방내과, 한방부인과, 한방소아과, 한방안?이비인후?피부과, 한방신경정신과, 한방재활의학과, 사상체질과, 침구과",3220000,PHMA120213220033041100098,"서울특별시 강남구 강남대로 242, 크리스탈빌딩 6층 (도곡동)",서울특별시 강남구 도곡동 953-3 크리스탈빌딩,영업/정상
V81E3655902B0,송파정형외과의원,송파구,medical_wellness,public_license_registry,OA-16480,의원,"내과, 신경과, 외과, 정형외과, 신경외과, 마취통증의학과, 소아청소년과, 피부과, 비뇨의학과, 재활의학과, 가정의학과",3230000,PHMA120223230034041100004,"서울특별시 송파구 새말로 125, 어은회관 1층 101호 (문정동)",,영업/정상
V81ED06E2E9BB,경희참한의원,송파구,medical_wellness,public_license_registry,OA-16480,한의원,"한방내과, 한방부인과, 한방소아과, 한방안?이비인후?피부과, 한방신경정신과, 한방재활의학과, 사상체질과, 침구과",3230000,PHMA120033230034041101190,"서울특별시 송파구 오금로 414, 명문빌딩동 201호 (가락동)",,영업/정상
V82071BDC64AF,The Better GYM,서초구,exercise_body,public_license_registry,OA-16142,체력단련장업,,3210000,CDFH3301062017000003,"서울특별시 서초구 서초중앙로26길 13, B01호 (서초동)",서울특별시 서초구 서초동 1697-15,영업/정상
V825BAE67432A,오금한의원,송파구,medical_wellness,public_license_registry,OA-16480,한의원,"한방내과, 한방부인과, 한방소아과, 한방안?이비인후?피부과, 한방신경정신과, 한방재활의학과, 사상체질과, 침구과",3230000,PHMA120233230034041100044,"서울특별시 송파구 중대로 158, 유나빌딩1 1층 (가락동)",서울특별시 송파구 가락동 146-3 유나빌딩1,영업/정상
V829A5B30DF29,유원한의원,강남구,medical_wellness,public_license_registry,OA-16480,한의원,"한방내과, 한방부인과, 한방소아과, 한방안?이비인후?피부과, 한방신경정신과, 한방재활의학과, 사상체질과, 침구과",3220000,PHMA120103220033041100091,"서울특별시 강남구 도산대로75길 28, 5층 (청담동)",,영업/정상
V82A4A07067CE,유안정형외과의원,서초구,medical_wellness,public_license_registry,OA-16480,의원,"내과, 정형외과, 신경외과, 마취통증의학과, 피부과, 재활의학과, 가정의학과",3210000,PHMA120173210034041100041,"서울특별시 서초구 반포대로 287, 5층 (반포동, 래미안퍼스티지 중심상가)",,영업/정상
V82E3BDEED2EB,더진심 트레이닝센터,강남구,exercise_body,public_license_registry,OA-16142,체력단련장업,,3220000,CDFH3301062023000057,"서울특별시 강남구 선릉로94길 3, 3층 (삼성동)",서울특별시 강남구 삼성동 140-26,영업/정상
V82E9825EB12B,잘봄경희한의원,송파구,medical_wellness,public_license_registry,OA-16480,한의원,"한방내과, 한방부인과, 한방소아과, 한방안?이비인후?피부과, 한방신경정신과, 한방재활의학과, 사상체질과, 침구과",3230000,PHMA120123230034041100014,"서울특별시 송파구 가락로 164 (송파동, 2층)",,영업/정상
V82ECD4D00809,자연산한의원,강남구,medical_wellness,public_license_registry,OA-16480,한의원,"한방내과, 한방부인과, 한방소아과, 한방안?이비인후?피부과, 한방신경정신과, 한방재활의학과, 사상체질과, 침구과",3220000,PHMA120183220033041100021,"서울특별시 강남구 선릉로 661, 석영빌딩 2층 (논현동)",서울특별시 강남구 논현동 242-54 석영빌딩,영업/정상
V8303B5C9567E,몸 PT,송파구,exercise_body,public_license_registry,OA-16142,체력단련장업,,3230000,CDFH3301062015000024,"서울특별시 송파구 올림픽로 145, 리센츠상가 5층 03호 (잠실동)",서울특별시 송파구 잠실동 22-6 리센츠상가 5층 03호,영업/정상
V8311AE00150F,서울유정갑외과의원,서초구,medical_wellness,public_license_registry,OA-16480,의원,"내과, 외과, 정형외과, 신경외과, 심장혈관흉부외과, 성형외과, 피부과, 비뇨의학과, 영상의학과, 재활의학과",3210000,PHMA120163210034041100024,"서울특별시 서초구 서초대로77길 3, 1206호 (서초동, 아라타워)","서울특별시 서초구 서초동 1317번지 20호 1206호, 아라타워",영업/정상
V833F7F6FA628,오다한의원,강남구,medical_wellness,public_license_registry,OA-16480,한의원,"한방내과, 한방부인과, 한방소아과, 한방안?이비인후?피부과, 한방신경정신과, 한방재활의학과, 사상체질과, 침구과",3220000,PHMA120263220033041100025,"서울특별시 강남구 봉은사로 117, 이건빌딩 11층 (논현동)",,영업/정상
V8364C8AC71B1,라이즈업 재활운동센터,송파구,exercise_body,public_license_registry,OA-16142,체력단련장업,,3230000,CDFH3301062023000006,"서울특별시 송파구 충민로2길 34, 북일프라자 202호 (장지동)",서울특별시 송파구 장지동 841-6 북일PLAZA,영업/정상
V83803B30AA5D,연세문상영의원,강남구,medical_wellness,public_license_registry,OA-16480,의원,"내과, 정형외과, 소아청소년과, 이비인후과, 피부과, 비뇨의학과, 가정의학과",3220000,PHMA120133220033041100183,"서울특별시 강남구 강남대로 240, 양재SK허브프리모, 4층 411,412 (도곡동)",서울특별시 강남구 도곡동 953-1 양재SK허브프리모,영업/정상
V838C05C89427,예본한의원,송파구,medical_wellness,public_license_registry,OA-16480,한의원,"한방내과, 한방부인과, 한방소아과, 한방안?이비인후?피부과, 한방신경정신과, 한방재활의학과, 사상체질과, 침구과",3230000,PHMA120153230034041100014,"서울특별시 송파구 올림픽로35길 137, 한국광고문화회관 7층 (신천동)",,영업/정상
V838FD147FFBC,그레이스 프라이빗 웰니스 & PT,강남구,exercise_body,public_license_registry,OA-16142,체력단련장업,,3220000,CDFH3301062015000027,"서울특별시 강남구 테헤란로19길 12, 401호 (역삼동)",서울특별시 강남구 역삼동 645-19 401호,영업/정상
V83D27227BE26,아이디얼 핏,송파구,exercise_body,public_license_registry,OA-16142,체력단련장업,,3230000,CDFH3301062023000005,"서울특별시 송파구 삼학사로19길 30, 이현빌딩 2층 (삼전동)",서울특별시 송파구 삼전동 27-8,영업/정상
V83E45D87A261,베리핏(VERY FIT),서초구,exercise_body,public_license_registry,OA-16142,체력단련장업,,3210000,CDFH3301062015000011,"서울특별시 서초구 사평대로22길 6, 2층 (반포동, 삼영빌딩)",서울특별시 서초구 반포동 106-2,영업/정상
V83F634BB5F35,라비아피트니스 반포점,서초구,exercise_body,public_license_registry,OA-16142,체력단련장업,,3210000,CDFH3301062018000009,"서울특별시 서초구 서초중앙로 224, 한양프라자 207호 (반포동)",서울특별시 서초구 반포동 1341,영업/정상
V846312753A75,지브이의원,서초구,medical_wellness,public_license_registry,OA-16480,의원,"정형외과, 성형외과, 피부과",3210000,PHMA120253210034041100065,"서울특별시 서초구 강남대로101길 7, 루미에르신사 2,3,4층 (잠원동)",서울특별시 서초구 잠원동 13-5 루미에르신사,영업/정상
V846D5C374045,리우한의원,서초구,medical_wellness,public_license_registry,OA-16480,한의원,"한방내과, 한방부인과, 한방소아과, 한방안?이비인후?피부과, 한방신경정신과, 한방재활의학과, 사상체질과, 침구과",3210000,PHMA120143210034041100010,"서울특별시 서초구 서초대로77길 61, S&C TOWER 강남 2층 202호 (서초동)",,영업/정상
V8476C5AD06FD,핏엔젤1호,강남구,exercise_body,public_license_registry,OA-16142,체력단련장업,,3220000,CDFH3301062016000044,"서울특별시 강남구 강남대로110길 32, 2층 (역삼동)",서울특별시 강남구 역삼동 616-4,영업/정상
V847A5C9B63BA,원바디 퍼스널 트레이닝 스튜디오(378),강남구,exercise_body,public_license_registry,OA-16142,체력단련장업,,3220000,CDFH3301062014000030,서울특별시 강남구 삼성로147길 24 (청담동),서울특별시 강남구 청담동 11-31 지하1층,영업/정상
V84CD2F3B869E,하이미즈한의원,서초구,medical_wellness,public_license_registry,OA-16480,한의원,"한방내과, 한방부인과, 한방소아과, 한방안?이비인후?피부과, 한방신경정신과, 한방재활의학과, 사상체질과, 침구과",3210000,PHMA120073210034041100076,"서울특별시 서초구 신반포로 205, 6동 308,309호 (잠원동, 반포쇼핑타운)","서울특별시 서초구 잠원동 69번지 14호 반포쇼핑타운 6동 308,309호",영업/정상
V84D120267F67,스타내과의원,강남구,medical_wellness,public_license_registry,OA-16480,의원,"내과, 외과, 정형외과, 신경외과, 성형외과, 마취통증의학과, 산부인과, 소아청소년과, 안과, 이비인후과, 피부과, 비뇨의학과, 영상의학과, 가정의학과",3220000,PHMA120143220033041100084,"서울특별시 강남구 헌릉로 569, 4층 402호 (세곡동, 강남리더스프라자)",서울특별시 강남구 세곡동 281번지 4호 강남리더스프라자 4층 402호,영업/정상
V84E52A962EB3,맑은인한의원,송파구,medical_wellness,public_license_registry,OA-16480,한의원,"한방내과, 한방부인과, 한방소아과, 한방안?이비인후?피부과, 한방신경정신과, 한방재활의학과, 사상체질과, 침구과",3230000,PHMA120093230034041100058,"서울특별시 송파구 충민로2길 28, 307호 (장지동, 대진플라자 (2))",,영업/정상
V85135CD96A91,마디바름한의원,강남구,medical_wellness,public_license_registry,OA-16480,한의원,"한방내과, 한방부인과, 한방소아과, 한방안?이비인후?피부과, 한방신경정신과, 한방재활의학과, 사상체질과, 침구과, 한방응급과",3220000,PHMA120143220033041100059,"서울특별시 강남구 논현로85길 11, 401호 (역삼동, 신홍빌딩)",,영업/정상
V851A3295E0E8,양재굿본재활의학과의원,서초구,medical_wellness,public_license_registry,OA-16480,의원,"신경과, 외과, 정형외과, 신경외과, 마취통증의학과, 재활의학과",3210000,PHMA120233210034041100050,"서울특별시 서초구 강남대로 273, 송남빌딩 1층 (서초동)",서울특별시 서초구 서초동 1358-6 송남빌딩,영업/정상
V855A9108D3D4,타잇바디짐,강남구,exercise_body,public_license_registry,OA-16142,체력단련장업,,3220000,CDFH3301062020000033,서울특별시 강남구 역삼로65길 20 (대치동),서울특별시 강남구 대치동 900-18,영업/정상
V856FE314372B,윤앤송한의원,서초구,medical_wellness,public_license_registry,OA-16480,한의원,"한방내과, 한방부인과, 한방소아과, 한방안?이비인후?피부과, 한방신경정신과, 한방재활의학과, 사상체질과, 침구과",3210000,PHMA120063210034041100011,"서울특별시 서초구 서초대로54길 24, 3층 (서초동, 동호빌딩)",서울특별시 서초구 서초동 1659번지 13호 동호빌딩 3층,영업/정상
V8578475A8A31,발레핏 코리아(424),강남구,exercise_body,public_license_registry,OA-16142,체력단련장업,,3220000,CDFH3301062015000028,"서울특별시 강남구 영동대로112길 24, B101호 (삼성동, 동구싼타빌)",서울특별시 강남구 삼성동 108-2 B101호,영업/정상
V8592E2A6BFA5,Wayfit PT,강남구,exercise_body,public_license_registry,OA-16142,체력단련장업,,3220000,CDFH3301062023000022,"서울특별시 강남구 선릉로16길 4, 2층 (개포동)",서울특별시 강남구 개포동 168,영업/정상
V8594D6C3BC19,유케이한의원,서초구,medical_wellness,public_license_registry,OA-16480,한의원,"한방내과, 한방부인과, 한방소아과, 한방안?이비인후?피부과, 한방신경정신과, 한방재활의학과, 사상체질과, 침구과",3210000,PHMA120263210034041100059,"서울특별시 서초구 서초중앙로22길 25, 209의 일부호 (서초동, 서초리시온)",서울특별시 서초구 서초동 1671-5 서초리시온,영업/정상
V859F6C691CFF,신한방재활의학과한의원,서초구,medical_wellness,public_license_registry,OA-16480,한의원,"한방내과, 한방부인과, 한방소아과, 한방안?이비인후?피부과, 한방신경정신과, 한방재활의학과, 사상체질과, 침구과",3210000,PHMA120263210034041100055,"서울특별시 서초구 서초중앙로26길 9, 동우빌딩 2층 (서초동)",,영업/정상
V85B111513AEA,위크로스핏,서초구,exercise_body,public_license_registry,OA-16142,체력단련장업,,3210000,CDFH3301062020000021,"서울특별시 서초구 서초중앙로 115, 서용빌딩 지층 (서초동)",서울특별시 서초구 서초동 1575-2 서용빌딩,영업/정상
V85C11EB290C2,강남피티,강남구,exercise_body,public_license_registry,OA-16142,체력단련장업,,3220000,CDFH3301062021000010,"서울특별시 강남구 논현로95길 10, 지하1층 (역삼동)",서울특별시 강남구 역삼동 640-21,영업/정상
V85D7D0629C3D,대들보한의원,서초구,medical_wellness,public_license_registry,OA-16480,한의원,"한방내과, 한방부인과, 한방소아과, 한방안?이비인후?피부과, 한방신경정신과, 한방재활의학과, 사상체질과, 침구과",3210000,PHMA120233210034041100033,"서울특별시 서초구 청계산로 189, 내곡드림씨티2 3층 304호 (신원동)",서울특별시 서초구 신원동 607,영업/정상
V85DDE9236C81,도이재한의원,강남구,medical_wellness,public_license_registry,OA-16480,한의원,"한방내과, 한방부인과, 한방소아과, 한방안?이비인후?피부과, 한방신경정신과, 한방재활의학과, 사상체질과, 침구과",3220000,PHMA120253220033041100126,"서울특별시 강남구 도산대로89길 7, 1층 (청담동)",,영업/정상
V85EBB953BC32,제이에이치 피티짐 앤 필라테스(JH PTgym & Pilates),송파구,exercise_body,public_license_registry,OA-16142,체력단련장업,,3230000,CDFH3301062019000025,"서울특별시 송파구 위례광장로 136, 4동 D-207~208호 (장지동, 위례아이파크)",서울특별시 송파구 장지동 894 위례아이파크,영업/정상
V861D163DF863,자윤한의원잠실점,송파구,medical_wellness,public_license_registry,OA-16480,한의원,"한방내과, 한방부인과, 한방소아과, 한방안?이비인후?피부과, 한방신경정신과, 한방재활의학과, 사상체질과, 침구과",3230000,PHMA120163230034041100009,"서울특별시 송파구 올림픽로 145, 3층 (잠실동, 리센츠)",,영업/정상
V862DB71B1EA6,생명수한의원,강남구,medical_wellness,public_license_registry,OA-16480,한의원,"한방내과, 한방부인과, 한방소아과, 한방안?이비인후?피부과, 한방신경정신과, 한방재활의학과, 사상체질과, 침구과",3220000,PHMA120033220033041101856,"서울특별시 강남구 일원로3길 12, 1층 (일원동)",서울특별시 강남구 일원동 683-5,영업/정상
V8638FF4DAB55,리셋핏,강남구,exercise_body,public_license_registry,OA-16142,체력단련장업,,3220000,CDFH3301062024000057,"서울특별시 강남구 논현로26길 39, 지하1층 (도곡동)",서울특별시 강남구 도곡동 423-11,영업/정상
V8654721851DF,MVM 피트니스 서초점 PT,서초구,exercise_body,public_license_registry,OA-16142,체력단련장업,,3210000,CDFH3301062024000017,"서울특별시 서초구 고무래로 90-7, 서초쇼핑 지층 3,4호 (서초동)",서울특별시 서초구 서초동 1684-1 서초쇼핑,영업/정상
V8656671950E8,The third Place,송파구,exercise_body,public_license_registry,OA-16142,체력단련장업,,3230000,CDFH3301062019000003,"서울특별시 송파구 백제고분로22길 4-11, 지하1층 (삼전동)",서울특별시 송파구 삼전동 29-10 지하1층,영업/정상
V865B2DAADE25,아우라짐 논현역점,서초구,exercise_body,public_license_registry,OA-16142,체력단련장업,,3210000,CDFH3301062024000001,"서울특별시 서초구 강남대로 519, 도충빌딩 (반포동)",서울특별시 서초구 반포동 723-1 도충빌딩,영업/정상
V865E85872194,썸머짐,서초구,exercise_body,public_license_registry,OA-16142,체력단련장업,,3210000,CDFH3301062018000005,"서울특별시 서초구 효령로 221, 3층 (서초동)",서울특별시 서초구 서초동 1527-7,영업/정상
V865EBD423B52,경희백세인한의원,서초구,medical_wellness,public_license_registry,OA-16480,한의원,"한방내과, 한방부인과, 한방소아과, 한방안?이비인후?피부과, 한방신경정신과, 한방재활의학과, 사상체질과, 침구과",3210000,PHMA120083210034041100070,"서울특별시 서초구 효령로31길 58, 2층 (방배동)",서울특별시 서초구 방배동 908번지 8호 삼익빌딩 2층,영업/정상
V866139F4B8A1,휘트니스엠 선릉점,강남구,exercise_body,public_license_registry,OA-16142,체력단련장업,,3220000,CDFH3301062024000008,"서울특별시 강남구 테헤란로52길 15, 금천빌딩 B201호 (역삼동)",서울특별시 강남구 역삼동 708-20 금천빌딩,영업/정상
V8668812AE44C,마리앤여성의원,서초구,medical_wellness,public_license_registry,OA-16480,의원,"내과, 정신건강의학과, 성형외과, 마취통증의학과, 산부인과, 소아청소년과, 이비인후과, 피부과, 영상의학과, 재활의학과, 가정의학과",3210000,PHMA120173210034041100007,"서울특별시 서초구 사평대로 353, 201호 (반포동)",,영업/정상
V86707DF33306,대청마루한의원,강남구,medical_wellness,public_license_registry,OA-16480,한의원,"한방내과, 한방부인과, 한방소아과, 한방안?이비인후?피부과, 한방신경정신과, 한방재활의학과, 사상체질과, 침구과",3220000,PHMA120053220033041101910,"서울특별시 강남구 일원로 35, 남경빌딩 2층일부 (일원동)",,영업/정상
V8672EEAF60A6,강남베스트내과의원,강남구,medical_wellness,public_license_registry,OA-16480,의원,"내과, 정형외과, 신경외과, 마취통증의학과",3220000,PHMA120133220033041100173,"서울특별시 강남구 광평로 281 (수서동, 2층일부)",서울특별시 강남구 수서동 715번지 효성노틸러스빌딩 2층일부,영업/정상
V86952A153E57,경희인한의원,서초구,medical_wellness,public_license_registry,OA-16480,한의원,"한방내과, 한방부인과, 한방소아과, 한방안?이비인후?피부과, 한방신경정신과, 한방재활의학과, 사상체질과, 침구과",3210000,PHMA120233210034041100073,"서울특별시 서초구 강남대로 359, 대우도씨에빛2 3층 305호 (서초동)",,영업/정상
V86971BF9D30A,연세리셀재활의학과의원,강남구,medical_wellness,public_license_registry,OA-16480,의원,"신경과, 정형외과, 마취통증의학과, 재활의학과",3220000,PHMA120263220033041100034,"서울특별시 강남구 언주로 735, 8층 (논현동)",서울특별시 강남구 논현동 62-13 8층,영업/정상
V86A7282E225B,경희한나무한의원,송파구,medical_wellness,public_license_registry,OA-16480,한의원,"한방내과, 한방부인과, 한방소아과, 한방안?이비인후?피부과, 한방신경정신과, 한방재활의학과, 사상체질과, 침구과",3230000,PHMA120053230034041101313,"서울특별시 송파구 백제고분로 165, 1층 (잠실동)",,영업/정상
V86CBF1FE79D0,퍼스트 휘트니스,송파구,exercise_body,public_license_registry,OA-16142,체력단련장업,,3230000,CDFH3301062015000011,서울특별시 송파구 송이로 239 (문정동),서울특별시 송파구 문정동 116-4,영업/정상
V86E649CEE293,짐박스피트니스 오금역점,송파구,exercise_body,public_license_registry,OA-16142,체력단련장업,,3230000,CDFH3301062026000008,"서울특별시 송파구 중대로23길 20, 지하1층 (가락동, 가락동우정에쉐르)",서울특별시 송파구 가락동 8-1 가락동우정에쉐르,영업/정상
V86F751F94AEB,파크정형외과의원,송파구,medical_wellness,public_license_registry,OA-16480,의원,"내과, 신경과, 정형외과, 신경외과, 마취통증의학과, 재활의학과",3230000,PHMA120253230034041100019,"서울특별시 송파구 백제고분로 196, 2층 (삼전동)",서울특별시 송파구 삼전동 28-6,영업/정상
V8710C0A66F7B,연세신명마취통증의학과의원,강남구,medical_wellness,public_license_registry,OA-16480,의원,"정형외과, 마취통증의학과",3220000,PHMA120233220033041100089,"서울특별시 강남구 학동로 413, 3층 302호 (청담동)",서울특별시 강남구 청담동 44-15 302호,영업/정상
V871C6746493E,인당한의원,강남구,medical_wellness,public_license_registry,OA-16480,한의원,"한방내과, 한방부인과, 한방소아과, 한방안?이비인후?피부과, 한방신경정신과, 한방재활의학과, 사상체질과, 침구과",3220000,PHMA119873220033041101749,"서울특별시 강남구 도곡로 117, 옥신타워 2층 (역삼동)",,영업/정상
V87286953E313,피치플레이 헬스 & 필라테스 역삼점,강남구,exercise_body,public_license_registry,OA-16142,체력단련장업,,3220000,CDFH3301062025000040,"서울특별시 강남구 논현로86길 20, 역삼봉강빌딩 지하1층 (역삼동)",서울특별시 강남구 역삼동 725-9 역삼봉강빌딩,영업/정상
V876EB2F35EBF,로그짐 잠실나루점,송파구,exercise_body,public_license_registry,OA-16142,체력단련장업,,3230000,CDFH3301062020000035,"서울특별시 송파구 올림픽로37길 130, 파크리오상가 A동 5층 11호 (신천동)",서울특별시 송파구 신천동 17-4 파크리오 A동 511호,영업/정상
V8779DF3449BA,뷰리플한의원,강남구,medical_wellness,public_license_registry,OA-16480,한의원,"한방내과, 한방부인과, 한방소아과, 한방안?이비인후?피부과, 한방신경정신과, 한방재활의학과, 사상체질과",3220000,PHMA120243220033041100053,"서울특별시 강남구 압구정로 224, 우미빌딩 2층 205호 (신사동)",,영업/정상
V878B5EAED5F9,재단법인서울의과학연구소 하나로리더스의원,강남구,medical_wellness,public_license_registry,OA-16480,의원,"내과, 신경과, 정신건강의학과, 외과, 정형외과, 신경외과, 심장혈관흉부외과, 산부인과, 소아청소년과, 안과, 이비인후과, 피부과, 비뇨의학과, 영상의학과, 병리과, 진단검사의학과, 재활의학과, 가정의학과, 직업환경의학과, 예방의학과",3220000,PHMA120083220033041101172,"서울특별시 강남구 테헤란로 326, 태보 역삼 아이타워 6~11층 (역삼동)",서울특별시 강남구 역삼동 707-27 태보 역삼 아이타워,영업/정상
V87AD3C9ACB2E,모락한의원,서초구,medical_wellness,public_license_registry,OA-16480,한의원,"한방내과, 한방부인과, 한방소아과, 한방안?이비인후?피부과, 한방신경정신과, 한방재활의학과",3210000,PHMA120233210034041100065,"서울특별시 서초구 강남대로 437, 대원빌딩 3층 1호 (서초동)",서울특별시 서초구 서초동 1305-3 대원빌딩,영업/정상
V87C167418DC5,365열린가정의학과의원,강남구,medical_wellness,public_license_registry,OA-16480,의원,"내과, 신경과, 정신건강의학과, 외과, 정형외과, 신경외과, 심장혈관흉부외과, 성형외과, 마취통증의학과, 산부인과, 소아청소년과, 안과, 이비인후과, 피부과, 비뇨의학과, 영상의학과, 진단검사의학과, 재활의학과, 가정의학과",3220000,PHMA120183220033041100013,"서울특별시 강남구 도곡로 405, 삼환 아르누보2 204호 (대치동)",서울특별시 강남구 대치동 938번지 24호 삼환 아르누보2 204호,영업/정상
V87D31AF93BDA,강남의림한의원,서초구,medical_wellness,public_license_registry,OA-16480,한의원,"한방내과, 한방부인과, 한방소아과, 한방안?이비인후?피부과, 한방신경정신과, 한방재활의학과, 사상체질과, 침구과, 한방응급과",3210000,PHMA120253210034041100049,"서울특별시 서초구 동광로 5, 강남의림한방병원 1층 (방배동)",,영업/정상
V8803A1744C21,리프레쉬클럽 PT 반포래미안점,서초구,exercise_body,public_license_registry,OA-16142,체력단련장업,,3210000,CDFH3301062024000027,"서울특별시 서초구 반포대로 287, 래미안퍼스티지 중심상가 3층 327,328호호 (반포동)",서울특별시 서초구 반포동 18-3 래미안퍼스티지 중심상가,영업/정상
V880B88F54CD3,남해한의원,송파구,medical_wellness,public_license_registry,OA-16480,한의원,"한방내과, 한방부인과, 한방소아과, 한방안?이비인후?피부과, 한방신경정신과, 한방재활의학과, 사상체질과, 침구과",3230000,PHMA119873230034041100166,"서울특별시 송파구 오금로 251, 207호 (방이동, 한양A상가)",서울특별시 송파구 방이동 225번지,영업/정상
V8837E851B37F,오쥬드한의원,강남구,medical_wellness,public_license_registry,OA-16480,한의원,"한방내과, 한방부인과, 한방소아과, 한방안?이비인후?피부과, 한방신경정신과, 한방재활의학과, 사상체질과, 침구과",3220000,PHMA120213220033041100082,"서울특별시 강남구 학동로 342, 에스케이 허브블루 2층 204~205호 (논현동)",서울특별시 강남구 논현동 241-3 에스케이 허브블루,영업/정상
V8891E5825BC7,M PT 역삼점,강남구,exercise_body,public_license_registry,OA-16142,체력단련장업,,3220000,CDFH3301062017000035,"서울특별시 강남구 논현로85길 59, 6층 (역삼동)",서울특별시 강남구 역삼동 828-22,영업/정상
V8898B46F402E,이수탑정형외과의원,서초구,medical_wellness,public_license_registry,OA-16480,의원,"정형외과, 신경외과, 마취통증의학과, 재활의학과",3210000,PHMA120263210034041100066,"서울특별시 서초구 서초대로 2, 이수파이브 3층 (방배동)",서울특별시 서초구 방배동 1715 이수파이브,영업/정상
V88AFB960E3A9,두얼의원,송파구,medical_wellness,public_license_registry,OA-16480,의원,"내과, 정형외과, 산부인과, 소아청소년과, 이비인후과, 비뇨의학과, 가정의학과",3230000,PHMA120033230034041101133,"서울특별시 송파구 마천로 35, 2층 (방이동)",서울특별시 송파구 방이동 207번지 6호 2층,영업/정상
V88E50F82B7E1,바른샘한의원,서초구,medical_wellness,public_license_registry,OA-16480,한의원,"한방내과, 한방부인과, 한방소아과, 한방안?이비인후?피부과, 한방신경정신과, 한방재활의학과, 사상체질과, 침구과, 한방응급과",3210000,PHMA120153210034041100089,"서울특별시 서초구 서초중앙로24길 11, 2층 (서초동, 요셉빌딩)",,영업/정상
V8906DF7CF125,자온미한의원,서초구,medical_wellness,public_license_registry,OA-16480,한의원,"한방내과, 한방부인과, 한방소아과, 한방안?이비인후?피부과, 한방신경정신과, 한방재활의학과",3210000,PHMA120173210034041100092,"서울특별시 서초구 서운로 10, 3층 (서초동)",서울특별시 서초구 서초동 1364번지 7호 약산한의원,영업/정상
V89086E8DB3E9,투엑스 휘트니스(293),강남구,exercise_body,public_license_registry,OA-16142,체력단련장업,,3220000,CDFH3301062012000021,"서울특별시 강남구 삼성로 155 (대치동,B2)",서울특별시 강남구 대치동 507-2 B2,영업/정상
V890B0E2DCF2F,Back Gym(백짐),강남구,exercise_body,public_license_registry,OA-16142,체력단련장업,,3220000,CDFH3301062021000034,"서울특별시 강남구 봉은사로63길 14, B1층 (삼성동)",서울특별시 강남구 삼성동 42-2,영업/정상
V891D8DA63E42,강남세란의원,서초구,medical_wellness,public_license_registry,OA-16480,의원,"정형외과, 마취통증의학과, 재활의학과",3210000,PHMA120073210034041100071,"서울특별시 서초구 명달로 134, 1.2.3층 (서초동, 송암빌딩)",,영업/정상
V8924D941C684,이원다이애그노믹스(주) (EDGC),강남구,exercise_body,public_license_registry,OA-16142,체력단련장업,,3220000,CDFH3301062019000020,"서울특별시 강남구 도곡로 452, 미즈메디병원 6층 (대치동)",서울특별시 강남구 대치동 1021-4 미즈메디병원,영업/정상
V89401180DB0C,프리허그한의원,서초구,medical_wellness,public_license_registry,OA-16480,한의원,"한방내과, 한방부인과, 한방소아과, 한방안?이비인후?피부과, 한방신경정신과, 한방재활의학과, 사상체질과, 침구과",3210000,PHMA120103210034041100119,"서울특별시 서초구 반포대로 87, 4층 (서초동, 대천빌딩)",서울특별시 서초구 서초동 1538번지 8호 대천빌딩 4층,영업/정상
V895B40047A94,크로스핏 힙스터 (Crossfit Hipster),송파구,exercise_body,public_license_registry,OA-16142,체력단련장업,,3230000,CDFH3301062018000011,"서울특별시 송파구 새말로 177, MK빌딩 (문정동)",서울특별시 송파구 문정동 111-9 MK빌딩,영업/정상
V89CFA7996B7F,골든짐,송파구,exercise_body,public_license_registry,OA-16142,체력단련장업,,3230000,CDFH3301062012000008,"서울특별시 송파구 올림픽로 106 (잠실동, 상록빌딩)",서울특별시 송파구 잠실동 181-7 지하2층,영업/정상
V89D7AF2FC64F,움직임 PT Studio,서초구,exercise_body,public_license_registry,OA-16142,체력단련장업,,3210000,CDFH3301062023000024,"서울특별시 서초구 서래로6길 7, 지하1층 (반포동)",서울특별시 서초구 반포동 91-6,영업/정상
V89ED39123B2E,여성전용 비더원PT 역삼점,강남구,exercise_body,public_license_registry,OA-16142,체력단련장업,,3220000,CDFH3301062024000041,"서울특별시 강남구 역삼로14길 7, 2층 (역삼동)",서울특별시 강남구 역삼동 789-30,영업/정상
V8A296A9517A7,빌리버짐 석촌헬리오시티점,송파구,exercise_body,public_license_registry,OA-16142,체력단련장업,,3230000,CDFH3301062022000027,"서울특별시 송파구 가락로 78, B1층 (석촌동)",서울특별시 송파구 석촌동 255-1 B1층,영업/정상
V8A2C0F1F51DA,연세가정의학과의원,서초구,medical_wellness,public_license_registry,OA-16480,의원,"내과, 정형외과, 마취통증의학과, 피부과, 가정의학과",3210000,PHMA120013210034041100025,"서울특별시 서초구 강남대로 381, 303호 (서초동, 두산베어스텔)",,영업/정상
V8A3D54C07672,피티인폼 운동센터,강남구,exercise_body,public_license_registry,OA-16142,체력단련장업,,3220000,CDFH3301062024000036,"서울특별시 강남구 테헤란로25길 54, 지하1층 (역삼동)",서울특별시 강남구 역삼동 628-15,영업/정상
V8A4D398A1E01,크로스핏 라곰트레이닝 방이,송파구,exercise_body,public_license_registry,OA-16142,체력단련장업,,3230000,CDFH3301062024000037,"서울특별시 송파구 마천로 35, 태웅빌딩 지하1층 (방이동)",서울특별시 송파구 방이동 207-6 태웅빌딩,영업/정상
V8A6BE070A75C,몸바로한의원,송파구,medical_wellness,public_license_registry,OA-16480,한의원,"한방내과, 한방부인과, 한방소아과, 한방안?이비인후?피부과, 한방신경정신과, 한방재활의학과, 사상체질과, 침구과",3230000,PHMA120053230034041101270,"서울특별시 송파구 마천로 39, 엠에스빌딩 4층 (방이동)",,영업/정상
V8A70CA60A23A,윤한의원,송파구,medical_wellness,public_license_registry,OA-16480,한의원,"한방내과, 한방부인과, 한방소아과, 한방안?이비인후?피부과, 한방신경정신과, 한방재활의학과, 사상체질과, 침구과",3230000,PHMA120033230034041101116,"서울특별시 송파구 성내천로 211, 104동 103,104호 (마천동, 우방아파트)",서울특별시 송파구 마천동 576 우방아파트,영업/정상
V8A7463E85BA6,젠틀브로스짐,송파구,exercise_body,public_license_registry,OA-16142,체력단련장업,,3230000,CDFH3301062018000004,"서울특별시 송파구 석촌호수로 156, 삼전동썬프라자 (삼전동)",서울특별시 송파구 삼전동 111 삼전동썬프라자,영업/정상
V8A8844AD8B95,8메디한의원,서초구,medical_wellness,public_license_registry,OA-16480,한의원,"한방내과, 한방부인과, 한방소아과, 한방안?이비인후?피부과, 한방신경정신과, 한방재활의학과, 침구과, 한방응급과",3210000,PHMA120133210034041100088,"서울특별시 서초구 서초중앙로 125, 4층 408호 (서초동, 로이어즈타워)",,영업/정상
V8A995508B2BB,Finest Private Gym,서초구,exercise_body,public_license_registry,OA-16142,체력단련장업,,3210000,CDFH3301062011000010,"서울특별시 서초구 서래로 2 (반포동, (2층))",서울특별시 서초구 반포동 88-5 (2층),영업/정상
V8AA460B5A89B,내몸에 운동센터,서초구,exercise_body,public_license_registry,OA-16142,체력단련장업,,3210000,CDFH3301062025000023,"서울특별시 서초구 본마을1길 4, 101호 (신원동, JM01)",서울특별시 서초구 신원동 441-43 JM01,영업/정상
V8AA5A5C29AEB,크로스핏 강남 삼성,강남구,exercise_body,public_license_registry,OA-16142,체력단련장업,,3220000,CDFH3301062017000008,"서울특별시 강남구 테헤란로108길 12 (대치동, 하나빌딩)",서울특별시 강남구 대치동 996-14,영업/정상
V8AB90BE2B126,라곰트레이닝 서초 크로스핏 하이록스,서초구,exercise_body,public_license_registry,OA-16142,체력단련장업,,3210000,CDFH3301062025000008,"서울특별시 서초구 서초중앙로 83, 서운빌딩 B1호 (서초동)",서울특별시 서초구 서초동 1577-7 서운빌딩,영업/정상
V8AB9F704588B,차두천마취통증의학과의원,송파구,medical_wellness,public_license_registry,OA-16480,의원,"정형외과, 신경외과, 마취통증의학과",3230000,PHMA120153230034041100036,"서울특별시 송파구 거마로 61, 강동중앙의원 302호 (마천동)",서울특별시 송파구 마천동 35-1 강동중앙의원,영업/정상
V8AD296BFFC9A,클럽몬스터(CLUB MONSTER),서초구,exercise_body,public_license_registry,OA-16142,체력단련장업,,3210000,CDFH3301062019000006,"서울특별시 서초구 잠원로 148, 4층 402호 (잠원동, 잠원연합상가)",서울특별시 서초구 잠원동 56-3 잠원연합상가,영업/정상
V8AD445534C60,성훈한의원,서초구,medical_wellness,public_license_registry,OA-16480,한의원,"한방내과, 한방부인과, 한방소아과, 한방안?이비인후?피부과, 한방신경정신과, 한방재활의학과, 사상체질과, 침구과",3210000,PHMA120193210034041100084,"서울특별시 서초구 서초대로78길 36, 강남지웰타워 302호 (서초동)",,영업/정상
V8B0255D3D7B4,제이디아이스포츠,서초구,exercise_body,public_license_registry,OA-16142,체력단련장업,,3210000,CDFH3301062002000011,"서울특별시 서초구 반포대로12길 10  (서초동,4층)",서울특별시 서초구 서초동 1585-12 4층,영업/정상
V8B0410AA86D5,연세공감마취통증의학과의원,강남구,medical_wellness,public_license_registry,OA-16480,의원,"정형외과, 신경외과, 마취통증의학과, 재활의학과, 가정의학과",3220000,PHMA120243220033041100204,"서울특별시 강남구 선릉로 823, 5층 (신사동)",서울특별시 강남구 신사동 665-1 5층호,영업/정상
V8B0959A6E12E,시그마마취통증의학과의원,송파구,medical_wellness,public_license_registry,OA-16480,의원,"내과, 정형외과, 신경외과, 마취통증의학과, 재활의학과",3230000,PHMA120213230034041100016,"서울특별시 송파구 올림픽로 289, 잠실시그마타워 3층 311~313호 (신천동)",서울특별시 송파구 신천동 7-19 잠실시그마타워,영업/정상
V8B44A8982DCB,알면한의원,강남구,medical_wellness,public_license_registry,OA-16480,한의원,"한방내과, 한방부인과, 한방소아과, 한방안?이비인후?피부과, 한방신경정신과, 한방재활의학과, 사상체질과, 침구과, 한방응급과",3220000,PHMA120243220033041100183,"서울특별시 강남구 논현로 841, 제이비 미소 빌딩 3층 310호 (신사동)",서울특별시 강남구 신사동 583-3 제이비 미소 빌딩 310호,영업/정상
V8B500C10C85E,제이핏 피티 앤 필라테스,송파구,exercise_body,public_license_registry,OA-16142,체력단련장업,,3230000,CDFH3301062020000011,"서울특별시 송파구 토성로 59, 선일빌딩 2층 (풍납동)",서울특별시 송파구 풍납동 405-3 선일빌딩,영업/정상
V8B6B0E574664,GOTO 논현,강남구,exercise_body,public_license_registry,OA-16142,체력단련장업,,3220000,CDFH3301062009000016,"서울특별시 강남구 강남대로 556, 논현빌딩 지하1층 (논현동)",서울특별시 강남구 논현동 50-1 논현빌딩,영업/정상
V8B938CCF12A0,이너모션필라테스&PT,강남구,exercise_body,public_license_registry,OA-16142,체력단련장업,,3220000,CDFH3301062026000017,"서울특별시 강남구 도곡로 120, 세원빌딩 3층 (도곡동)",서울특별시 강남구 도곡동 942-2 세원빌딩,영업/정상
V8BA0CCF3FF3A,짐에브리원,서초구,exercise_body,public_license_registry,OA-16142,체력단련장업,,3210000,CDFH3301062021000024,"서울특별시 서초구 서초대로 3-4, 413-1호 (방배동, 방배디오슈페리움1)",서울특별시 서초구 방배동 3001-2 방배디오슈페리움1,영업/정상
V8BA69674DB12,제이슨의 V트레이닝(체대친구들 오프라인센터),강남구,exercise_body,public_license_registry,OA-16142,체력단련장업,,3220000,CDFH3301062020000005,"서울특별시 강남구 삼성로71길 12, 주원빌딩 지하1층 (대치동)",서울특별시 강남구 대치동 912-28 주원빌딩,영업/정상
V8C3320A9AE69,내방현대한의원,서초구,medical_wellness,public_license_registry,OA-16480,한의원,"한방내과, 한방부인과, 한방소아과, 한방안?이비인후?피부과, 한방신경정신과, 한방재활의학과, 사상체질과, 침구과",3210000,PHMA120223210034041100091,"서울특별시 서초구 서초대로24길 4, 2층 (방배동)",서울특별시 서초구 방배동 937-23,영업/정상
V8C43A49F1397,스카이스포츠,서초구,exercise_body,public_license_registry,OA-16142,체력단련장업,,3210000,CDFH3301062009000006,"서울특별시 서초구 남부순환로339길 72  (서초동,(지1층))",서울특별시 서초구 서초동 1439-1 (지1층),영업/정상
V8C6AEA258A86,엠투헬스클럽(70),강남구,exercise_body,public_license_registry,OA-16142,체력단련장업,,3220000,CDFH3301062001000007,서울특별시 강남구 논현로 626  (논현동),서울특별시 강남구 논현동 221-5,영업/정상
V8C924EF03740,크로스핏 샷,송파구,exercise_body,public_license_registry,OA-16142,체력단련장업,,3230000,CDFH3301062024000020,"서울특별시 송파구 백제고분로 383, 성일빌딩 지하1층 (송파동)",서울특별시 송파구 송파동 19-7 성일빌딩 지하1층,영업/정상
V8C973C6CFF78,숀리엔한진 네츄럴 바디스쿨,강남구,exercise_body,public_license_registry,OA-16142,체력단련장업,,3220000,CDFH3301062020000002,"서울특별시 강남구 도곡로 458, 정일빌딩 지하, 2층 202호 (대치동)",서울특별시 강남구 대치동 1021-6 정일빌딩,영업/정상
V8CFE151699C5,레인지 엑스 서래,서초구,exercise_body,public_license_registry,OA-16142,체력단련장업,,3210000,CDFH3301062025000025,"서울특별시 서초구 사평대로 140, 코웰빌딩 B3층 (반포동)",서울특별시 서초구 반포동 66-1 코웰빌딩,영업/정상
V8D09B74CF492,바디스쿨(350),강남구,exercise_body,public_license_registry,OA-16142,체력단련장업,,3220000,CDFH3301062014000002,서울특별시 강남구 선릉로146길 15 (청담동),서울특별시 강남구 청담동 22-16 2층,영업/정상
V8D19AE6C10F2,태이재한의원,강남구,medical_wellness,public_license_registry,OA-16480,한의원,"한방내과, 한방부인과, 한방소아과, 한방신경정신과, 한방재활의학과, 사상체질과, 침구과",3220000,PHMA120253220033041100078,"서울특별시 강남구 학동로 165, 213호 (논현동, 마일스디오빌)",,영업/정상
V8D2677B4299F,아테뮤 피티 스튜디오 (ATEMU PT STUDIO),서초구,exercise_body,public_license_registry,OA-16142,체력단련장업,,3210000,CDFH3301062026000004,"서울특별시 서초구 반포대로14길 71, LG서초에클라트 201호 (서초동)",서울특별시 서초구 서초동 1599-2 LG서초에클라트,영업/정상
V8D5D2958AC3B,애니타임 피트니스,서초구,exercise_body,public_license_registry,OA-16142,체력단련장업,,3210000,CDFH3301062024000007,"서울특별시 서초구 효령로 426, 지하1층 (서초동)",서울특별시 서초구 서초동 1340-1,영업/정상
V8D5FAB3D88A2,마커스 그래비티,서초구,exercise_body,public_license_registry,OA-16142,체력단련장업,,3210000,CDFH3301062024000030,"서울특별시 서초구 서초대로25길 50, 2층 (방배동)",서울특별시 서초구 방배동 850-9,영업/정상
V8D74617C195B,반포짐 PT&헬스 서초,서초구,exercise_body,public_license_registry,OA-16142,체력단련장업,,3210000,CDFH3301062021000032,"서울특별시 서초구 반포대로 106, 태홍빌딩 지층 (서초동)",서울특별시 서초구 서초동 1543-9 태홍빌딩,영업/정상
V8D796D51AD6D,아름경희한의원,강남구,medical_wellness,public_license_registry,OA-16480,한의원,"한방내과, 한방부인과, 한방소아과, 한방안?이비인후?피부과, 한방신경정신과, 한방재활의학과, 사상체질과, 침구과",3220000,PHMA120233220033041100146,"서울특별시 강남구 학동로6길 8, 1층 (논현동)",,영업/정상
V8D81CFA8DD6B,대치서울정형외과의원,강남구,medical_wellness,public_license_registry,OA-16480,의원,"정형외과, 신경외과, 마취통증의학과, 재활의학과",3220000,PHMA120223220033041100044,"서울특별시 강남구 남부순환로 2947, 대원빌딩 6층 (대치동)",서울특별시 강남구 대치동 599 대원빌딩,영업/정상
V8DA832033DF6,라일락 여성 전용 사우나,서초구,relax_recovery,public_license_registry,OA-16146,공동탕업+찜질시설서비스영업,,3210000,3210000-202-2018-00001,"서울특별시 서초구 사평대로55길 47, 지하1층 (반포동)",서울특별시 서초구 반포동 734-26 지하1,영업/정상
V8DBD331EBAAA,임철홍한의원,송파구,medical_wellness,public_license_registry,OA-16480,한의원,"한방내과, 한방부인과, 한방소아과, 한방안?이비인후?피부과, 한방신경정신과, 한방재활의학과, 사상체질과, 침구과",3230000,PHMA120023230034041101111,"서울특별시 송파구 올림픽로 203, 301-303호 (잠실동, 주공아파트상가)",서울특별시 송파구 잠실동 27번지 6호,영업/정상
V8DC9366789AA,비버스필라테스,송파구,exercise_body,public_license_registry,OA-16142,체력단련장업,,3230000,CDFH3301062024000030,"서울특별시 송파구 마천로45길 7, 2층 201호 (마천동)",서울특별시 송파구 마천동 128-113,영업/정상
V8DE297FEC4C5,제애정형외과의원,서초구,medical_wellness,public_license_registry,OA-16480,의원,"정형외과, 마취통증의학과, 재활의학과",3210000,PHMA120243210034041100092,"서울특별시 서초구 강남대로 489, 제애정형외과타워 3~11층 (반포동)",서울특별시 서초구 반포동 737-10 제애정형외과타워,영업/정상
V8DED273DD924,우태율한의원,강남구,medical_wellness,public_license_registry,OA-16480,한의원,"한방내과, 한방부인과, 한방소아과, 한방안?이비인후?피부과, 한방신경정신과, 한방재활의학과, 사상체질과, 침구과",3220000,PHMA119963220033041101790,서울특별시 강남구 남부순환로377길 3(도곡동),,영업/정상
V8DF6593E8FDE,제로짐,송파구,exercise_body,public_license_registry,OA-16142,체력단련장업,,3230000,CDFH3301062024000041,"서울특별시 송파구 거마로2길 3-5, 지하1층 (거여동)",서울특별시 송파구 거여동 42-8,영업/정상
V8E1E5A806B0D,AIM-FIT(에임핏),강남구,exercise_body,public_license_registry,OA-16142,체력단련장업,,3220000,CDFH3301062021000036,"서울특별시 강남구 논현로152길 37, 한서빌딩 3층 (신사동)",서울특별시 강남구 신사동 589-18 한서빌딩,영업/정상
V8E36A2FFE215,월화수한의원,강남구,medical_wellness,public_license_registry,OA-16480,한의원,"한방내과, 한방부인과, 한방소아과, 한방안?이비인후?피부과, 한방신경정신과, 한방재활의학과, 사상체질과, 침구과",3220000,PHMA120213220033041100045,"서울특별시 강남구 봉은사로4길 36, 운현빌딩 4층 1호 (역삼동)",,영업/정상
V8E467E1A9C82,라이즈업 피트니스 우먼,송파구,exercise_body,public_license_registry,OA-16142,체력단련장업,,3230000,CDFH3301062024000007,"서울특별시 송파구 새말로8길 25, 지하1층 (문정동)",서울특별시 송파구 문정동 76-2 지하1층,영업/정상
V8E6BB4778566,압구정린바디한의원,강남구,medical_wellness,public_license_registry,OA-16480,한의원,"한방내과, 한방부인과, 한방소아과, 한방안?이비인후?피부과, 한방신경정신과, 한방재활의학과, 사상체질과, 침구과",3220000,PHMA120243220033041100242,"서울특별시 강남구 압구정로28길 21, 4층 (신사동)",,영업/정상
V8E6E9FBBCFB8,강남의원,송파구,medical_wellness,public_license_registry,OA-16480,의원,"내과, 외과, 정형외과, 성형외과, 마취통증의학과, 산부인과, 소아청소년과, 피부과, 가정의학과",3230000,PHMA120113230034041100044,"서울특별시 송파구 마천로51길 2, 2층 (마천동, 수정빌딩)",,영업/정상
V8E87EE6C46C8,베드로크리닉(413),강남구,exercise_body,public_license_registry,OA-16142,체력단련장업,,3220000,CDFH3301062015000015,"서울특별시 강남구 남부순환로 2633, 지층 B102호 (도곡동)",서울특별시 강남구 도곡동 914-2 지층 B102호,영업/정상
V8E9E1682C28B,제이무브먼트,송파구,exercise_body,public_license_registry,OA-16142,체력단련장업,,3230000,CDFH3301062026000014,"서울특별시 송파구 백제고분로7길 6, 4층 401호 (잠실동)",서울특별시 송파구 잠실동 195,영업/정상
V8EBC712AC29B,황제한의원,송파구,medical_wellness,public_license_registry,OA-16480,한의원,"한방내과, 한방부인과, 한방소아과, 한방안?이비인후?피부과, 한방신경정신과, 한방재활의학과, 사상체질과, 침구과",3230000,PHMA119943230034041100536,서울특별시 송파구 삼학사로 52 (석촌동),,영업/정상
V8EC53A34EF27,맑은숲한의원,송파구,medical_wellness,public_license_registry,OA-16480,한의원,"한방내과, 한방부인과, 한방소아과, 한방안?이비인후?피부과, 한방신경정신과, 한방재활의학과, 사상체질과, 침구과",3230000,PHMA120113230034041100028,"서울특별시 송파구 올림픽로 119 (잠실동, 파인애플상가 4층 제B16호)",,영업/정상
V8ECA8E4DCBB8,렛츠핏 개포점,강남구,exercise_body,public_license_registry,OA-16142,체력단련장업,,3220000,CDFH3301062024000016,"서울특별시 강남구 개포로 209, 서호빌딩 지하1층 (개포동)",서울특별시 강남구 개포동 1246 서호빌딩,영업/정상
V8ECC7501A2A2,송파마음한의원,송파구,medical_wellness,public_license_registry,OA-16480,한의원,"한방내과, 한방부인과, 한방소아과, 한방안?이비인후?피부과, 한방신경정신과, 한방재활의학과, 사상체질과, 침구과",3230000,PHMA120073230034041101430,"서울특별시 송파구 백제고분로48길 10, 201호 (방이동)",,영업/정상
V8EF1E1750E53,이립마취통증의학과의원,서초구,medical_wellness,public_license_registry,OA-16480,의원,"내과, 신경과, 정신건강의학과, 외과, 정형외과, 신경외과, 심장혈관흉부외과, 성형외과, 마취통증의학과, 소아청소년과, 안과, 이비인후과, 피부과, 비뇨의학과, 진단검사의학과, 재활의학과, 가정의학과, 응급의학과",3210000,PHMA120183210034041100051,"서울특별시 서초구 강남대로51길 1, 511 TOWER 3층 (서초동)",서울특별시 서초구 서초동 1338번지 11호 511 TOWER,영업/정상
V8EF5347001E3,채도한의원,서초구,medical_wellness,public_license_registry,OA-16480,한의원,"한방내과, 한방부인과, 한방소아과, 한방안?이비인후?피부과, 한방신경정신과, 한방재활의학과, 사상체질과, 침구과",3210000,PHMA120253210034041100111,"서울특별시 서초구 동작대로 50, 대일빌딩 2층 (방배동)",서울특별시 서초구 방배동 440-7 대일빌딩,영업/정상
V8F06D337DA92,센텀메디의원,강남구,medical_wellness,public_license_registry,OA-16480,의원,"내과, 정형외과, 소아청소년과, 이비인후과, 피부과, 가정의학과",3220000,PHMA120103220033041100163,"서울특별시 강남구 선릉로63길 9, 백림빌딩 2층 (역삼동)",서울특별시 강남구 역삼동 765-2 백림빌딩,영업/정상
V8F0B8312CED5,경희길한의원,송파구,medical_wellness,public_license_registry,OA-16480,한의원,"한방내과, 한방부인과, 한방소아과, 한방안?이비인후?피부과, 한방신경정신과, 한방재활의학과, 사상체질과, 침구과",3230000,PHMA120073230034041101418,"서울특별시 송파구 석촌호수로 133, 레이크팰리스 303,304호 (잠실동)",,영업/정상
V8F4223F1AEB8,애니타임피트니스 잠실본동점,송파구,exercise_body,public_license_registry,OA-16142,체력단련장업,,3230000,CDFH3301062019000024,서울특별시 송파구 백제고분로 101 (주)서일빌딩 1층 (잠실동),서울특별시 송파구 잠실동 222 (주)서일빌딩,영업/정상
V8F47D80365C9,더 웰짐,송파구,exercise_body,public_license_registry,OA-16142,체력단련장업,,3230000,CDFH3301062016000010,서울특별시 송파구 오금로35길 14 (오금동),서울특별시 송파구 오금동 46-2,영업/정상
V8F73C1CE8609,BALANCED,강남구,exercise_body,public_license_registry,OA-16142,체력단련장업,,3220000,CDFH3301062023000025,"서울특별시 강남구 선릉로135길 4, 지하2층 (논현동)",서울특별시 강남구 논현동 111-37,영업/정상
V8F789F9D9222,STEADY(스테디),강남구,exercise_body,public_license_registry,OA-16142,체력단련장업,,3220000,CDFH3301062013000008,"서울특별시 강남구 도산대로35길 39, 지하1층 (신사동)",서울특별시 강남구 신사동 600-6,영업/정상
V8F7B189608DF,모 핏 (MO Fit),송파구,exercise_body,public_license_registry,OA-16142,체력단련장업,,3230000,CDFH3301062023000010,"서울특별시 송파구 백제고분로7길 54, 2층 (잠실동)",서울특별시 송파구 잠실동 185-7,영업/정상
V8FA33E7EA9E8,다본재활의학과의원,서초구,medical_wellness,public_license_registry,OA-16480,의원,"내과, 정형외과, 신경외과, 마취통증의학과, 재활의학과",3210000,PHMA120243210034041100108,"서울특별시 서초구 강남대로 507, 2층 (반포동)",서울특별시 서초구 반포동 736-6,영업/정상
V8FAFE02EEE12,본디한의원,강남구,medical_wellness,public_license_registry,OA-16480,한의원,"한방내과, 한방부인과, 한방소아과, 한방안?이비인후?피부과, 한방신경정신과, 한방재활의학과, 사상체질과, 침구과",3220000,PHMA120213220033041100110,"서울특별시 강남구 논현로 509, 송암II빌딩 3층 일부층 (역삼동)",,영업/정상
V8FD64D1B8F2E,옵티멈스포츠클럽,송파구,relax_recovery,public_license_registry,OA-16146,공동탕업,,3230000,3230000-202-2007-00001,"서울특별시 송파구 올림픽로35가길 16, 5층 (신천동)",서울특별시 송파구 신천동 7-12 5층,영업/정상
V8FE4D46B5FEE,반포서울재활의학과의원,서초구,medical_wellness,public_license_registry,OA-16480,의원,"내과, 정형외과, 신경외과, 마취통증의학과, 재활의학과",3210000,PHMA120213210034041100110,"서울특별시 서초구 고무래로 26, 쌍동빌딩 4층 (반포동)",서울특별시 서초구 반포동 52-1 쌍동빌딩,영업/정상
V90097454F813,양재온한의원,서초구,medical_wellness,public_license_registry,OA-16480,한의원,"한방내과, 한방부인과, 한방소아과, 한방안?이비인후?피부과, 한방신경정신과, 한방재활의학과, 사상체질과, 침구과",3210000,PHMA120223210034041100125,"서울특별시 서초구 논현로 75, 유로빌딩 2층 (양재동)",,영업/정상
V901A960AA04F,주식회사 자마이카휘트니스,서초구,relax_recovery,public_license_registry,OA-16146,공동탕업,,3210000,3210000-202-2021-00003,"서울특별시 서초구 방배로 226, 넥센강남타워 지하2층 (방배동)",서울특별시 서초구 방배동 796-27 넥센강남타워 지하2층,영업/정상
V9025E44881CD,신우신경외과재활의학과의원,강남구,medical_wellness,public_license_registry,OA-16480,의원,"내과, 정형외과, 신경외과, 성형외과, 마취통증의학과, 피부과, 재활의학과, 가정의학과",3220000,PHMA120133220033041100002,"서울특별시 강남구 도산대로 318, SB타워 5층 (논현동)",서울특별시 강남구 논현동 92 SB타워,영업/정상
V903520D43E2D,도연한의원,강남구,medical_wellness,public_license_registry,OA-16480,한의원,"한방내과, 한방부인과, 한방소아과, 한방안?이비인후?피부과, 한방신경정신과, 한방재활의학과, 사상체질과, 침구과",3220000,PHMA120193220033041100023,"서울특별시 강남구 논현로28길 53, 4층 (도곡동)",서울특별시 강남구 도곡동 420-11,영업/정상
V904862C61C39,잭스 피트니스,강남구,exercise_body,public_license_registry,OA-16142,체력단련장업,,3220000,CDFH3301062005000002,서울특별시 강남구 논현로116길 6 (논현동),서울특별시 강남구 논현동 228-4,영업/정상
V904C10B45A94,송암한의원,서초구,medical_wellness,public_license_registry,OA-16480,한의원,"한방내과, 한방부인과, 한방소아과, 한방안?이비인후?피부과, 한방신경정신과, 한방재활의학과, 사상체질과, 침구과",3210000,PHMA120013210034041100023,"서울특별시 서초구 고무래로 18-4, 송암아쿠아센터 (반포동)",,영업/정상
V904D7718A19C,더바디코치,서초구,exercise_body,public_license_registry,OA-16142,체력단련장업,,3210000,CDFH3301062021000005,"서울특별시 서초구 신반포로 205, 반포쇼핑타운 6동 5층 4,5호 (잠원동)",서울특별시 서초구 잠원동 69-12 반포쇼핑타운,영업/정상
V907283DD9F46,자성당한의원,송파구,medical_wellness,public_license_registry,OA-16480,한의원,"한방내과, 한방부인과, 한방소아과, 한방안?이비인후?피부과, 침구과",3230000,PHMA120253230034041100036,"서울특별시 송파구 위례성대로18길 33, 3층 (방이동)",서울특별시 송파구 방이동 207-5,영업/정상
V907B0220B2EB,드림팩토리(Dream Factory),서초구,exercise_body,public_license_registry,OA-16142,체력단련장업,,3210000,CDFH3301062012000012,"서울특별시 서초구 잠원로 148 (잠원동, 잠원연합상가 지하1층)",서울특별시 서초구 잠원동 56-3 잠원연합상가 지하1층,영업/정상
V9090F40D1D9A,온유한의원,서초구,medical_wellness,public_license_registry,OA-16480,한의원,"한방내과, 한방부인과, 한방소아과, 한방안?이비인후?피부과, 한방신경정신과, 한방재활의학과, 사상체질과, 침구과",3210000,PHMA120113210034041100014,"서울특별시 서초구 서초대로 240, 208~210호 (서초동, 서초동동일하이빌)","서울특별시 서초구 서초동 1542번지 1호 208,209호,210호",영업/정상
V90917261BBCC,역삼생생본의원?한의원,강남구,medical_wellness,public_license_registry,OA-16480,한의원,한방재활의학과,3220000,PHMA120213220033041100162,"서울특별시 강남구 논현로93길 3, 호양빌딩 2,3,4,5,6층 (역삼동)",서울특별시 강남구 역삼동 642-5 호양빌딩,영업/정상
V909E56B43059,180(일팔공)한의원,송파구,medical_wellness,public_license_registry,OA-16480,한의원,"한방내과, 한방부인과, 한방소아과, 한방안?이비인후?피부과, 한방신경정신과, 한방재활의학과, 사상체질과, 침구과",3230000,PHMA120233230034041100036,"서울특별시 송파구 송파대로 141, 르피에드 213호,216~222호 (문정동)",,영업/정상
V909E878BF39C,팀티그르,송파구,exercise_body,public_license_registry,OA-16142,체력단련장업,,3230000,CDFH3301062025000028,"서울특별시 송파구 중대로9길 62, 3층 (가락동)",서울특별시 송파구 가락동 72-13 공육이오 빌딩,영업/정상
V90B2FABB1A54,손지훈한의원,강남구,medical_wellness,public_license_registry,OA-16480,한의원,"한방내과, 한방부인과, 한방소아과, 한방안?이비인후?피부과, 한방신경정신과, 한방재활의학과, 사상체질과, 침구과",3220000,PHMA120093220033041100235,"서울특별시 강남구 압구정로 310, 고려빌딩 2층 (신사동)",서울특별시 강남구 신사동 638-5 고려빌딩,영업/정상
V90CE9C4ACBC2,잠실강원한의원,송파구,medical_wellness,public_license_registry,OA-16480,한의원,"한방내과, 한방부인과, 한방소아과, 한방안?이비인후?피부과, 한방신경정신과, 한방재활의학과, 사상체질과, 침구과",3230000,PHMA120113230034041100042,"서울특별시 송파구 백제고분로 130 (잠실동,덕양빌딩 2층)",,영업/정상
V90D7941DC716,서울베스트외과의원,강남구,medical_wellness,public_license_registry,OA-16480,의원,"내과, 외과, 정형외과, 신경외과, 성형외과, 마취통증의학과, 이비인후과, 피부과, 영상의학과, 재활의학과, 가정의학과, 응급의학과",3220000,PHMA120193220033041100193,"서울특별시 강남구 테헤란로 109, 강남제일빌딩 7층 (역삼동)",서울특별시 강남구 역삼동 822번지 4호 강남제일빌딩,영업/정상
V9100414F66CA,삼정한의원,강남구,medical_wellness,public_license_registry,OA-16480,한의원,"한방내과, 한방부인과, 한방소아과, 한방안?이비인후?피부과, 한방신경정신과, 한방재활의학과, 침구과",3220000,PHMA120113220033041100187,"서울특별시 강남구 개포로 221, 네비스빌딩 5층 (개포동)",서울특별시 강남구 개포동 1258 네비스빌딩 5층,영업/정상
V910CF07DAEDE,나라한의원,송파구,medical_wellness,public_license_registry,OA-16480,한의원,"한방내과, 한방부인과, 한방소아과, 한방안?이비인후?피부과, 한방신경정신과, 한방재활의학과, 사상체질과, 침구과",3230000,PHMA120143230034041100044,"서울특별시 송파구 오금로 512, 203호 (거여동, 쌍용아파트상가)",서울특별시 송파구 거여동 27번지 5호 203호,영업/정상
V9111668942A1,진핏 PT 스튜디오,서초구,exercise_body,public_license_registry,OA-16142,체력단련장업,,3210000,CDFH3301062017000006,"서울특별시 서초구 서초중앙로 87 (서초동, 지하2층)",,영업/정상
V91758354896C,(주) 위메이드핏 문정법조타운점,송파구,exercise_body,public_license_registry,OA-16142,체력단련장업,,3230000,CDFH3301062016000016,"서울특별시 송파구 새말로 62, 지하1층 B06호 (문정동, 송파 푸르지오시티)",,영업/정상
V91830746376A,잠실피트니스,송파구,exercise_body,public_license_registry,OA-16142,체력단련장업,,3230000,CDFH3301062017000003,"서울특별시 송파구 송파대로 562, 지하1층 (신천동, 한빛프라자,삼성웰리스아파트)",서울특별시 송파구 신천동 7-17,영업/정상
V9193335DC90A,스피크재활의학과의원,송파구,medical_wellness,public_license_registry,OA-16480,의원,"내과, 신경과, 외과, 정형외과, 신경외과, 심장혈관흉부외과, 성형외과, 마취통증의학과, 소아청소년과, 이비인후과, 피부과, 비뇨의학과, 영상의학과, 병리과, 진단검사의학과, 재활의학과, 가정의학과, 응급의학과, 예방의학과",3230000,PHMA120163230034041100033,"서울특별시 송파구 백제고분로 121, 베네빌딩 2~6, 8층 (잠실동)",서울특별시 송파구 잠실동 222-9 베네빌딩,영업/정상
V91ABE4AECC30,애플피트니스,서초구,exercise_body,public_license_registry,OA-16142,체력단련장업,,3210000,CDFH3301062024000009,"서울특별시 서초구 명달로 104, 모짜르트홀 101호 (서초동)",서울특별시 서초구 서초동 1515-3 모짜르트홀 101호,영업/정상
V91CB4ED0F174,슈퍼바디짐헬스&PT압구정점,강남구,exercise_body,public_license_registry,OA-16142,체력단련장업,,3220000,CDFH3301062022000026,"서울특별시 강남구 압구정로22길 10, 양남빌딩 지하1층 (신사동)",서울특별시 강남구 신사동 572,영업/정상
V91D4C3C84D9F,비타민한의원,서초구,medical_wellness,public_license_registry,OA-16480,한의원,"한방내과, 한방부인과, 한방소아과, 한방안?이비인후?피부과, 한방신경정신과, 한방재활의학과, 사상체질과, 침구과",3210000,PHMA120173210034041100042,"서울특별시 서초구 강남대로 341, 5층 (서초동, 삼원빌딩)",,영업/정상
V920B616F5D13,일중한의원,서초구,medical_wellness,public_license_registry,OA-16480,한의원,"한방내과, 한방부인과, 한방소아과, 한방안?이비인후?피부과, 한방신경정신과, 한방재활의학과, 사상체질과, 침구과",3210000,PHMA120243210034041100039,"서울특별시 서초구 강남대로 224, 201호 (양재동, 양재한신휴플러스)",서울특별시 서초구 양재동 12-10 양재한신휴플러스 201호,영업/정상
V920D9B41BA63,바디스 20 EMS(406),강남구,exercise_body,public_license_registry,OA-16142,체력단련장업,,3220000,CDFH3301062015000008,"서울특별시 강남구 도산대로 226, 3층 (논현동)",서울특별시 강남구 논현동 61-6 3층,영업/정상
V921ED736C1C2,송파문정단단정형외과의원,송파구,medical_wellness,public_license_registry,OA-16480,의원,"정형외과, 신경외과, 마취통증의학과, 재활의학과",3230000,PHMA120183230034041100028,"서울특별시 송파구 법원로 128, 문정역SKV1 C동 308호 (문정동)",서울특별시 송파구 문정동 642-3 문정역SKV1,영업/정상
V924C7F485F0D,서울생생정형외과의원,강남구,medical_wellness,public_license_registry,OA-16480,의원,"정형외과, 신경외과, 마취통증의학과, 재활의학과",3220000,PHMA120153220033041100090,"서울특별시 강남구 테헤란로87길 13, 서영빌딩 11층 1101호 (삼성동)",서울특별시 강남구 삼성동 158-12 서영빌딩 1101호,영업/정상
V925224B6F3C1,역삼동점 스포애니 (주)케이디헬스케어,강남구,exercise_body,public_license_registry,OA-16142,체력단련장업,,3220000,CDFH3301062008000002,"서울특별시 강남구 도곡로 205 (역삼동,원경빌딩 B1)",서울특별시 강남구 역삼동 788-16 원경빌딩 B1,영업/정상
V92593F39CF66,최민형소아한의원,송파구,medical_wellness,public_license_registry,OA-16480,한의원,"한방내과, 한방부인과, 한방소아과, 한방안?이비인후?피부과, 한방신경정신과, 한방재활의학과, 사상체질과, 침구과",3230000,PHMA120213230034041100002,"서울특별시 송파구 올림픽로 145, 리센츠상가 3A24호 (잠실동)",,영업/정상
V926AC6F015EF,(주)제이브로짐,강남구,exercise_body,public_license_registry,OA-16142,체력단련장업,,3220000,CDFH3301062016000034,"서울특별시 강남구 선릉로148길 40, B1층 (청담동)",서울특별시 강남구 청담동 20-13 B1층,영업/정상
V92AD422AB2CB,콕스다이어트,송파구,exercise_body,public_license_registry,OA-16142,체력단련장업,,3230000,CDFH3301062016000002,서울특별시 송파구 새말로 114 (문정동),서울특별시 송파구 문정동 83-22,영업/정상
V92E38D0E61D7,한성기업(주)르네상스휘트니스클럽,송파구,exercise_body,public_license_registry,OA-16142,체력단련장업,,3230000,CDFH3301062002000018,서울특별시 송파구 오금로 307 (오금동),서울특별시 송파구 오금동 45-0,영업/정상
V92FB9702E50F,개포민마취통증의학과의원,강남구,medical_wellness,public_license_registry,OA-16480,의원,"정형외과, 신경외과, 마취통증의학과, 재활의학과",3220000,PHMA120233220033041100022,"서울특별시 강남구 개포로 623, 대청타워 234,234-1호 (개포동)","서울특별시 강남구 개포동 13-3 대청타워 234,234-1호",영업/정상
V932E06D66650,연세아이미스템의원,강남구,medical_wellness,public_license_registry,OA-16480,의원,"신경과, 정형외과, 신경외과, 성형외과, 마취통증의학과, 산부인과, 피부과, 가정의학과",3220000,PHMA120243220033041100054,"서울특별시 강남구 테헤란로 120, 상경빌딩 9층 (역삼동)",서울특별시 강남구 역삼동 824-20 상경빌딩,영업/정상
V933D52535131,잠원스포츠파크,서초구,exercise_body,public_license_registry,OA-16142,체력단련장업,,3210000,CDFH3301062015000008,서울특별시 서초구 신반포로23길 66 (잠원동),서울특별시 서초구 잠원동 71-10,영업/정상
V933DB8EFD33A,개포삼성정형외과의원,강남구,medical_wellness,public_license_registry,OA-16480,의원,"정형외과, 신경외과, 마취통증의학과, 재활의학과",3220000,PHMA120223220033041100157,"서울특별시 강남구 개포로 615, 석탑프라자 지하1층 B101,B103호 (개포동)","서울특별시 강남구 개포동 12-4 석탑프라자 지하1층 B101,B103",영업/정상
V93735B161EEC,JB GYM,송파구,exercise_body,public_license_registry,OA-16142,체력단련장업,,3230000,CDFH3301062023000030,"서울특별시 송파구 가락로 277, 지하1층 (방이동)",서울특별시 송파구 방이동 159-6,영업/정상
V9388D03E3E50,이석휴정형외과의원,강남구,medical_wellness,public_license_registry,OA-16480,의원,정형외과,3220000,PHMA119983220033041100220,"서울특별시 강남구 남부순환로 2935, 3층 (대치동, 대치 프라자)",서울특별시 강남구 대치동 605번지 3층,영업/정상
V938AF244109B,에이지의원,강남구,medical_wellness,public_license_registry,OA-16480,의원,"내과, 피부과, 비뇨의학과, 재활의학과",3220000,PHMA120093220033041100238,"서울특별시 강남구 논현로 820, 제이씨빌딩 3층 (신사동)",서울특별시 강남구 신사동 591-16 제이씨빌딩,영업/정상
V939BDBB84074,마디랑정형외과의원,강남구,medical_wellness,public_license_registry,OA-16480,의원,정형외과,3220000,PHMA120153220033041100038,"서울특별시 강남구 선릉로 422, 2,3층 (대치동, 전우빌딩)","서울특별시 강남구 대치동 897번지 2호 전우빌딩 2층,3층",영업/정상
V93CCB7C12DC9,강남역1호점 스포애니 (주)케이디헬스케어,강남구,exercise_body,public_license_registry,OA-16142,체력단련장업,,3220000,CDFH3301062007000001,"서울특별시 강남구 강남대로78길 8 (역삼동,한국빌딩 지하2층)",서울특별시 강남구 역삼동 831-3 한국빌딩 지하2층,영업/정상
V93D65CE201D2,다이즐한의원,강남구,medical_wellness,public_license_registry,OA-16480,한의원,"한방내과, 한방부인과, 한방소아과, 한방안?이비인후?피부과, 한방신경정신과, 한방재활의학과, 사상체질과, 침구과",3220000,PHMA120203220033041100127,"서울특별시 강남구 강남대로84길 8, 우인빌딩 10층 (역삼동)",,영업/정상
V93D6E2E366B9,청연한의원,강남구,medical_wellness,public_license_registry,OA-16480,한의원,"한방내과, 한방부인과, 한방소아과, 한방안?이비인후?피부과, 한방신경정신과, 한방재활의학과, 사상체질과, 침구과",3220000,PHMA119973220033041101792,"서울특별시 강남구 논현로 404, 정안빌딩 202호 (역삼동)",서울특별시 강남구 역삼동 734-17 정안빌딩 202호,영업/정상
V93DF781FFC81,머슬마인드 신사점,강남구,exercise_body,public_license_registry,OA-16142,체력단련장업,,3220000,CDFH3301062025000041,"서울특별시 강남구 강남대로 594, 대림빌딩 지하1층 (논현동)",서울특별시 강남구 논현동 17-8 대림빌딩,영업/정상
V93E6C67A0AAC,케이플러스청담의원,강남구,medical_wellness,public_license_registry,OA-16480,의원,"내과, 신경과, 정형외과, 신경외과, 안과, 가정의학과",3220000,PHMA120163220033041100170,"서울특별시 강남구 도산대로 333, K+ 메디칼타워 2,3,13층 (신사동)",서울특별시 강남구 신사동 666-16 K+ 메디칼타워,영업/정상
V93E8D7398DCB,삼족오한의원,송파구,medical_wellness,public_license_registry,OA-16480,한의원,"한방내과, 한방부인과, 한방소아과, 한방안?이비인후?피부과, 한방신경정신과, 한방재활의학과, 사상체질과, 침구과",3230000,PHMA120013230034041101015,"서울특별시 송파구 송파대로43길 15, 3층 (석촌동)",,영업/정상
V94350E78CB65,뉴거평힐링24시찜질방,강남구,relax_recovery,public_license_registry,OA-16146,목욕장업 기타,,3220000,3220000-202-2011-00002,"서울특별시 강남구 봉은사로 129-1, 지하1층,지하2층 (논현동, 751빌딩)",서울특별시 강남구 논현동 203,영업/정상
V943714044282,행복한아이정신건강의학과의원,서초구,medical_wellness,public_license_registry,OA-16480,의원,"신경과, 정신건강의학과, 재활의학과",3210000,PHMA120183210034041100069,"서울특별시 서초구 서초중앙로 145, 중산빌딩 2층 201호 (서초동)",서울특별시 서초구 서초동 1714번지 20호 중산빌딩,영업/정상
V9438347AAF4B,경희한의원,서초구,medical_wellness,public_license_registry,OA-16480,한의원,"한방내과, 한방부인과, 한방소아과, 한방안?이비인후?피부과, 한방신경정신과, 한방재활의학과, 사상체질과, 침구과",3210000,PHMA119923210034041100002,서울특별시 서초구 서초중앙로 230 (반포동),,영업/정상
V9444F539CC07,을지한의원,서초구,medical_wellness,public_license_registry,OA-16480,한의원,"한방내과, 한방부인과, 한방소아과, 한방안?이비인후?피부과, 한방신경정신과, 한방재활의학과, 사상체질과, 침구과",3210000,PHMA119923210034041100013,서울특별시 서초구 동작대로 194 (방배동),서울특별시 서초구 방배동 782번지 1호 1층,영업/정상
V9455A328C21A,풍천재한의원,강남구,medical_wellness,public_license_registry,OA-16480,한의원,"한방내과, 한방부인과, 한방소아과, 한방안?이비인후?피부과, 한방신경정신과, 한방재활의학과, 사상체질과, 침구과",3220000,PHMA120193220033041100014,"서울특별시 강남구 학동로50길 42, 3층 (논현동)",서울특별시 강남구 논현동 255-5,영업/정상
V947B762F7C0E,잠실123한의원,송파구,medical_wellness,public_license_registry,OA-16480,한의원,"한방내과, 한방부인과, 한방소아과, 한방안?이비인후?피부과, 한방신경정신과, 한방재활의학과, 사상체질과, 침구과",3230000,PHMA120143230034041100040,"서울특별시 송파구 송파대로 453, 레이크빌 빌딩 (석촌동)",서울특별시 송파구 석촌동 184번지 7호 레이크빌 빌딩,영업/정상
V949F433F51B1,바른턱경희정함한의원,강남구,medical_wellness,public_license_registry,OA-16480,한의원,"한방내과, 한방부인과, 한방소아과, 한방안?이비인후?피부과, 한방신경정신과, 한방재활의학과, 사상체질과, 침구과",3220000,PHMA120053220033041101915,"서울특별시 강남구 논현로 841, 제이비 미소 빌딩 2층 201호 (신사동)",서울특별시 강남구 신사동 583-3 제이비 미소 빌딩,영업/정상
V94AE53B65F29,DIVE GYM PRIVATE,강남구,exercise_body,public_license_registry,OA-16142,체력단련장업,,3220000,CDFH3301062022000015,"서울특별시 강남구 역삼로52길 14, 도곡프라자 3층 (역삼동)",서울특별시 강남구 역삼동 754-2 도곡프라자,영업/정상
V94C647EC408C,경희바로추한의원,서초구,medical_wellness,public_license_registry,OA-16480,한의원,"한방내과, 한방부인과, 한방소아과, 한방안?이비인후?피부과, 한방신경정신과, 한방재활의학과, 사상체질과, 침구과",3210000,PHMA120163210034041100019,"서울특별시 서초구 방배로19길 9, 1층 (방배동, 방배퍼실리티)",,영업/정상
V950A1281F44C,라인앤코한의원,서초구,medical_wellness,public_license_registry,OA-16480,한의원,"한방내과, 한방부인과, 한방소아과, 한방안?이비인후?피부과, 한방신경정신과, 한방재활의학과, 사상체질과, 침구과",3210000,PHMA120243210034041100121,"서울특별시 서초구 서초대로77길 13, 강남빌딩 5층 (서초동)",,영업/정상
V9531CEBB6277,필립P.T.S,강남구,exercise_body,public_license_registry,OA-16142,체력단련장업,,3220000,CDFH3301062026000018,"서울특별시 강남구 언주로170길 16, 5층 (신사동)",서울특별시 강남구 신사동 644,영업/정상
V9532969B31CB,TACHYON,강남구,exercise_body,public_license_registry,OA-16142,체력단련장업,,3220000,CDFH3301062024000033,"서울특별시 강남구 개포로20길 8, 지하1층 (개포동)",서울특별시 강남구 개포동 1237-11,영업/정상
V95DA7E9225EB,노비노건강한의원,강남구,medical_wellness,public_license_registry,OA-16480,한의원,"한방내과, 한방부인과, 한방소아과, 한방안?이비인후?피부과, 한방신경정신과, 한방재활의학과, 사상체질과, 침구과",3220000,PHMA120033220033041101861,"서울특별시 강남구 광평로56길 8-13, 201호 (수서동, 수서타워)",,영업/정상
V95F30636686E,제나한의원,서초구,medical_wellness,public_license_registry,OA-16480,한의원,"한방내과, 한방부인과, 한방소아과, 한방안?이비인후?피부과, 한방신경정신과, 한방재활의학과, 사상체질과, 침구과",3210000,PHMA120243210034041100031,"서울특별시 서초구 효령로 396, 202호 (서초동)",서울특별시 서초구 서초동 1342-15,영업/정상
V9606F7267A7D,파스텔연세소아청소년과의원,서초구,medical_wellness,public_license_registry,OA-16480,의원,"내과, 신경과, 정신건강의학과, 외과, 정형외과, 산부인과, 소아청소년과, 안과, 이비인후과, 피부과, 비뇨의학과, 진단검사의학과",3210000,PHMA120073210034041100105,"서울특별시 서초구 신반포로33길 27, 305호 (잠원동, 파스텔프라자)",서울특별시 서초구 잠원동 66번지 2호 파스텔프라자 305호,영업/정상
V96089B2E8F90,하피스의원,강남구,medical_wellness,public_license_registry,OA-16480,의원,"외과, 정형외과, 성형외과, 재활의학과",3220000,PHMA120083220033041101098,"서울특별시 강남구 압구정로28길 11, 4,5층 (신사동)",서울특별시 강남구 신사동 581번지 10호,영업/정상
V960C3D5F0DCB,연세이김마취통증의학과의원,송파구,medical_wellness,public_license_registry,OA-16480,의원,"정형외과, 신경외과, 마취통증의학과, 가정의학과",3230000,PHMA120103230034041100042,서울특별시 송파구 송파대로30길 5 (가락동),서울특별시 송파구 가락동 96번지 19호 송강빌딩 2층,영업/정상
V9626130F17E4,리버스바디,서초구,exercise_body,public_license_registry,OA-16142,체력단련장업,,3210000,CDFH3301062020000003,"서울특별시 서초구 서초대로53길 21, 202호 (서초동)",서울특별시 서초구 서초동 1698-10,영업/정상
V964486FBB41E,주식회사 기븐,강남구,exercise_body,public_license_registry,OA-16142,체력단련장업,,3220000,CDFH3301062018000034,"서울특별시 강남구 선릉로152길 34, 지하1층 (청담동)",서울특별시 강남구 청담동 91-5,영업/정상
V964C2E85A797,크로스핏 에이블 거여,송파구,exercise_body,public_license_registry,OA-16142,체력단련장업,,3230000,CDFH3301062023000016,"서울특별시 송파구 오금로 525, 지하1층 (거여동)",서울특별시 송파구 거여동 36-1,영업/정상
V967100499BF7,스타휘트니스(220),강남구,exercise_body,public_license_registry,OA-16142,체력단련장업,,3220000,CDFH3301062010000007,"서울특별시 강남구 테헤란로26길 12  (역삼동,지하2층)",서울특별시 강남구 역삼동 736-56 지하2층,영업/정상
V96A1F6F03D6F,주)애플짐 강남지점(452),강남구,exercise_body,public_license_registry,OA-16142,체력단련장업,,3220000,CDFH3301062016000022,"서울특별시 강남구 영동대로 225, 4,5층 (대치동, 경희한방병원)","서울특별시 강남구 대치동 994-5 4,5층",영업/정상
V96BA97BFF4C3,프로정형외과의원,강남구,medical_wellness,public_license_registry,OA-16480,의원,"정형외과, 마취통증의학과",3220000,PHMA120243220033041100039,"서울특별시 강남구 언주로 123, 5층 (도곡동, 개포한신아파트)",,영업/정상
V96CAD20201C4,Back Fituess,송파구,exercise_body,public_license_registry,OA-16142,체력단련장업,,3230000,CDFH3301062011000010,"서울특별시 송파구 중대로 187 (가락동, 가락빌딩 2,3층)",서울특별시 송파구 가락동 36-4,영업/정상
V96F0DC2110A4,리마인드 피티 스튜디오,송파구,exercise_body,public_license_registry,OA-16142,체력단련장업,,3230000,CDFH3301062020000026,"서울특별시 송파구 석촌호수로 146, 지하1층 (삼전동)",서울특별시 송파구 삼전동 22-6 지하 1층호,영업/정상
V96F64ECD6556,호박여성불한증막,강남구,relax_recovery,public_license_registry,OA-16146,한증막업,,3220000,3220000-202-2010-00017,"서울특별시 강남구 언주로 325 (역삼동,선인빌딩 지하1층)",서울특별시 강남구 역삼동 773-7 선인빌딩 지하1층,영업/정상
V96FC3F8D1891,준경한의원,서초구,medical_wellness,public_license_registry,OA-16480,한의원,"한방내과, 한방부인과, 한방소아과, 한방안?이비인후?피부과, 한방신경정신과, 한방재활의학과, 사상체질과, 침구과",3210000,PHMA120093210034041100007,"서울특별시 서초구 방배중앙로 175, 2층 (방배동, 브람스빌딩)",서울특별시 서초구 방배동 768번지 12호,영업/정상
V9705042C23E8,하이드파크,서초구,exercise_body,public_license_registry,OA-16142,체력단련장업,,3210000,CDFH3301062014000002,"서울특별시 서초구 서초중앙로 148 (서초동, 지하2층, 지하3층)","서울특별시 서초구 서초동 1694-10 지하2층, 지하3층",영업/정상
V976EBC812807,스케치바디PT&필라테스,강남구,exercise_body,public_license_registry,OA-16142,체력단련장업,,3220000,CDFH3301062021000049,"서울특별시 강남구 광평로51길 8, 로얄프라자 302호 (수서동)",서울특별시 강남구 수서동 714 로얄프라자,영업/정상
V9790B353BADE,좋은한증막,강남구,relax_recovery,public_license_registry,OA-16146,공동탕업,,3220000,3220000-202-2024-00003,"서울특별시 강남구 역삼로 162, 안진빌딩 지하1층 (역삼동)",서울특별시 강남구 역삼동 789-12 안진빌딩,영업/정상
V9797ABFE43BD,강남삼성정형외과의원,송파구,medical_wellness,public_license_registry,OA-16480,의원,"내과, 정형외과, 신경외과, 소아청소년과, 비뇨의학과, 재활의학과",3230000,PHMA120093230034041100064,"서울특별시 송파구 올림픽로 329, 409~414호 (신천동)",서울특별시 송파구 신천동 17-6,영업/정상
V979C1811352C,이비엠한의원,서초구,medical_wellness,public_license_registry,OA-16480,한의원,"한방내과, 한방부인과, 한방소아과, 한방안?이비인후?피부과, 한방신경정신과, 한방재활의학과, 사상체질과, 침구과",3210000,PHMA120223210034041100054,"서울특별시 서초구 서초대로50길 8, 관정빌딩 3층 (서초동)",서울특별시 서초구 서초동 1572-8 관정빌딩,영업/정상
V97AA3FC575D2,온아한한의원,송파구,medical_wellness,public_license_registry,OA-16480,한의원,"한방내과, 한방부인과, 한방소아과, 한방안?이비인후?피부과, 한방신경정신과, 한방재활의학과, 침구과",3230000,PHMA120223230034041100040,"서울특별시 송파구 올림픽로 114, 서경빌딩 8층 (잠실동)",,영업/정상
V97E740EA57DD,리메이크바디샵  PT&필라테스 서초점,서초구,exercise_body,public_license_registry,OA-16142,체력단련장업,,3210000,CDFH3301062022000038,"서울특별시 서초구 서초대로40길 77, 201,202호 (서초동)",서울특별시 서초구 서초동 1538-1,영업/정상
V97EA0792F841,휘트니스 플레이스(Fitness Place),송파구,exercise_body,public_license_registry,OA-16142,체력단련장업,,3230000,CDFH3301062020000020,"서울특별시 송파구 충민로2길 28, 대진플라자2 2층 201, 202, 203호 (장지동)",서울특별시 송파구 장지동 841-4 대진플라자2,영업/정상
V97FDF626A105,웰206정형외과의원,송파구,medical_wellness,public_license_registry,OA-16480,의원,"내과, 외과, 정형외과, 마취통증의학과, 소아청소년과, 피부과, 재활의학과, 가정의학과, 응급의학과",3230000,PHMA120143230034041100042,"서울특별시 송파구 올림픽로 82, 2층 (잠실동)",서울특별시 송파구 잠실동 175번지 9호 잠실현대빌딩 2층,영업/정상
V980946A6D0D4,버핏그라운드 역삼 아크플레이스,강남구,exercise_body,public_license_registry,OA-16142,체력단련장업,,3220000,CDFH3301062021000016,"서울특별시 강남구 테헤란로 142, 캐피탈타워 B1층 (역삼동)",서울특별시 강남구 역삼동 736-1 캐피탈타워,영업/정상
V9823EC238377,김정선한의원,서초구,medical_wellness,public_license_registry,OA-16480,한의원,"한방내과, 한방부인과, 한방소아과, 한방안?이비인후?피부과, 한방신경정신과, 한방재활의학과, 사상체질과, 침구과",3210000,PHMA120063210034041100072,"서울특별시 서초구 명달로 58, 202호 (서초동, 공산빌딩)",서울특별시 서초구 서초동 1489번지 1호 202호,영업/정상
V98450F0F8674,압구정 라이크짐 1호점,강남구,exercise_body,public_license_registry,OA-16142,체력단련장업,,3220000,CDFH3301062023000055,"서울특별시 강남구 논현로159길 10, b1층 (신사동)",서울특별시 강남구 신사동 567-23,영업/정상
V985503547CAC,짐엑스텐,서초구,exercise_body,public_license_registry,OA-16142,체력단련장업,,3210000,CDFH3301062021000035,"서울특별시 서초구 사임당로 13, 동화빌딩 5층 (서초동)",서울특별시 서초구 서초동 1580-11 동화빌딩,영업/정상
V985CAF5C6183,그랜드대중목욕탕,서초구,relax_recovery,public_license_registry,OA-16146,공동탕업,,3210000,3210000-202-1991-00087,서울특별시 서초구 동광로19길 19 (방배동),서울특별시 서초구 방배동 794-19,영업/정상
V9893C3C96C9B,엠앤비정형외과재활의학과의원,송파구,medical_wellness,public_license_registry,OA-16480,의원,"정형외과, 재활의학과",3230000,PHMA120053230034041101267,"서울특별시 송파구 올림픽로 509, 2층 (풍납동, 제이빌딩)",서울특별시 송파구 풍납동 402번지 3호,영업/정상
V989A3F9B8475,바디메이크업(256),서초구,exercise_body,public_license_registry,OA-16142,체력단련장업,,3210000,CDFH3301062017000014,서울특별시 서초구 강남대로 479 (반포동),서울특별시 서초구 반포동 748-2 신논현타워,영업/정상
V98A021EAAFC4,헤이사 유한회사 (크로스핏 헤이사),서초구,exercise_body,public_license_registry,OA-16142,체력단련장업,,3210000,CDFH3301062026000009,"서울특별시 서초구 사평대로26길 8, 포레 933빌딩 지1층 101호 (반포동)",서울특별시 서초구 반포동 93-3 포레 933빌딩,영업/정상
V98A02DBE6EEE,AL피트니스,서초구,exercise_body,public_license_registry,OA-16142,체력단련장업,,3210000,CDFH3301062024000002,서울특별시 서초구 사평대로53길 94 (반포동),서울특별시 서초구 반포동 720-15,영업/정상
V98DB4B695983,새사랑한의원,서초구,medical_wellness,public_license_registry,OA-16480,한의원,"한방내과, 한방부인과, 한방소아과, 한방안?이비인후?피부과, 한방신경정신과, 한방재활의학과, 사상체질과, 침구과",3210000,PHMA120063210034041100012,"서울특별시 서초구 서초대로52길 7, 2층 (서초동)",서울특별시 서초구 서초동 1671번지 1호 2층,영업/정상
V98ED331092BF,헬스보이짐 신논현점,서초구,exercise_body,public_license_registry,OA-16142,체력단련장업,,3210000,CDFH3301062014000009,"서울특별시 서초구 사평대로56길 7 (서초동, 한일유앤아이주상복합 지하2층)",서울특별시 서초구 서초동 1303-10 한일유앤아이주상복합 지하2층,영업/정상
V98FB47F3AD81,크로스핏 베이글,서초구,exercise_body,public_license_registry,OA-16142,체력단련장업,,3210000,CDFH3301062025000017,"서울특별시 서초구 사평대로 116, 넥스덴빌딩 지하1층 (반포동)",서울특별시 서초구 반포동 106-1 넥스덴빌딩,영업/정상
V9914800D8EF6,비커스런,강남구,exercise_body,public_license_registry,OA-16142,체력단련장업,,3220000,CDFH3301062023000058,"서울특별시 강남구 언주로 537, 에이비티타워 2층 (역삼동)",서울특별시 강남구 역삼동 662-14 에이비티타워,영업/정상
V9918F35E504D,다이나믹,강남구,exercise_body,public_license_registry,OA-16142,체력단련장업,,3220000,CDFH3301062017000023,"서울특별시 강남구 강남대로146길 23, 3층 (논현동)",서울특별시 강남구 논현동 16-46,영업/정상
V992BAD2E2C20,파란헬스살롱,서초구,exercise_body,public_license_registry,OA-16142,체력단련장업,,3210000,CDFH3301062018000022,"서울특별시 서초구 신반포로 326-16, 2층 (반포동)",서울특별시 서초구 반포동 704-18,영업/정상
V993FD093F5BF,연결한의원,서초구,medical_wellness,public_license_registry,OA-16480,한의원,"한방내과, 한방부인과, 한방소아과, 한방안?이비인후?피부과, 한방신경정신과, 한방재활의학과, 사상체질과, 침구과",3210000,PHMA120263210034041100053,"서울특별시 서초구 동작대로 20, 2층 (방배동)",,영업/정상
V9947A95D11E6,강남라인한의원,서초구,medical_wellness,public_license_registry,OA-16480,한의원,"한방내과, 한방부인과, 한방소아과, 한방안?이비인후?피부과, 한방신경정신과, 한방재활의학과, 사상체질과, 침구과",3210000,PHMA120133210034041100081,"서울특별시 서초구 서초대로77길 3, 1304,1305호 (서초동, 아라타워)","서울특별시 서초구 서초동 1317번지 20호 아라타워1304,1305호",영업/정상
V9984F3E73106,미율한의원,강남구,medical_wellness,public_license_registry,OA-16480,한의원,"한방내과, 한방부인과, 한방소아과, 한방안?이비인후?피부과, 한방신경정신과, 한방재활의학과, 사상체질과, 침구과",3220000,PHMA120253220033041100132,"서울특별시 강남구 학동로 219, 국제빌딩 4층 (논현동)",서울특별시 강남구 논현동 89-22 국제빌딩,영업/정상
V999B0101C3DB,홍상선한의원,서초구,medical_wellness,public_license_registry,OA-16480,한의원,"한방내과, 한방부인과, 한방소아과, 한방안?이비인후?피부과, 한방신경정신과, 한방재활의학과, 사상체질과, 침구과",3210000,PHMA120093210034041100065,서울특별시 서초구 방배천로 5-3 (방배동),서울특별시 서초구 방배동 445번지 5호,영업/정상
V99D7EB025A0F,스?온 서울,강남구,exercise_body,public_license_registry,OA-16142,체력단련장업,,3220000,CDFH3301062021000055,"서울특별시 강남구 봉은사로34길 7, 1층 (역삼동)",서울특별시 강남구 역삼동 652-15,영업/정상
V9A0BDF0C4BED,김정철한의원,서초구,medical_wellness,public_license_registry,OA-16480,한의원,"한방내과, 한방부인과, 한방소아과, 한방안?이비인후?피부과, 한방신경정신과, 한방재활의학과, 사상체질과, 침구과",3210000,PHMA120123210034041100043,"서울특별시 서초구 반포대로 300, 7층 (잠원동, 덕성빌딩)",서울특별시 서초구 잠원동 76번지 6호 7층,영업/정상
V9A1BCFE147F7,크라크라짐,강남구,exercise_body,public_license_registry,OA-16142,체력단련장업,,3220000,CDFH3301062018000010,"서울특별시 강남구 선릉로132길 69, 지하1층 (청담동)",서울특별시 강남구 청담동 34-6,영업/정상
V9A26BC7AD454,클래시휘트니스 선정릉점,강남구,exercise_body,public_license_registry,OA-16142,체력단련장업,,3220000,CDFH3301062025000039,"서울특별시 강남구 봉은사로 303, TGL 경복빌딩 (논현동)",서울특별시 강남구 논현동 277-27 TGL 경복빌딩,영업/정상
V9A445EE2F24C,트레이브짐,강남구,exercise_body,public_license_registry,OA-16142,체력단련장업,,3220000,CDFH3301062024000007,"서울특별시 강남구 압구정로 309, 지하층 (압구정동, 현대아파트)",서울특별시 강남구 압구정동 481 현대아파트,영업/정상
V9A8AE1331953,명한의원,강남구,medical_wellness,public_license_registry,OA-16480,한의원,"한방내과, 한방부인과, 한방소아과, 한방안?이비인후?피부과, 한방신경정신과, 한방재활의학과, 사상체질과, 침구과",3220000,PHMA120013220033041101827,"서울특별시 강남구 영동대로 720, 원일빌딩 501호 (청담동)",,영업/정상
V9AAB97B72C24,은승표코리아정형외과의원,강남구,medical_wellness,public_license_registry,OA-16480,의원,정형외과,3220000,PHMA120183220033041100188,"서울특별시 강남구 논현로154길 4, 지하1층~6층 (신사동)",서울특별시 강남구 신사동 590-4,영업/정상
V9AB36AC44A82,근육형제 사당역 2호점,서초구,exercise_body,public_license_registry,OA-16142,체력단련장업,,3210000,CDFH3301062025000011,"서울특별시 서초구 방배천로 5-3, 6층 (방배동)",서울특별시 서초구 방배동 445-5,영업/정상
V9ACC3FAB83EC,단단,송파구,exercise_body,public_license_registry,OA-16142,체력단련장업,,3230000,CDFH3301062024000005,"서울특별시 송파구 송파대로 404-1, 지하1층 (송파동)",서울특별시 송파구 송파동 89-6 지하1층,영업/정상
V9ACDCB61E3DC,네온정형외과의원,강남구,medical_wellness,public_license_registry,OA-16480,의원,"내과, 외과, 정형외과, 신경외과, 마취통증의학과, 영상의학과, 재활의학과",3220000,PHMA120143220033041100070,"서울특별시 강남구 선릉로131길 8, 노벨빌딩 (논현동)",서울특별시 강남구 논현동 111-13 노벨빌딩,영업/정상
V9AE3CB98D488,반상훈한의원,송파구,medical_wellness,public_license_registry,OA-16480,한의원,"한방내과, 한방부인과, 한방소아과, 한방안?이비인후?피부과, 한방신경정신과, 한방재활의학과, 사상체질과, 침구과",3230000,PHMA119903230034041100315,"서울특별시 송파구 마천로 68, 12,13호 (오금동)","서울특별시 송파구 오금동 42번지 12,13호",영업/정상
V9AF2B30E2782,하프 앤 더블(319),강남구,exercise_body,public_license_registry,OA-16142,체력단련장업,,3220000,CDFH3301062012000045,서울특별시 강남구 삼성로103길 6 (삼성동),서울특별시 강남구 삼성동 120-17 지하1층,영업/정상
V9B110DE9A836,나홀로짐에,송파구,exercise_body,public_license_registry,OA-16142,체력단련장업,,3230000,CDFH3301062021000020,"서울특별시 송파구 정의로7길 13, 힐스테이트에코송파 1층 114호 (문정동)",서울특별시 송파구 문정동 639-5 힐스테이트에코송파 114호,영업/정상
V9B196CE2906C,피트니스 프렌즈,서초구,exercise_body,public_license_registry,OA-16142,체력단련장업,,3210000,CDFH3301062018000013,"서울특별시 서초구 강남대로109길 102, 잠원빌딩 5층 (잠원동)",서울특별시 서초구 잠원동 16-1 잠원빌딩,영업/정상
V9B31A558E380,H컨디셔닝센터,강남구,exercise_body,public_license_registry,OA-16142,체력단련장업,,3220000,CDFH3301062024000038,"서울특별시 강남구 역삼로 527, 그린메디칼사옥 3층 (대치동)",서울특별시 강남구 대치동 953-17 그린메디칼사옥,영업/정상
V9B33D1138FBC,바른본 PT,송파구,exercise_body,public_license_registry,OA-16142,체력단련장업,,3230000,CDFH3301062023000020,"서울특별시 송파구 오금로 404, 원일빌딩 402호 (가락동)",서울특별시 송파구 가락동 167 원일빌딩,영업/정상
V9B4B011C2522,짐박스피트니스 강남점,강남구,exercise_body,public_license_registry,OA-16142,체력단련장업,,3220000,CDFH3301062023000013,"서울특별시 강남구 강남대로 464, 비제바노 지하1층 (역삼동)",서울특별시 강남구 역삼동 809 비제바노,영업/정상
V9B4FAF3E1469,크로스핏 에이드 잠실,송파구,exercise_body,public_license_registry,OA-16142,체력단련장업,,3230000,CDFH3301062025000036,"서울특별시 송파구 오금로15길 5-12, B1층 (방이동)",서울특별시 송파구 방이동 67-2,영업/정상
V9B51BAD56E37,짐박스피트니스 방배점,서초구,exercise_body,public_license_registry,OA-16142,체력단련장업,,3210000,CDFH3301062025000012,"서울특별시 서초구 방배로 132, 장산빌딩 지하1, 지하2층 (방배동)",서울특별시 서초구 방배동 901-1 장산빌딩,영업/정상
V9B5A3CEB72B0,마천한의원,송파구,medical_wellness,public_license_registry,OA-16480,한의원,"한방내과, 한방부인과, 한방소아과, 한방안?이비인후?피부과, 한방신경정신과, 한방재활의학과, 사상체질과, 침구과",3230000,PHMA120153230034041100012,"서울특별시 송파구 마천로41길 14, 1~3층 (마천동)",서울특별시 송파구 마천동 128-16,영업/정상
V9B81B02DCD6F,김달래한의원,송파구,medical_wellness,public_license_registry,OA-16480,한의원,"한방내과, 한방부인과, 한방소아과, 한방안?이비인후?피부과, 한방신경정신과, 한방재활의학과, 사상체질과, 침구과",3230000,PHMA120113230034041100065,"서울특별시 송파구 올림픽로 145, 리센츠상가 516호 (잠실동)",서울특별시 송파구 잠실동 22번지 6호 리센츠상가 516호,영업/정상
V9B8ACDF91DA1,더스타일짐[386],강남구,exercise_body,public_license_registry,OA-16142,체력단련장업,,3220000,CDFH3301062014000038,"서울특별시 강남구 역삼로 310 (역삼동, 한솔필리아 2층 32호)",서울특별시 강남구 역삼동 755 한솔필리아 2층 32호,영업/정상
V9BA907DD7D92,반포휘트니스사우나,서초구,relax_recovery,public_license_registry,OA-16146,공동탕업,,3210000,3210000-202-2003-00013,"서울특별시 서초구 강남대로85길 16 (반포동,지상2,3층)","서울특별시 서초구 반포동 724-38 지상2,3층",영업/정상
V9BAD6DF04361,수암한의원,강남구,medical_wellness,public_license_registry,OA-16480,한의원,"한방내과, 한방부인과, 한방소아과, 한방안?이비인후?피부과, 한방신경정신과, 한방재활의학과, 사상체질과, 침구과",3220000,PHMA120113220033041100051,"서울특별시 강남구 광평로 63, 502호 (일원동)",서울특별시 강남구 일원동 722,영업/정상
V9BCC4589C0BC,서울에스디통증재활의학과의원,송파구,medical_wellness,public_license_registry,OA-16480,의원,"내과, 신경과, 정형외과, 신경외과, 마취통증의학과, 재활의학과",3230000,PHMA120263230034041100058,"서울특별시 송파구 중대로 140, 藝(ye) 7~8층 (가락동)",서울특별시 송파구 가락동 123-7 藝(ye),영업/정상
V9BD076E11DC2,더디젤,송파구,exercise_body,public_license_registry,OA-16142,체력단련장업,,3230000,CDFH3301062013000014,서울특별시 송파구 백제고분로22길 4 (삼전동),서울특별시 송파구 삼전동 28-12 3층,영업/정상
V9BD4E5955F10,버핏그라운드 한티역,강남구,exercise_body,public_license_registry,OA-16142,체력단련장업,,3220000,CDFH3301062025000047,"서울특별시 강남구 선릉로 338, B1, B2층 (대치동)",서울특별시 강남구 대치동 921,영업/정상
V9BE14AF76492,PT클럽,송파구,exercise_body,public_license_registry,OA-16142,체력단련장업,,3230000,CDFH3301062013000016,"서울특별시 송파구 백제고분로11길 35, 3층 (잠실동)",서울특별시 송파구 잠실동 218-7,영업/정상
V9BF7258196B1,좋은습관 PT STUDIO 문정점,송파구,exercise_body,public_license_registry,OA-16142,체력단련장업,,3230000,CDFH3301062025000015,"서울특별시 송파구 법원로4길 6, 문정 아이파크 지하1층 103,104호 (문정동)",서울특별시 송파구 문정동 652-5 문정 아이파크,영업/정상
V9C0085547327,애슬레틱 서래,서초구,exercise_body,public_license_registry,OA-16142,체력단련장업,,3210000,CDFH3301062014000017,"서울특별시 서초구 서래로5길 19, 3층 (반포동, 나눔케어빌딩)",,영업/정상
V9C056628C680,웰앤피트니스 강남지점,강남구,exercise_body,public_license_registry,OA-16142,체력단련장업,,3220000,CDFH3301062024000017,"서울특별시 강남구 언주로 563, B127호 (역삼동)",서울특별시 강남구 역삼동 653-4,영업/정상
V9C1ADBDD14E7,프리원핏 송파문정점,송파구,exercise_body,public_license_registry,OA-16142,체력단련장업,,3230000,CDFH3301062024000016,"서울특별시 송파구 새말로 138, 지하1층 (문정동)",서울특별시 송파구 문정동 97-1 지하1층,영업/정상
V9C27D1736B2C,자마이카 피트니스,강남구,relax_recovery,public_license_registry,OA-16146,공동탕업,,3220000,3220000-202-2021-00007,"서울특별시 강남구 강남대로 262, 캠코양재타워 지하3층 (도곡동)",서울특별시 강남구 도곡동 949-3 캠코양재타워,영업/정상
V9C4920FEA6A9,No.1 GYM(402),강남구,exercise_body,public_license_registry,OA-16142,체력단련장업,,3220000,CDFH3301062015000004,"서울특별시 강남구 언주로172길 59, 3층 (신사동)",서울특별시 강남구 신사동 662-11 3층,영업/정상
V9C6017293B85,백제한의원,송파구,medical_wellness,public_license_registry,OA-16480,한의원,"한방내과, 한방부인과, 한방소아과, 한방안?이비인후?피부과, 한방신경정신과, 한방재활의학과, 사상체질과, 침구과",3230000,PHMA119843230034041100093,"서울특별시 송파구 올림픽로 491, 세제한의원 7층 (풍납동)",서울특별시 송파구 풍납동 391-7 세제한의원,영업/정상
V9C6095838750,에이블짐 삼성중앙역점,강남구,exercise_body,public_license_registry,OA-16142,체력단련장업,,3220000,CDFH3301062022000031,"서울특별시 강남구 봉은사로 502, 지하1층 (삼성동)",서울특별시 강남구 삼성동 145,영업/정상
V9C67617A0BC3,더원사우나,강남구,relax_recovery,public_license_registry,OA-16146,공동탕업,,3220000,3220000-202-2021-00003,"서울특별시 강남구 언주로 874, 쌍봉빌딩 지하1층 (신사동)",서울특별시 강남구 신사동 638-13 쌍봉빌딩,영업/정상
V9C8BC69A8E62,프라이멀 피트니스 트레이드 컴퍼니,강남구,exercise_body,public_license_registry,OA-16142,체력단련장업,,3220000,CDFH3301062025000016,"서울특별시 강남구 압구정로75길 22, MK빌딩 지하2층 (청담동)",서울특별시 강남구 청담동 116 MK빌딩,영업/정상
V9C9FF7BEFF84,바른몸재활의학과의원,송파구,medical_wellness,public_license_registry,OA-16480,의원,"내과, 정형외과, 신경외과, 마취통증의학과, 재활의학과",3230000,PHMA120203230034041100044,"서울특별시 송파구 양산로 40, 401,501호 (거여동)",서울특별시 송파구 거여동 566번지,영업/정상
V9CC5F63A8303,지리산쌍계한의원,강남구,medical_wellness,public_license_registry,OA-16480,한의원,"한방내과, 한방부인과, 한방소아과, 한방안?이비인후?피부과, 한방신경정신과, 한방재활의학과, 사상체질과, 침구과",3220000,PHMA120103220033041100002,"서울특별시 강남구 선릉로 26, JS빌딩 2층 (개포동)",,영업/정상
V9CC8766CE735,시그마스포츠클럽,송파구,relax_recovery,public_license_registry,OA-16146,목욕장업 기타,,3230000,3230000-202-2014-00003,"서울특별시 송파구 올림픽로 289, 지하1,2층 (신천동, 잠실시그마타워)",서울특별시 송파구 신천동 7-19,영업/정상
V9CE37CEABDFA,연세마취통증의학과의원,강남구,medical_wellness,public_license_registry,OA-16480,의원,"신경과, 정형외과, 마취통증의학과, 재활의학과",3220000,PHMA119973220033041100204,"서울특별시 강남구 강남대로 246, 다림빌딩 5층 (도곡동)",서울특별시 강남구 도곡동 953 다림빌딩,영업/정상
V9CFD78D0D4BA,하이미한의원,강남구,medical_wellness,public_license_registry,OA-16480,한의원,"한방내과, 한방부인과, 한방소아과, 한방안?이비인후?피부과, 한방신경정신과, 한방재활의학과, 사상체질과, 침구과",3220000,PHMA120253220033041100183,"서울특별시 강남구 도산대로 111, S-TOWER 13층 (신사동)",,영업/정상
V9D0441B4BC2F,서초연세내과의원,서초구,medical_wellness,public_license_registry,OA-16480,의원,"내과, 정형외과, 재활의학과",3210000,PHMA120243210034041100146,"서울특별시 서초구 반포대로 138, 양진빌딩 1층 (서초동)",서울특별시 서초구 서초동 1719-4 양진빌딩,영업/정상
V9D04B7A5F85D,페이즈짐,서초구,exercise_body,public_license_registry,OA-16142,체력단련장업,,3210000,CDFH3301062025000005,"서울특별시 서초구 효령로55길 10, 더칸토서초 지하1층 (서초동)",서울특별시 서초구 서초동 1601-7,영업/정상
V9D0B03C6EDCE,온유어짐 PT studio 압구정,강남구,exercise_body,public_license_registry,OA-16142,체력단련장업,,3220000,CDFH3301062020000041,"서울특별시 강남구 논현로176길 20, 지하1층 (신사동)",서울특별시 강남구 신사동 613-3,영업/정상
V9D2FA3BF2A5B,김기영한의원,서초구,medical_wellness,public_license_registry,OA-16480,한의원,"한방내과, 한방부인과, 한방소아과, 한방안?이비인후?피부과, 한방신경정신과, 한방재활의학과, 사상체질과, 침구과",3210000,PHMA119953210034041100003,"서울특별시 서초구 효령로 403, 222,223호 (서초동)",서울특별시 서초구 서초동 1335,영업/정상
V9D5F25D97052,황규천정형외과의원,서초구,medical_wellness,public_license_registry,OA-16480,의원,"정형외과, 신경외과, 재활의학과",3210000,PHMA119913210034041100014,"서울특별시 서초구 고무래로 32, 301호 (반포동, 반포메딕스)",서울특별시 서초구 반포동 32번지 1호 반포메딕스 301호,영업/정상
V9D6247F4F1FB,경희참한의원,서초구,medical_wellness,public_license_registry,OA-16480,한의원,"한방내과, 한방부인과, 한방소아과, 한방안?이비인후?피부과, 한방신경정신과, 한방재활의학과, 사상체질과, 침구과",3210000,PHMA120203210034041100067,"서울특별시 서초구 동작대로 188, B1,1층 (방배동)","서울특별시 서초구 방배동 782-20 B1층,1층",영업/정상
V9D676AEDA122,피티라이프,송파구,exercise_body,public_license_registry,OA-16142,체력단련장업,,3230000,CDFH3301062026000001,"서울특별시 송파구 백제고분로21길 38, 201호 (삼전동)",서울특별시 송파구 삼전동 17 금강빌딩,영업/정상
V9D74BCCA0B07,자오한의원,강남구,medical_wellness,public_license_registry,OA-16480,한의원,"한방내과, 한방부인과, 한방소아과, 한방안?이비인후?피부과, 한방신경정신과, 한방재활의학과, 사상체질과, 침구과",3220000,PHMA119883220033041101752,서울특별시 강남구 선릉로 227(도곡동),서울특별시 강남구 도곡동 538-1,영업/정상
V9D7FD0573D08,미라클의원,서초구,medical_wellness,public_license_registry,OA-16480,의원,"내과, 외과, 정형외과, 신경외과, 마취통증의학과, 재활의학과",3210000,PHMA120113210034041100116,"서울특별시 서초구 강남대로 341, 2층 (서초동)",서울특별시 서초구 서초2동 1329번지 8호 2층,영업/정상
V9D856B680519,육체미 연구소,서초구,exercise_body,public_license_registry,OA-16142,체력단련장업,,3210000,CDFH3301062016000001,"서울특별시 서초구 강남대로93길 38, 지하층 (잠원동, 영신빌딩)",서울특별시 서초구 잠원동 29-19,영업/정상
V9D9C7E6F2070,선경한의원,강남구,medical_wellness,public_license_registry,OA-16480,한의원,"한방내과, 한방부인과, 한방소아과, 한방안?이비인후?피부과, 한방신경정신과, 한방재활의학과, 사상체질과, 침구과",3220000,PHMA119913220033041101762,"서울특별시 강남구 선릉로 313, 삼미빌딩 (역삼동)",,영업/정상
V9DB80B470CC3,수인재한의원,서초구,medical_wellness,public_license_registry,OA-16480,한의원,"한방내과, 한방부인과, 한방소아과, 한방안?이비인후?피부과, 한방신경정신과, 한방재활의학과, 사상체질과, 침구과",3210000,PHMA120123210034041100078,"서울특별시 서초구 서초대로78길 38, 6층 (서초동, 호정빌딩)",,영업/정상
V9DBB42361DB6,가뿐한의원,강남구,medical_wellness,public_license_registry,OA-16480,한의원,"한방내과, 한방부인과, 한방소아과, 한방안?이비인후?피부과, 한방신경정신과, 한방재활의학과, 사상체질과, 침구과",3220000,PHMA120243220033041100230,"서울특별시 강남구 테헤란로 322, 한신인터밸리24 지하2층 B102, B103호 (역삼동)",,영업/정상
V9DBD95032872,(주)엠알티핏,서초구,exercise_body,public_license_registry,OA-16142,체력단련장업,,3210000,CDFH3301062022000015,"서울특별시 서초구 서래로6길 4, 가나빌딩 지하1층 (반포동)",서울특별시 서초구 반포동 90-1 가나빌딩,영업/정상
V9DEAB9855D63,(의)성광의료재단 차움의원(444),강남구,exercise_body,public_license_registry,OA-16142,체력단련장업,,3220000,CDFH3301062016000014,"서울특별시 강남구 도산대로 442, 3층 일부호 (청담동, 피엔폴루스)",서울특별시 강남구 청담동 4-1 3층 일부,영업/정상
V9E046AB5FF4A,프롭비한의원,강남구,medical_wellness,public_license_registry,OA-16480,한의원,"한방내과, 한방부인과, 한방소아과, 한방안?이비인후?피부과, 한방신경정신과, 한방재활의학과, 사상체질과, 침구과",3220000,PHMA120213220033041100091,"서울특별시 강남구 강남대로 378, 준빌딩 7층 (역삼동)",서울특별시 강남구 역삼동 825-9 준빌딩 7층,영업/정상
V9E064AEB0756,후한의원,강남구,medical_wellness,public_license_registry,OA-16480,한의원,"한방내과, 한방부인과, 한방소아과, 한방안?이비인후?피부과, 한방신경정신과, 한방재활의학과, 사상체질과, 침구과",3220000,PHMA120063220033041101947,"서울특별시 강남구 도산대로 110, 케이비엘 센터 지하1층 (논현동)",서울특별시 강남구 논현동 2 케이비엘 센터 지하1층,영업/정상
V9E28CEF53E78,연세개포재활의학과의원,강남구,medical_wellness,public_license_registry,OA-16480,의원,"정형외과, 신경외과, 마취통증의학과, 재활의학과",3220000,PHMA120233220033041100106,"서울특별시 강남구 삼성로 14, 4층 410호 (개포동, 개포자이 프레지던스)",서울특별시 강남구 개포동 189 개포자이 프레지던스 410호,영업/정상
V9E2BEE9F93B9,마름모한의원,강남구,medical_wellness,public_license_registry,OA-16480,한의원,"한방내과, 한방부인과, 한방소아과, 한방안?이비인후?피부과, 한방신경정신과, 한방재활의학과, 사상체질과, 침구과",3220000,PHMA120233220033041100078,"서울특별시 강남구 도산대로81길 55, 103호 (청담동)",,영업/정상
V9E53464EA72F,유상호정형외과의원,강남구,medical_wellness,public_license_registry,OA-16480,의원,정형외과,3220000,PHMA120143220033041100254,"서울특별시 강남구 봉은사로 176, 2,4층 (역삼동)",서울특별시 강남구 역삼동 606-3,영업/정상
V9E7202EE2012,송파다이아튼튼의원,송파구,medical_wellness,public_license_registry,OA-16480,의원,"정형외과, 신경외과, 마취통증의학과, 재활의학과, 가정의학과",3230000,PHMA120233230034041100006,"서울특별시 송파구 동남로 236, 5층 (가락동)",,영업/정상
V9E7C6408851A,명인한의원,송파구,medical_wellness,public_license_registry,OA-16480,한의원,"한방내과, 한방부인과, 한방소아과, 한방안?이비인후?피부과, 한방신경정신과, 한방재활의학과, 사상체질과, 침구과",3230000,PHMA120043230034041101236,"서울특별시 송파구 바람드리길 57 (풍납동,6층)",,영업/정상
V9E873E0A8CA1,크레이지독스짐 방배역점,서초구,exercise_body,public_license_registry,OA-16142,체력단련장업,,3210000,CDFH3301062022000035,"서울특별시 서초구 효령로31길 10, 나이스빌 (방배동)",서울특별시 서초구 방배동 909-11 나이스빌,영업/정상
V9E8D574A2EA3,아린한의원,강남구,medical_wellness,public_license_registry,OA-16480,한의원,"한방내과, 한방부인과, 한방소아과, 한방안?이비인후?피부과, 한방신경정신과, 한방재활의학과, 사상체질과, 침구과",3220000,PHMA120213220033041100089,"서울특별시 강남구 논현로 833, 재경빌딩 402호 (신사동)",,영업/정상
V9EDAACDDD607,팀 트레이닝 바로 잠실,송파구,exercise_body,public_license_registry,OA-16142,체력단련장업,,3230000,CDFH3301062025000010,"서울특별시 송파구 올림픽로 378, 세민빌딩 2층 (방이동)",서울특별시 송파구 방이동 40-6 세민빌딩,영업/정상
V9EE0C5264EDF,크로스핏 라곰트레이닝 문정,송파구,exercise_body,public_license_registry,OA-16142,체력단련장업,,3230000,CDFH3301062023000022,"서울특별시 송파구 법원로4길 6, 문정아이파크 B102호 (문정동)",서울특별시 송파구 문정동 652-5 문정아이파크,영업/정상
V9EEEDBC7FDFB,신출한의원,강남구,medical_wellness,public_license_registry,OA-16480,한의원,"한방내과, 한방부인과, 한방소아과, 한방안?이비인후?피부과, 한방신경정신과, 한방재활의학과, 사상체질과, 침구과, 한방응급과",3220000,PHMA120143220033041100042,"서울특별시 강남구 논현로168길 32, 유니드 빌딩 502호 (신사동)",,영업/정상
V9EF18113D9D8,짐트리 피티,서초구,exercise_body,public_license_registry,OA-16142,체력단련장업,,3210000,CDFH3301062014000007,"서울특별시 서초구 사임당로 21 (서초동, 지하1층)",서울특별시 서초구 서초동 1580-6 지하1층,영업/정상
V9F04D652A610,짐 모어피클 골프,서초구,exercise_body,public_license_registry,OA-16142,체력단련장업,,3210000,CDFH3301062023000011,"서울특별시 서초구 방배로 169, 한국수입협회(KOIMA)빌딩 지하1층 (방배동)",서울특별시 서초구 방배동 874-1 한국수입협회(KOIMA)빌딩,영업/정상
V9F114B16BCA8,로그짐 서초우성점,서초구,exercise_body,public_license_registry,OA-16142,체력단련장업,,3210000,CDFH3301062021000021,"서울특별시 서초구 사임당로 180, 보원빌딩 1층 (서초동)",서울특별시 서초구 서초동 1337-17 보원빌딩,영업/정상
V9F2830144C23,서울투탑정형외과재활의학과의원,송파구,medical_wellness,public_license_registry,OA-16480,의원,"내과, 신경과, 외과, 정형외과, 신경외과, 마취통증의학과, 피부과, 영상의학과, 진단검사의학과, 재활의학과",3230000,PHMA120203230034041100064,"서울특별시 송파구 오금로 199, 1~5층 (방이동)",,영업/정상
V9F4B0701E3B2,청담마디신경외과의원,강남구,medical_wellness,public_license_registry,OA-16480,의원,"내과, 외과, 정형외과, 신경외과, 마취통증의학과, 재활의학과, 가정의학과",3220000,PHMA120113220033041100192,"서울특별시 강남구 선릉로 669, 상경빌딩 8층 (논현동)",서울특별시 강남구 논현동 241-7 상경빌딩 8층,영업/정상
V9F59E53BA079,서울연세21세기의원,강남구,medical_wellness,public_license_registry,OA-16480,의원,"내과, 정형외과, 마취통증의학과, 피부과",3220000,PHMA120193220033041100011,"서울특별시 강남구 강남대로128길 20, 영동프라자 202-1,206호 (논현동)",서울특별시 강남구 논현동 140 영동프라자,영업/정상
V9F72FD159114,라미한의원,강남구,medical_wellness,public_license_registry,OA-16480,한의원,"한방내과, 한방부인과, 한방소아과, 한방안?이비인후?피부과, 침구과",3220000,PHMA120213220033041100057,"서울특별시 강남구 삼성로 212, 은마종합상가 비동 2층 235호 (대치동, 은마아파트)",,영업/정상
V9F885FA73C52,휘트니스 M,강남구,exercise_body,public_license_registry,OA-16142,체력단련장업,,3220000,CDFH3301062016000013,"서울특별시 강남구 선릉로131길 8, B2층 (논현동, 노벨빌딩)",서울특별시 강남구 논현동 111-13 B2,영업/정상
V9F8E5626F30D,에스코비한의원,송파구,medical_wellness,public_license_registry,OA-16480,한의원,"한방내과, 한방부인과, 한방소아과, 한방안?이비인후?피부과, 한방신경정신과, 한방재활의학과, 사상체질과, 침구과",3230000,PHMA120073230034041101433,"서울특별시 송파구 가락로 93 (석촌동, 2층,3층)","서울특별시 송파구 석촌동 272번지 24호 2층,3층",영업/정상
V9F9545399E18,잠실온정한의원,송파구,medical_wellness,public_license_registry,OA-16480,한의원,"한방내과, 한방부인과, 한방소아과, 한방안?이비인후?피부과, 한방신경정신과, 한방재활의학과, 침구과",3230000,PHMA120243230034041100017,"서울특별시 송파구 석촌호수로 82, 201호 (잠실동)",,영업/정상
V9FD8C514D549,테헤란로점 스포애니 (주)케이디헬스케어,강남구,exercise_body,public_license_registry,OA-16142,체력단련장업,,3220000,CDFH3301062014000043,"서울특별시 강남구 테헤란로 441 (삼성동, 지하1층)",서울특별시 강남구 삼성동 144-24 지하1층,영업/정상
V9FE608901811,큐벨로(QVELO),강남구,exercise_body,public_license_registry,OA-16142,체력단련장업,,3220000,CDFH3301062020000001,"서울특별시 강남구 언주로151길 18, 지하1층 (신사동)",서울특별시 강남구 신사동 628-38,영업/정상
VA01BA807D1AC,한미 C&C타워 Balance lab,송파구,exercise_body,public_license_registry,OA-16142,체력단련장업,,3230000,CDFH3301062026000003,"서울특별시 송파구 위례성대로2길 5, 11, 12층 (방이동)",서울특별시 송파구 방이동 48,영업/정상
VA034479A4F0E,휘트니스짐,서초구,exercise_body,public_license_registry,OA-16142,체력단련장업,,3210000,CDFH3301062009000008,"서울특별시 서초구 반포대로 34, 지하1층 (서초동)",서울특별시 서초구 서초동 1459-12 외3필지 (지하1층),영업/정상
VA0377BE9D53A,듀발휘트니스,서초구,exercise_body,public_license_registry,OA-16142,체력단련장업,,3210000,CDFH3301062003000004,"서울특별시 서초구 서초중앙로22길 25  (서초동,서초리시온 2층)",서울특별시 서초구 서초동 1671-5 서초리시온 2층,영업/정상
VA0573FF779E3,경희케이한의원,송파구,medical_wellness,public_license_registry,OA-16480,한의원,"한방내과, 한방부인과, 한방소아과, 한방안?이비인후?피부과, 한방신경정신과, 한방재활의학과, 사상체질과, 침구과",3230000,PHMA120153230034041100015,"서울특별시 송파구 송이로 239, 301호 (문정동, 도은빌딩)",서울특별시 송파구 문정동 116번지 4호,영업/정상
VA062A8BFE7A6,(주)스포니스,강남구,exercise_body,public_license_registry,OA-16142,체력단련장업,,3220000,CDFH3301062023000027,"서울특별시 강남구 영동대로112길 38, NSC빌딩 지하1층 (삼성동)",서울특별시 강남구 삼성동 109 NSC빌딩,영업/정상
VA0648D5F5DC4,엑티브짐(416),강남구,exercise_body,public_license_registry,OA-16142,체력단련장업,,3220000,CDFH3301062015000018,"서울특별시 강남구 역삼로 555, B102호 (대치동)",서울특별시 강남구 대치동 952-2 B102호,영업/정상
VA067F43180CC,자미원한의원,서초구,medical_wellness,public_license_registry,OA-16480,한의원,"한방내과, 한방부인과, 한방소아과, 한방안?이비인후?피부과, 한방신경정신과, 한방재활의학과, 사상체질과, 침구과",3210000,PHMA120093210034041100020,"서울특별시 서초구 남부순환로347길 24, 2층 (서초동)",서울특별시 서초구 서초동 1363번지 1호 2층,영업/정상
VA0720767E798,주식회사 매일피트니스피티앤필라테스방이점,송파구,exercise_body,public_license_registry,OA-16142,체력단련장업,,3230000,CDFH3301062025000027,"서울특별시 송파구 양재대로71길 1-14, 인수빌딩 지하1층 (방이동)",서울특별시 송파구 방이동 205-4 인수빌딩,영업/정상
VA0907C159DC8,이터니스한의원,강남구,medical_wellness,public_license_registry,OA-16480,한의원,"한방내과, 한방부인과, 한방소아과, 한방안?이비인후?피부과, 한방신경정신과, 한방재활의학과, 사상체질과, 침구과",3220000,PHMA120263220033041100016,"서울특별시 강남구 압구정로71길 4, 미산빌딩 4층, 5(일부)층 (청담동)",서울특별시 강남구 청담동 100-2 미산빌딩,영업/정상
VA0AD1D717DC7,유니핏,송파구,exercise_body,public_license_registry,OA-16142,체력단련장업,,3230000,CDFH3301062022000004,"서울특별시 송파구 삼전로 91, 세형빌딩 지하1층 (잠실동)",서울특별시 송파구 잠실동 252-12 세형빌딩 지하1층,영업/정상
VA0B3DD597197,데일리 피트니스,송파구,exercise_body,public_license_registry,OA-16142,체력단련장업,,3230000,CDFH3301062012000013,"서울특별시 송파구 동남로 202, 광성빌딩 지하1층 (가락동)",서울특별시 송파구 가락동 193-3 광성빌딩,영업/정상
VA0B5731954D5,김미경산부인과의원,송파구,medical_wellness,public_license_registry,OA-16480,의원,"내과, 정신건강의학과, 외과, 성형외과, 마취통증의학과, 산부인과, 소아청소년과, 이비인후과, 피부과, 비뇨의학과, 영상의학과, 진단검사의학과, 재활의학과, 가정의학과",3230000,PHMA120183230034041100013,"서울특별시 송파구 송파대로 111, 205동 313호 (문정동, 파크하비오)",,영업/정상
VA0CCBC9C6551,윤후여성한의원,강남구,medical_wellness,public_license_registry,OA-16480,한의원,"한방내과, 한방부인과, 한방소아과, 한방안?이비인후?피부과, 한방신경정신과, 한방재활의학과, 사상체질과, 침구과, 한방응급과",3220000,PHMA120133220033041100207,서울특별시 강남구 테헤란로6길 7 (역삼동),서울특별시 강남구 역삼동 824번지 39호 5층,영업/정상
VA0DBAB36C191,블루덤벨 휘트니스,강남구,exercise_body,public_license_registry,OA-16142,체력단련장업,,3220000,CDFH3301062021000030,"서울특별시 강남구 도산대로68길 26, 1층 (청담동)",서울특별시 강남구 청담동 18-34,영업/정상
VA100E643F4A6,하이키한의원,송파구,medical_wellness,public_license_registry,OA-16480,한의원,"한방내과, 한방부인과, 한방소아과, 한방안?이비인후?피부과, 한방신경정신과, 한방재활의학과, 사상체질과, 침구과",3230000,PHMA120103230034041100068,"서울특별시 송파구 올림픽로 119, 5층 7,8호 (잠실동)","서울특별시 송파구 잠실동 19번지 9호 파인애플상가 5층 7호,8호",영업/정상
VA12A0A3B07E5,뉴본 PT&PL 메디컬트레이닝센터,강남구,exercise_body,public_license_registry,OA-16142,체력단련장업,,3220000,CDFH3301062024000062,"서울특별시 강남구 선릉로 410, 지하1층 (대치동)",서울특별시 강남구 대치동 898-10,영업/정상
VA12EE1FDB1E4,발머스한의원,송파구,medical_wellness,public_license_registry,OA-16480,한의원,"한방내과, 한방부인과, 한방소아과, 한방안?이비인후?피부과, 한방신경정신과, 한방재활의학과, 사상체질과, 침구과",3230000,PHMA120123230034041100040,서울특별시 송파구 석촌호수로 220 (석촌동),,영업/정상
VA13F0A86309E,현대에프앤에스,강남구,relax_recovery,public_license_registry,OA-16146,목욕장업 기타,,3220000,3220000-202-2024-00001,"서울특별시 강남구 압구정로29길 68, 주구센타2호 지하1층 1호 (압구정동, 현대아파트)",서울특별시 강남구 압구정동 455 현대아파트,영업/정상
VA1698AF6456F,나비드짐,강남구,exercise_body,public_license_registry,OA-16142,체력단련장업,,3220000,CDFH3301062020000014,서울특별시 강남구 학동로53길 17 (논현동),서울특별시 강남구 논현동 110-26,영업/정상
VA16A44DC8048,함소아한의원,서초구,medical_wellness,public_license_registry,OA-16480,한의원,"한방내과, 한방부인과, 한방소아과, 한방안?이비인후?피부과, 한방신경정신과, 한방재활의학과, 사상체질과, 침구과",3210000,PHMA120183210034041100025,"서울특별시 서초구 반포대로21길 3, 3층 (서초동)",서울특별시 서초구 서초동 1538번지 10호,영업/정상
VA1BB2336B779,박가한의원,강남구,medical_wellness,public_license_registry,OA-16480,한의원,"한방내과, 침구과",3220000,PHMA120153220033041100024,"서울특별시 강남구 밤고개로24길 22, 1층 (율현동)",서울특별시 강남구 율현동 251번지 6호 1층,영업/정상
VA21DF69034B6,사당신경외과의원,서초구,medical_wellness,public_license_registry,OA-16480,의원,"정형외과, 신경외과, 마취통증의학과, 재활의학과",3210000,PHMA120243210034041100113,"서울특별시 서초구 방배천로2길 10, 2층 (방배동)",서울특별시 서초구 방배동 446-1,영업/정상
VA24D7171E2EA,해누리한의원,송파구,medical_wellness,public_license_registry,OA-16480,한의원,"한방내과, 한방부인과, 한방소아과, 한방안?이비인후?피부과, 한방신경정신과, 한방재활의학과, 사상체질과, 침구과",3230000,PHMA120263230034041100007,"서울특별시 송파구 가락로6길 5, 2층 (석촌동)",서울특별시 송파구 석촌동 253,영업/정상
VA24F3AC047AE,F45 트레이닝 강남,강남구,exercise_body,public_license_registry,OA-16142,체력단련장업,,3220000,CDFH3301062019000014,"서울특별시 강남구 테헤란로84길 14, 지하1층 (대치동)",서울특별시 강남구 대치동 942-19,영업/정상
VA28B6E09809B,하이볼짐 헬스&PT,강남구,exercise_body,public_license_registry,OA-16142,체력단련장업,,3220000,CDFH3301062025000005,"서울특별시 강남구 남부순환로 2732, 2층 (도곡동)",서울특별시 강남구 도곡동 411-17,영업/정상
VA29471A7B56E,에이트바디,강남구,exercise_body,public_license_registry,OA-16142,체력단련장업,,3220000,CDFH3301062020000006,"서울특별시 강남구 논현로158길 7, 지하1층 (신사동)",서울특별시 강남구 신사동 593-8,영업/정상
VA29DB34A1791,심용섭십장생한의원,서초구,medical_wellness,public_license_registry,OA-16480,한의원,"한방내과, 한방부인과, 한방소아과, 한방안?이비인후?피부과, 한방신경정신과, 한방재활의학과, 사상체질과, 침구과",3210000,PHMA119973210034041100002,서울특별시 서초구 강남대로89길 18 (반포동),서울특별시 서초구 반포1동 708번지 14호,영업/정상
VA2AFB2E048C6,박석기한의원,서초구,medical_wellness,public_license_registry,OA-16480,한의원,"한방내과, 한방부인과, 한방소아과, 한방안?이비인후?피부과, 한방신경정신과, 한방재활의학과, 사상체질과, 침구과",3210000,PHMA119883210034041100002,"서울특별시 서초구 서초대로 49, 금성빌딩 35호 (방배동)",서울특별시 서초구 방배동 867번지 35호 금성빌딩,영업/정상
VA2CCABF823F2,클린외과의원,서초구,medical_wellness,public_license_registry,OA-16480,의원,"내과, 외과, 정형외과, 소아청소년과",3210000,PHMA120093210034041100096,"서울특별시 서초구 사평대로 371, 5층 (반포동, 현철빌딩)",,영업/정상
VA2E7211D55FE,최우진정형외과의원,서초구,medical_wellness,public_license_registry,OA-16480,의원,"정형외과, 신경외과, 마취통증의학과, 피부과, 재활의학과, 가정의학과",3210000,PHMA120233210034041100002,"서울특별시 서초구 동작대로 36, 대광빌딩 3,4,6,7층 (방배동)",서울특별시 서초구 방배동 442-3 대광빌딩,영업/정상
VA33BD2E7D12D,큐짐,강남구,exercise_body,public_license_registry,OA-16142,체력단련장업,,3220000,CDFH3301062021000046,"서울특별시 강남구 압구정로 309, 상가A 202동 2층 (압구정동, 현대아파트)",서울특별시 강남구 압구정동 481 현대아파트,영업/정상
VA3755636D889,본큐어한의원,강남구,medical_wellness,public_license_registry,OA-16480,한의원,"한방내과, 한방부인과, 한방소아과, 한방안?이비인후?피부과, 한방신경정신과, 한방재활의학과, 사상체질과, 침구과",3220000,PHMA120233220033041100009,"서울특별시 강남구 삼성로 767, 3층 (청담동)",,영업/정상
VA382D4833AB7,원픽,강남구,exercise_body,public_license_registry,OA-16142,체력단련장업,,3220000,CDFH3301062020000046,"서울특별시 강남구 선릉로90길 64, 201호 (대치동)",서울특별시 강남구 대치동 891-37,영업/정상
VA3B1F55DFD68,여성미한의원,서초구,medical_wellness,public_license_registry,OA-16480,한의원,"한방내과, 한방부인과, 한방소아과, 한방안?이비인후?피부과, 한방신경정신과, 한방재활의학과, 사상체질과, 침구과",3210000,PHMA120193210034041100025,"서울특별시 서초구 서초중앙로22길 45, 3층 (서초동)",서울특별시 서초구 서초동 1670번지 9호 은빛고시원,영업/정상
VA3B2B54CE0DF,주식회사 에이치디휘트니스,강남구,exercise_body,public_license_registry,OA-16142,체력단련장업,,3220000,CDFH3301062023000009,"서울특별시 강남구 학동로 208, 용문빌딩 지하1층 (논현동)",서울특별시 강남구 논현동 208 용문빌딩,영업/정상
VA3C23419B0B6,국가대표 소유창 휘트니스,서초구,exercise_body,public_license_registry,OA-16142,체력단련장업,,3210000,CDFH3301062001000004,"서울특별시 서초구 강남대로 617 (잠원동, 대양빌딩 4/5/6층)",,영업/정상
VA3E4C6FDD7B4,라엘요가필라헬스,송파구,exercise_body,public_license_registry,OA-16142,체력단련장업,,3230000,CDFH3301062025000038,"서울특별시 송파구 백제고분로33길 26, 2층 (석촌동)",서울특별시 송파구 석촌동 21-6 삼우빌딩,영업/정상
VA41B5233A3D9,반듯한정형외과의원,서초구,medical_wellness,public_license_registry,OA-16480,의원,"신경과, 정형외과, 신경외과, 마취통증의학과, 재활의학과",3210000,PHMA120243210034041100109,"서울특별시 서초구 서초중앙로24길 10, 316 TOWER 2층 (서초동)",서울특별시 서초구 서초동 1692-3 316 TOWER,영업/정상
VA42BE0E19326,강남동일한의원,강남구,medical_wellness,public_license_registry,OA-16480,한의원,"한방내과, 한방부인과, 한방소아과, 한방안?이비인후?피부과, 한방신경정신과, 한방재활의학과, 사상체질과, 침구과",3220000,PHMA119983220033041101806,"서울특별시 강남구 봉은사로 471, 401,402호 (삼성동)","서울특별시 강남구 삼성동 50-2 401,402호",영업/정상
VA44FC2A66E40,쉬즈한의원,서초구,medical_wellness,public_license_registry,OA-16480,한의원,"한방내과, 한방부인과, 한방소아과, 한방안?이비인후?피부과, 한방신경정신과, 한방재활의학과, 사상체질과, 침구과",3210000,PHMA120083210034041100078,"서울특별시 서초구 강남대로 421, 삼영빌딩 6층 (서초동)",서울특별시 서초구 서초동 1306-5 삼영빌딩,영업/정상
VA450B7917EC3,동구사우나,서초구,relax_recovery,public_license_registry,OA-16146,공동탕업,,3210000,3210000-202-2016-00001,"서울특별시 서초구 법원로2길 20, 지하 2층 (서초동, 동구빌딩)",서울특별시 서초구 서초동 1715-3 지하 2층,영업/정상
VA466C3DF1CFB,강남챔피언정형외과의원,송파구,medical_wellness,public_license_registry,OA-16480,의원,"정형외과, 신경외과, 마취통증의학과, 재활의학과",3230000,PHMA120233230034041100022,"서울특별시 송파구 오금로 525, 2~6층 (거여동)",서울특별시 송파구 거여동 36-1,영업/정상
VA4B8E53839D3,한음한의원,서초구,medical_wellness,public_license_registry,OA-16480,한의원,"한방내과, 한방부인과, 한방소아과, 한방안?이비인후?피부과, 한방신경정신과, 한방재활의학과, 사상체질과, 침구과",3210000,PHMA120253210034041100020,"서울특별시 서초구 동작대로 38, 우림빌딩 7층 (방배동)",서울특별시 서초구 방배동 442-2 우림빌딩,영업/정상
VA4C23AC0BBB1,달라짐,서초구,exercise_body,public_license_registry,OA-16142,체력단련장업,,3210000,CDFH3301062016000008,"서울특별시 서초구 남부순환로356길 61, 2층 (양재동)",서울특별시 서초구 양재동 9-9,영업/정상
VA4C35BBB9CDE,주식회사 진스엠파워,강남구,exercise_body,public_license_registry,OA-16142,체력단련장업,,3220000,CDFH3301062020000010,"서울특별시 강남구 영동대로 325, 3층 (대치동, S-TOWER)",서울특별시 강남구 대치동 983-1 S-TOWER,영업/정상
VA4DB509B3F1E,웰스킨의원,서초구,medical_wellness,public_license_registry,OA-16480,의원,"내과, 신경과, 외과, 정형외과, 성형외과, 산부인과, 소아청소년과, 안과, 이비인후과, 피부과, 비뇨의학과, 재활의학과, 가정의학과",3210000,PHMA120133210034041100070,"서울특별시 서초구 반포대로 291, 원베일리 스퀘어 5층 531~534호 (반포동)",서울특별시 서초구 반포동 0 원베일리 스퀘어,영업/정상
VA4DF8B717FFD,자스민 운동센터,서초구,exercise_body,public_license_registry,OA-16142,체력단련장업,,3210000,CDFH3301062023000023,"서울특별시 서초구 신반포로23길 41, 410호 (잠원동, 신반포2지구아파트)",서울특별시 서초구 잠원동 73,영업/정상
VA4FB602F8851,올림픽123한의원,송파구,medical_wellness,public_license_registry,OA-16480,한의원,"한방내과, 한방부인과, 한방소아과, 한방안?이비인후?피부과, 한방신경정신과, 한방재활의학과, 사상체질과, 침구과",3230000,PHMA120203230034041100047,"서울특별시 송파구 올림픽로37길 130, 파크리오 A상가 3층 314호 (신천동)",,영업/정상
VA50643AE823F,(주)올리바컴퍼니,서초구,exercise_body,public_license_registry,OA-16142,체력단련장업,,3210000,CDFH3301062025000022,"서울특별시 서초구 양재천로 117-18, 2층 (양재동)",서울특별시 서초구 양재동 92-13,영업/정상
VA510A3905895,앤드핏 청담,강남구,exercise_body,public_license_registry,OA-16142,체력단련장업,,3220000,CDFH3301062006000003,서울특별시 강남구 선릉로 718 (청담동),서울특별시 강남구 청담동 40-3,영업/정상
VA515B60EBDC9,더블케이짐,강남구,exercise_body,public_license_registry,OA-16142,체력단련장업,,3220000,CDFH3301062011000023,"서울특별시 강남구 도산대로11길 28 (신사동,지하1층)",서울특별시 강남구 신사동 535-9 지하1층,영업/정상
VA5180D53CD65,세곡커뮤니티센터,강남구,relax_recovery,public_license_registry,OA-16146,목욕장업 기타,,3220000,3220000-202-2020-00001,"서울특별시 강남구 헌릉로590길 68, 지상2층 (세곡동)",서울특별시 강남구 세곡동 521-1,영업/정상
VA52CBAC05126,아크로짐 방배역점,서초구,exercise_body,public_license_registry,OA-16142,체력단련장업,,3210000,CDFH3301062004000004,"서울특별시 서초구 방배로 81 (방배동,6층)",서울특별시 서초구 방배동 909-9 6층,영업/정상
VA531F02C076A,한국체육대학교 PT SHOP,송파구,exercise_body,public_license_registry,OA-16142,체력단련장업,,3230000,CDFH3301062023000032,"서울특별시 송파구 오금로35길 17, 지하상가5호 (오금동, 현대아파트)",서울특별시 송파구 오금동 43 현대아파트,영업/정상
VA552EB724F22,연춘당한의원,강남구,medical_wellness,public_license_registry,OA-16480,한의원,"한방내과, 한방부인과, 한방소아과, 한방안?이비인후?피부과, 한방신경정신과, 한방재활의학과, 사상체질과, 침구과",3220000,PHMA119943220033041101773,"서울특별시 강남구 도곡로 510, 206호 (대치동)",,영업/정상
VA5586D2DF5FD,다이나믹 짐,송파구,exercise_body,public_license_registry,OA-16142,체력단련장업,,3230000,CDFH3301062016000001,"서울특별시 송파구 백제고분로7길 8-12 (잠실동, 승현빌딩)",서울특별시 송파구 잠실동 195-10,영업/정상
VA572139D89E7,리프리다 체형교정 재활 발레 서초점,서초구,relax_recovery,public_license_registry,OA-16146,목욕장업 기타,,3210000,3210000-202-2026-00001,"서울특별시 서초구 방배중앙로 215, 경덕빌딩 2층 (방배동)",서울특별시 서초구 방배동 752-7 경덕빌딩 2층,영업/정상
VA573818B4EE5,마천우리신경과의원,송파구,medical_wellness,public_license_registry,OA-16480,의원,"내과, 신경과, 정신건강의학과, 정형외과, 신경외과, 소아청소년과, 재활의학과",3230000,PHMA120213230034041100032,"서울특별시 송파구 마천로41길 5, 자매빌딩 201호,202호 (마천동)",서울특별시 송파구 마천동 126-4 자매빌딩,영업/정상
VA573B599567D,엘엑스 피트니스 24시 헬스 & PT 문정점,송파구,exercise_body,public_license_registry,OA-16142,체력단련장업,,3230000,CDFH3301062018000014,"서울특별시 송파구 법원로 128, 문정역SKV1 C동 지하2층 216~222호 (문정동)",서울특별시 송파구 문정동 642-3 문정역SKV1,영업/정상
VA574BC0E0BA6,서울송파한의원,송파구,medical_wellness,public_license_registry,OA-16480,한의원,"한방내과, 한방부인과, 한방소아과, 한방안?이비인후?피부과, 한방신경정신과, 한방재활의학과, 사상체질과, 침구과",3230000,PHMA120223230034041100043,"서울특별시 송파구 거마로 12, 상형빌딩 3층 (거여동)",,영업/정상
VA57B83135F02,마커스 헬스케어,서초구,exercise_body,public_license_registry,OA-16142,체력단련장업,,3210000,CDFH3301062021000008,"서울특별시 서초구 서초대로25길 51, 지하1층 (방배동)",서울특별시 서초구 방배동 851-16,영업/정상
VA580DD6744C9,디엔엘고,강남구,exercise_body,public_license_registry,OA-16142,체력단련장업,,3220000,CDFH3301062019000023,"서울특별시 강남구 영동대로138길 9, 303호 (청담동)",서울특별시 강남구 청담동 131-14,영업/정상
VA5AF9FDA8714,연세원의원,송파구,medical_wellness,public_license_registry,OA-16480,의원,"내과, 정형외과, 마취통증의학과, 가정의학과",3230000,PHMA120133230034041100022,"서울특별시 송파구 백제고분로 512, 로가디스빌딩 3층 (방이동)",서울특별시 송파구 방이동 180-6 로가디스빌딩,영업/정상
VA5C39ACD5D97,자임당한의원,강남구,medical_wellness,public_license_registry,OA-16480,한의원,"한방내과, 한방부인과, 한방소아과, 한방안?이비인후?피부과, 한방신경정신과, 한방재활의학과, 사상체질과, 침구과",3220000,PHMA120263220033041100015,"서울특별시 강남구 선릉로 812, 1,2층 (청담동)",서울특별시 강남구 청담동 85-5,영업/정상
VA5C7370C0B19,코리안 탑팀 강남,강남구,exercise_body,public_license_registry,OA-16142,체력단련장업,,3220000,CDFH3301062024000002,"서울특별시 강남구 강남대로 528, 지하1층 (논현동)",서울특별시 강남구 논현동 143-6,영업/정상
VA5DCC92BBCFD,컴앤씨,강남구,exercise_body,public_license_registry,OA-16142,체력단련장업,,3220000,CDFH3301062020000044,"서울특별시 강남구 압구정로32길 11, 캐럴라인타워 (신사동)",서울특별시 강남구 신사동 613-5 캐럴라인타워,영업/정상
VA5DEFB9D5CF4,서울원피부과의원,서초구,medical_wellness,public_license_registry,OA-16480,의원,"내과, 소아청소년과, 피부과, 재활의학과, 가정의학과",3210000,PHMA120203210034041100027,"서울특별시 서초구 고무래로 14, 베뉴타워 3층 (반포동)",서울특별시 서초구 반포동 58번지 14호 베뉴타워,영업/정상
VA5F44FE1B3D0,루틴 피트니스,강남구,exercise_body,public_license_registry,OA-16142,체력단련장업,,3220000,CDFH3301062024000052,"서울특별시 강남구 언주로 201, 에스케이리더스뷰 B103호 (도곡동)",서울특별시 강남구 도곡동 168 에스케이리더스뷰,영업/정상
VA5FABFC4DC7E,제중경희한의원,강남구,medical_wellness,public_license_registry,OA-16480,한의원,"한방내과, 한방부인과, 한방소아과, 한방안?이비인후?피부과, 한방신경정신과, 한방재활의학과, 사상체질과, 침구과",3220000,PHMA120083220033041102046,"서울특별시 강남구 개포로 225, 동진빌딩 (개포동)",,영업/정상
VA607F3DA486F,바디메뉴얼,서초구,exercise_body,public_license_registry,OA-16142,체력단련장업,,3210000,CDFH3301062018000019,"서울특별시 서초구 방배중앙로 161, 2층 (방배동)",서울특별시 서초구 방배동 778-11,영업/정상
VA60AD5D77791,(주)앤트홀딩스/앤트짐(ANT GYM),강남구,exercise_body,public_license_registry,OA-16142,체력단련장업,,3220000,CDFH3301062022000025,"서울특별시 강남구 언주로133길 31, BOB빌딩 지하 1층 (논현동)",서울특별시 강남구 논현동 85 BOB빌딩,영업/정상
VA6290182363C,해아림한의원,송파구,medical_wellness,public_license_registry,OA-16480,한의원,"한방내과, 한방부인과, 한방소아과, 한방안?이비인후?피부과, 한방신경정신과, 한방재활의학과, 사상체질과, 침구과",3230000,PHMA120173230034041100083,"서울특별시 송파구 올림픽로 102, 3층 302호 (잠실동)",,영업/정상
VA638E0DCBE74,강석일한의원,강남구,medical_wellness,public_license_registry,OA-16480,한의원,"한방내과, 한방부인과, 한방소아과, 한방안?이비인후?피부과, 한방신경정신과, 한방재활의학과, 사상체질과, 침구과",3220000,PHMA120093220033041100122,"서울특별시 강남구 봉은사로 326, 1층 (역삼동, 남전빌딩)",서울특별시 강남구 역삼동 682번지 1층,영업/정상
VA63B2ABD9D4D,이영석제암의원,서초구,medical_wellness,public_license_registry,OA-16480,의원,"내과, 외과, 정형외과, 마취통증의학과",3210000,PHMA120163210034041100053,"서울특별시 서초구 효령로33길 55, 디엠타워동관 2층 (방배동)",서울특별시 서초구 방배동 907-10 디엠타워동관,영업/정상
VA687D6744263,강남중앙한의원,강남구,medical_wellness,public_license_registry,OA-16480,한의원,"한방내과, 한방부인과, 한방소아과, 한방안?이비인후?피부과, 한방신경정신과, 한방재활의학과, 사상체질과, 침구과",3220000,PHMA120253220033041100034,"서울특별시 강남구 학동로53길 17, 지경빌딩 2층 (논현동)",서울특별시 강남구 논현동 110-26,영업/정상
VA6950FB28A7F,굿센한의원,송파구,medical_wellness,public_license_registry,OA-16480,한의원,"한방내과, 한방부인과, 한방소아과, 한방안?이비인후?피부과, 한방신경정신과, 한방재활의학과, 사상체질과, 침구과",3230000,PHMA120153230034041100011,"서울특별시 송파구 올림픽로 212 (잠실동, 갤러리아팰리스상가)",서울특별시 송파구 잠실동 40번지 갤러리아팰리스상가 205호,영업/정상
VA7014990408A,압구정노트정형외과의원,강남구,medical_wellness,public_license_registry,OA-16480,의원,"정형외과, 신경외과, 마취통증의학과, 재활의학과",3220000,PHMA120243220033041100008,"서울특별시 강남구 언주로 874, 쌍봉빌딩 3층 (신사동)",서울특별시 강남구 신사동 638-13 쌍봉빌딩 3층,영업/정상
VA7282E1829BC,SUIT GYM(수트짐),강남구,exercise_body,public_license_registry,OA-16142,체력단련장업,,3220000,CDFH3301062023000046,"서울특별시 강남구 테헤란로25길 20, 역삼현대벤쳐텔 지하1층 (역삼동)",서울특별시 강남구 역삼동 642-1 역삼현대벤쳐텔,영업/정상
VA738CEB26D0F,서울수한의원,서초구,medical_wellness,public_license_registry,OA-16480,한의원,"한방내과, 한방부인과, 한방소아과, 한방안?이비인후?피부과, 한방신경정신과, 한방재활의학과, 사상체질과, 침구과",3210000,PHMA120073210034041100010,"서울특별시 서초구 서초대로 3-4, 407호 (방배동, 방배디오슈페리움1)",,영업/정상
VA744EDB932B0,하늘나무한의원,송파구,medical_wellness,public_license_registry,OA-16480,한의원,"한방내과, 한방부인과, 한방소아과, 한방안?이비인후?피부과, 한방신경정신과, 한방재활의학과, 사상체질과, 침구과",3230000,PHMA120133230034041100019,"서울특별시 송파구 올림픽로35길 124, 장미아파트 에이상가 312호 (신천동)",,영업/정상
VA7AF203CB572,하이온 트레이닝 센터,송파구,exercise_body,public_license_registry,OA-16142,체력단련장업,,3230000,CDFH3301062023000040,"서울특별시 송파구 백제고분로 377, 301호 (송파동)",서울특별시 송파구 송파동 19-4,영업/정상
VA7B4E3FAB1BB,쉬즈힐의원,서초구,medical_wellness,public_license_registry,OA-16480,의원,"내과, 외과, 정형외과, 성형외과, 마취통증의학과, 산부인과, 이비인후과, 피부과, 비뇨의학과, 재활의학과, 가정의학과",3210000,PHMA120203210034041100014,"서울특별시 서초구 강남대로 623, 잠원동 우일빌딩 지하1, 1, 2층 (잠원동)",서울특별시 서초구 잠원동 12-5 잠원동 우일빌딩,영업/정상
VA7BB85DAD8AE,"모아필라테스, 헬스장",송파구,exercise_body,public_license_registry,OA-16142,체력단련장업,,3230000,CDFH3301062025000023,"서울특별시 송파구 중대로 113, 대한전기협회 지하1층 (가락동)",서울특별시 송파구 가락동 79-2 대한전기협회,영업/정상
VA7C1D7B01AB7,전태공한의원,서초구,medical_wellness,public_license_registry,OA-16480,한의원,"한방내과, 한방부인과, 한방소아과, 한방안?이비인후?피부과, 한방신경정신과, 한방재활의학과, 사상체질과, 침구과",3210000,PHMA119923210034041100019,"서울특별시 서초구 서초중앙로 18, 203호 (서초동, 쌍용플래티넘)",서울특별시 서초구 서초동 1445번지 13호 쌍용플래티넘 203호,영업/정상
VA7C6E357C6E2,모션퍼포먼스짐 PT 잠실새내점,송파구,exercise_body,public_license_registry,OA-16142,체력단련장업,,3230000,CDFH3301062024000033,"서울특별시 송파구 삼전로 72, 엘에스 타워 지하2층 201호 (삼전동)",서울특별시 송파구 삼전동 7-34 엘에스 타워,영업/정상
VA7DD128D5C87,서초헬스크럽,서초구,exercise_body,public_license_registry,OA-16142,체력단련장업,,3210000,CDFH3301061995000003,"서울특별시 서초구 사평대로 349  (반포동,2층)",서울특별시 서초구 반포동 746-9 2층,영업/정상
VA7F211C81F5F,바른PT스튜디오,송파구,exercise_body,public_license_registry,OA-16142,체력단련장업,,3230000,CDFH3301062022000006,"서울특별시 송파구 백제고분로 438, 3층 301호 (송파동)",서울특별시 송파구 송파동 135-5 3층 301호,영업/정상
VA80E3D25B3A8,평강한의원,송파구,medical_wellness,public_license_registry,OA-16480,한의원,한방내과,3230000,PHMA120193230034041100072,"서울특별시 송파구 위례광장로 136, 에비뉴상가D동 205~206호 (장지동, 위례아이파크)",서울특별시 송파구 장지동 894번지 위례아이파크,영업/정상
VA8177753FA22,비피엠 리프팅 클럽,서초구,exercise_body,public_license_registry,OA-16142,체력단련장업,,3210000,CDFH3301062024000021,"서울특별시 서초구 강남대로43길 26, 일념빌딩 지하1층, 지상3층 (서초동)",서울특별시 서초구 서초동 1357-55 일념빌딩,영업/정상
VA83970468668,신유한의원,강남구,medical_wellness,public_license_registry,OA-16480,한의원,"한방내과, 한방부인과, 한방소아과, 한방안?이비인후?피부과, 한방신경정신과, 한방재활의학과, 사상체질과, 침구과",3220000,PHMA120183220033041100133,"서울특별시 강남구 학동로55길 12, 4층 (청담동)",서울특별시 강남구 청담동 38번지 27호 4층,영업/정상
VA8431AA4ED9D,헬스보이짐 신논현점,서초구,relax_recovery,public_license_registry,OA-16146,공동탕업,,3210000,3210000-202-2014-00001,"서울특별시 서초구 사평대로56길 7, B201~B203,B216~B218호 (서초동, 한일유앤아이)","서울특별시 서초구 서초동 1303-10 한일유앤아이 B201~B203,B216~B218호",영업/정상
VA846B612D7A7,강남올바른신경외과의원,서초구,medical_wellness,public_license_registry,OA-16480,의원,"정형외과, 신경외과, 마취통증의학과, 소아청소년과, 재활의학과",3210000,PHMA120183210034041100034,"서울특별시 서초구 서초대로74길 23, 3층 301호 (서초동, 서초타운트라팰리스)",서울특별시 서초구 서초동 1327번지 서초타운트라팰리스,영업/정상
VA84A844B6E40,네이키드짐,강남구,exercise_body,public_license_registry,OA-16142,체력단련장업,,3220000,CDFH3301062024000053,"서울특별시 강남구 강남대로94길 10, 지하1층 (역삼동)",서울특별시 강남구 역삼동 819,영업/정상
VA88ADF8A8701,올리브불한증막,강남구,relax_recovery,public_license_registry,OA-16146,공동탕업,,3220000,3220000-202-2004-00003,"서울특별시 강남구 논현로102길 58 (역삼동,지하1층)",서울특별시 강남구 역삼동 663-15 지하1층,영업/정상
VA8A572C35B39,웰니스라운지 헤이원,강남구,exercise_body,public_license_registry,OA-16142,체력단련장업,,3220000,CDFH3301062024000022,"서울특별시 강남구 도산대로25길 36, 지하1층 (신사동)",서울특별시 강남구 신사동 565-14,영업/정상
VA8B060B90B15,김공수한의원,송파구,medical_wellness,public_license_registry,OA-16480,한의원,"한방내과, 한방부인과, 한방소아과, 한방안?이비인후?피부과, 한방신경정신과, 한방재활의학과, 사상체질과, 침구과",3230000,PHMA119873230034041100175,"서울특별시 송파구 석촌호수로 70, 건양빌딩 (잠실동)",서울특별시 송파구 잠실동 208번지 12호 건양빌딩,영업/정상
VA8B3EB9C9C46,퍼포먼스 피지오 트레이닝 센터(Perform Physio),송파구,exercise_body,public_license_registry,OA-16142,체력단련장업,,3230000,CDFH3301062018000003,"서울특별시 송파구 법원로 128, 문정에스케이브이원지엘메트로시티 B동 318,319,320호 (문정동)","서울특별시 송파구 문정동 642-3 문정에스케이브이원지엘메트로시티 B동 318,319,320호",영업/정상
VA8D9562DA317,연세강의원,강남구,medical_wellness,public_license_registry,OA-16480,의원,"정형외과, 신경외과, 마취통증의학과, 재활의학과",3220000,PHMA120083220033041101036,"서울특별시 강남구 언주로30길 10, 현대비전21 209호 (도곡동)",서울특별시 강남구 도곡동 467-19 현대비전21,영업/정상
VA8E94D151C67,최은숙한의원,강남구,medical_wellness,public_license_registry,OA-16480,한의원,"한방내과, 한방부인과, 한방소아과, 한방안?이비인후?피부과, 한방신경정신과, 한방재활의학과, 사상체질과, 침구과",3220000,PHMA120193220033041100098,"서울특별시 강남구 양재대로41길 10, 1층 (일원동)",서울특별시 강남구 일원동 665-10,영업/정상
VA8EF8B307443,수이비인후과의원,서초구,medical_wellness,public_license_registry,OA-16480,의원,"내과, 정형외과, 소아청소년과, 안과, 이비인후과, 피부과",3210000,PHMA120133210034041100032,"서울특별시 서초구 태봉로 62 (우면동, 네이처프라자 403호)",서울특별시 서초구 우면동 725번지 네이처프라자 403호,영업/정상
VA8FD0F49FD15,수아연한의원,서초구,medical_wellness,public_license_registry,OA-16480,한의원,"한방내과, 한방부인과, 한방소아과, 한방안?이비인후?피부과, 한방신경정신과, 한방재활의학과, 사상체질과, 침구과",3210000,PHMA120143210034041100070,"서울특별시 서초구 남부순환로333길 13, 2층 (서초동)",,영업/정상
VA90099E10E49,선이고은한의원,서초구,medical_wellness,public_license_registry,OA-16480,한의원,"한방내과, 한방부인과, 한방소아과, 한방안?이비인후?피부과, 한방신경정신과, 한방재활의학과, 사상체질과, 침구과, 한방응급과",3210000,PHMA120213210034041100049,"서울특별시 서초구 강남대로 617, 대양빌딩 4층 (잠원동)",서울특별시 서초구 잠원동 12-17 대양빌딩,영업/정상
VA9105ADF8259,알통맨 휘트니스크럽(119),강남구,exercise_body,public_license_registry,OA-16142,체력단련장업,,3220000,CDFH3301062003000001,서울특별시 강남구 논현로 80 (개포동),서울특별시 강남구 개포동 1229-5,영업/정상
VA92C95F2E267,강남원의원,강남구,medical_wellness,public_license_registry,OA-16480,의원,"내과, 이비인후과, 피부과, 재활의학과, 가정의학과",3220000,PHMA120213220033041100216,"서울특별시 강남구 자곡로 180, 강남유탑유블레스 1층 109, 109-2호 (자곡동)","서울특별시 강남구 자곡동 651 강남유탑유블레스 1층 109, 호",영업/정상
VA94AD82F0FDD,학아재한의원,강남구,medical_wellness,public_license_registry,OA-16480,한의원,"한방안?이비인후?피부과, 한방신경정신과",3220000,PHMA120253220033041100211,"서울특별시 강남구 논현로159길 10, 6층 일부호 (신사동)",,영업/정상
VA94AFBE9C254,SOWEL,서초구,exercise_body,public_license_registry,OA-16142,체력단련장업,,3210000,CDFH3301062026000006,"서울특별시 서초구 서초중앙로33길 20, 태승빌딩 지하1층 (반포동)",서울특별시 서초구 반포동 54-7 태승빌딩,영업/정상
VA94E120CA4EA,송파성민의원,송파구,medical_wellness,public_license_registry,OA-16480,의원,"내과, 외과, 정형외과, 소아청소년과, 이비인후과, 피부과, 비뇨의학과",3230000,PHMA119973230034041100723,"서울특별시 송파구 마천로 333, 2층 (마천동)",서울특별시 송파구 마천동 307-35,영업/정상
VA951218E3826,강남바른정형외과의원,강남구,medical_wellness,public_license_registry,OA-16480,의원,정형외과,3220000,PHMA120153220033041100151,"서울특별시 강남구 테헤란로 110, 5층 501호 (역삼동, 켐브리지빌딩)",서울특별시 강남구 역삼동 825번지 18호 켐브리지빌딩 5층 501호,영업/정상
VA9555BEF51F6,반룡인수한의원,강남구,medical_wellness,public_license_registry,OA-16480,한의원,"한방내과, 한방부인과, 한방소아과, 한방안?이비인후?피부과, 한방신경정신과, 한방재활의학과, 사상체질과, 침구과",3220000,PHMA120013220033041101821,"서울특별시 강남구 학동로 338, 2층 204호 (논현동, 강남파라곤)",서울특별시 강남구 논현동 241-1 강남파라곤,영업/정상
VA97D456F2C13,연세마디의원,서초구,medical_wellness,public_license_registry,OA-16480,의원,"내과, 정형외과, 마취통증의학과",3210000,PHMA120253210034041100050,"서울특별시 서초구 주흥길 3, 3층 310호 (반포동)",서울특별시 서초구 반포동 745-6,영업/정상
VA97EEEF552F1,아이엠씨강남의원,강남구,medical_wellness,public_license_registry,OA-16480,의원,"내과, 외과, 정형외과, 성형외과, 가정의학과",3220000,PHMA120183220033041100096,"서울특별시 강남구 도산대로 107, 지하1층 (신사동)",서울특별시 강남구 신사동 501-2 BIO,영업/정상
VA9A0A2F5ECC6,프리짐 휘트니스,송파구,exercise_body,public_license_registry,OA-16142,체력단련장업,,3230000,CDFH3301062013000001,서울특별시 송파구 올림픽로47길 19 (풍납동),서울특별시 송파구 풍납동 399-1 402호,영업/정상
VA9A3099C2259,미소진한의원,송파구,medical_wellness,public_license_registry,OA-16480,한의원,"한방내과, 한방부인과, 한방소아과, 한방안?이비인후?피부과, 한방신경정신과, 한방재활의학과, 사상체질과, 침구과",3230000,PHMA120033230034041101186,"서울특별시 송파구 올림픽로12길 5, 정호빌딩 6층 (잠실동)",,영업/정상
VA9AD0B2ED3C3,더나은한의원,강남구,medical_wellness,public_license_registry,OA-16480,한의원,"한방내과, 한방부인과, 한방소아과, 한방안?이비인후?피부과, 한방신경정신과, 한방재활의학과, 사상체질과, 침구과",3220000,PHMA120193220033041100178,"서울특별시 강남구 테헤란로 403, 리치타워 403호 (삼성동)",,영업/정상
VA9B670DEC900,킹덤 휘트니스,송파구,exercise_body,public_license_registry,OA-16142,체력단련장업,,3230000,CDFH3301062024000023,"서울특별시 송파구 가락로 94, 5층 (석촌동)",서울특별시 송파구 석촌동 273-5 5층,영업/정상
VA9D80C80FC5D,라연한의원,강남구,medical_wellness,public_license_registry,OA-16480,한의원,"한방내과, 한방부인과, 한방소아과, 한방안?이비인후?피부과, 한방신경정신과, 한방재활의학과, 침구과",3220000,PHMA120173220033041100105,"서울특별시 강남구 강남대로 478, 3층 (논현동, 제우빌딩)",,영업/정상
VA9FE6942BFDD,채움 P.T,송파구,exercise_body,public_license_registry,OA-16142,체력단련장업,,3230000,CDFH3301062019000004,"서울특별시 송파구 송이로30길 19, 201호 (문정동, 형정빌딩)",서울특별시 송파구 문정동 106-8 형정빌딩 201호,영업/정상
VAA39A32B888E,김소형한의원,강남구,medical_wellness,public_license_registry,OA-16480,한의원,"한방내과, 한방부인과, 한방소아과, 한방안?이비인후?피부과, 한방신경정신과, 한방재활의학과, 사상체질과, 침구과",3220000,PHMA120013220033041101818,"서울특별시 강남구 가로수길 14, 다모빌딩 3층 (신사동)",서울특별시 강남구 신사동 541-15 다모빌딩 3층,영업/정상
VAA5FD1A90BEB,피브로한의원,서초구,medical_wellness,public_license_registry,OA-16480,한의원,"한방내과, 한방부인과, 한방소아과, 한방안?이비인후?피부과, 한방신경정신과, 한방재활의학과, 사상체질과, 침구과, 한방응급과",3210000,PHMA120153210034041100010,"서울특별시 서초구 서초대로73길 42, 강남역리가스퀘어(304호,305호) 3층 (서초동)",서울특별시 서초구 서초동 1308-26 강남역리가스퀘어,영업/정상
VAA84C2060E09,최용욱PTS(331),강남구,exercise_body,public_license_registry,OA-16142,체력단련장업,,3220000,CDFH3301062013000012,서울특별시 강남구 선릉로152길 32 (청담동),서울특별시 강남구 청담동 91-4,영업/정상
VAAAC6FBCEA93,휘트니스모션,강남구,exercise_body,public_license_registry,OA-16142,체력단련장업,,3220000,CDFH3301062016000007,"서울특별시 강남구 도산대로 532, 청담동 (청담동)",서울특별시 강남구 청담동 52-1,영업/정상
VAAB61FA47578,강남경희한의원,강남구,medical_wellness,public_license_registry,OA-16480,한의원,"한방내과, 한방부인과, 한방소아과, 한방안?이비인후?피부과, 한방신경정신과, 한방재활의학과, 사상체질과, 침구과",3220000,PHMA120233220033041100101,"서울특별시 강남구 삼성로 14, 3층 301, 302호 (개포동, 개포자이 프레지던스)",,영업/정상
VAABF5C9FD159,헬스보이짐 필라걸 문정역점,송파구,exercise_body,public_license_registry,OA-16142,체력단련장업,,3230000,CDFH3301062025000008,"서울특별시 송파구 법원로 127, 문정대명벨리온 지하1층 (문정동)",서울특별시 송파구 문정동 641-4 문정대명벨리온,영업/정상
VAAC7D0FB0EAC,다함경희한의원,송파구,medical_wellness,public_license_registry,OA-16480,한의원,"한방내과, 한방부인과, 한방소아과, 한방안?이비인후?피부과, 한방신경정신과, 한방재활의학과, 사상체질과, 침구과",3230000,PHMA120103230034041100009,"서울특별시 송파구 백제고분로 212 (삼전동, 아미빌딩)",서울특별시 송파구 삼전동 48번지 9호 아미빌딩 3층,영업/정상
VAAD0B1E090D1,현대경희한의원,강남구,medical_wellness,public_license_registry,OA-16480,한의원,"한방내과, 한방부인과, 한방소아과, 한방안?이비인후?피부과, 한방신경정신과, 한방재활의학과, 사상체질과, 침구과",3220000,PHMA120083220033041102042,"서울특별시 강남구 압구정로29길 68, 204호 (압구정동, 현대아파트)",서울특별시 강남구 압구정동 455 현대아파트,영업/정상
VAADA2857D7E0,에임트레이닝랩 잠실점,송파구,exercise_body,public_license_registry,OA-16142,체력단련장업,,3230000,CDFH3301062021000019,"서울특별시 송파구 올림픽로35길 93, B106, B126호 (신천동, 더샵스타리버)","서울특별시 송파구 신천동 11-8 더샵스타리버 B106, B126",영업/정상
VAADC0F2E34E5,the Fitness LAB,서초구,exercise_body,public_license_registry,OA-16142,체력단련장업,,3210000,CDFH3301062012000003,"서울특별시 서초구 동광로 101, 우림빌딩 2층 (방배동)",서울특별시 서초구 방배동 797-24 우림빌딩,영업/정상
VAAFC479BDC33,올림픽공원부부한의원,송파구,medical_wellness,public_license_registry,OA-16480,한의원,"한방내과, 한방부인과, 한방소아과, 한방안?이비인후?피부과, 한방신경정신과, 한방재활의학과, 사상체질과, 침구과",3230000,PHMA120213230034041100045,"서울특별시 송파구 위례성대로 38, 402호 (방이동, 해태그린피아빌라트)",,영업/정상
VAB13429EC9C3,바로365한의원,강남구,medical_wellness,public_license_registry,OA-16480,한의원,"한방내과, 한방부인과, 한방소아과, 한방안?이비인후?피부과, 한방신경정신과, 한방재활의학과, 사상체질과, 침구과, 한방응급과",3220000,PHMA120133220033041100111,"서울특별시 강남구 헌릉로 569, 2층 203호 (세곡동)",,영업/정상
VAB160AB92C76,골드스타짐,송파구,exercise_body,public_license_registry,OA-16142,체력단련장업,,3230000,CDFH3301062023000008,"서울특별시 송파구 백제고분로40길 4, 옥당빌딩 지하1층 (석촌동)",서울특별시 송파구 석촌동 285-5 옥당빌딩,영업/정상
VAB54FF0AACD4,경희지수한의원,송파구,medical_wellness,public_license_registry,OA-16480,한의원,"한방내과, 한방부인과, 한방소아과, 한방안?이비인후?피부과, 한방신경정신과, 한방재활의학과, 사상체질과, 침구과",3230000,PHMA120223230034041100055,"서울특별시 송파구 양재대로 1148, 왕천빌딩 201호 (오금동)",,영업/정상
VAB61E8AD904E,어웨이크짐(Awakegym),강남구,exercise_body,public_license_registry,OA-16142,체력단련장업,,3220000,CDFH3301062022000007,"서울특별시 강남구 도산대로25길 26, 여암(如巖)빌딩 B02호 (신사동)",서울특별시 강남구 신사동 564-18 여암(如巖)빌딩,영업/정상
VAB7041322636,킹핏(334),강남구,exercise_body,public_license_registry,OA-16142,체력단련장업,,3220000,CDFH3301062013000015,"서울특별시 강남구 선릉로 833, 태영빌딩 4층 (신사동)",서울특별시 강남구 신사동 664-10 태영빌딩,영업/정상
VABBDA2B92B39,마디힐신경외과의원,강남구,medical_wellness,public_license_registry,OA-16480,의원,"외과, 정형외과, 신경외과, 영상의학과, 재활의학과, 가정의학과",3220000,PHMA120063220033041100804,"서울특별시 강남구 선릉로131길 8, 노벨빌딩 6층 (논현동)",서울특별시 강남구 논현동 111-13 노벨빌딩,영업/정상
VABE17BABA971,힙블리PT,송파구,exercise_body,public_license_registry,OA-16142,체력단련장업,,3230000,CDFH3301062026000007,"서울특별시 송파구 동남로11길 9, 지하1층 (가락동)",서울특별시 송파구 가락동 136-1,영업/정상
VABF3DC02F322,청하당한의원,강남구,medical_wellness,public_license_registry,OA-16480,한의원,"한방내과, 한방부인과, 한방소아과, 한방안?이비인후?피부과, 한방신경정신과, 한방재활의학과, 사상체질과, 침구과",3220000,PHMA120153220033041100148,"서울특별시 강남구 양재대로55길 11, 2층 201(일부)호 (일원동)",서울특별시 강남구 일원동 644-3,영업/정상
VABF8513CCE93,휴메이크 휘트니스,강남구,exercise_body,public_license_registry,OA-16142,체력단련장업,,3220000,CDFH3301062014000025,서울특별시 강남구 도곡로 182 (도곡동),서울특별시 강남구 도곡동 545-14 양재벤처타워 지하2층,영업/정상
VAC17C1B85A05,백옥헌한의원,서초구,medical_wellness,public_license_registry,OA-16480,한의원,"한방내과, 한방부인과, 한방소아과, 한방안?이비인후?피부과, 한방신경정신과, 한방재활의학과, 사상체질과, 침구과",3210000,PHMA120143210034041100012,"서울특별시 서초구 방배중앙로 207-10, 1층 104호 (방배동, 아크로리버)",서울특별시 서초구 방배동 752-36 아크로리버 104호,영업/정상
VAC23A7B99BFC,보단한의원,강남구,medical_wellness,public_license_registry,OA-16480,한의원,한방내과,3220000,PHMA120223220033041100139,"서울특별시 강남구 도산대로 107, BIO 12층 (신사동)",,영업/정상
VAC55DE7F71BF,삼전경희한의원,송파구,medical_wellness,public_license_registry,OA-16480,한의원,"한방내과, 한방부인과, 한방소아과, 한방안?이비인후?피부과, 한방신경정신과, 한방재활의학과, 사상체질과, 침구과",3230000,PHMA120253230034041100025,"서울특별시 송파구 백제고분로 207, 3층 (삼전동, 제이플레이스)",,영업/정상
VAC602095C0CB,몬스터P.T 뷰티필라테스,송파구,exercise_body,public_license_registry,OA-16142,체력단련장업,,3230000,CDFH3301062018000013,"서울특별시 송파구 송파대로 422, 영빌딩 지하1층 (송파동)",서울특별시 송파구 송파동 84-7 영빌딩,영업/정상
VAC6BC2546364,엑스(x)휘트니스,서초구,exercise_body,public_license_registry,OA-16142,체력단련장업,,3210000,CDFH3301062022000020,"서울특별시 서초구 양재대로2길 109, 상가동 2층 201호 (우면동, 서초호반써밋)",서울특별시 서초구 우면동 753 서초호반써밋,영업/정상
VAC7AB408DE0B,헬링짐 신논현점 헬스&PT,서초구,exercise_body,public_license_registry,OA-16142,체력단련장업,,3210000,CDFH3301062018000015,"서울특별시 서초구 강남대로79길 59, 새로나 빌딩 지하2층 (반포동)",서울특별시 서초구 반포동 746-8 새로나 빌딩,영업/정상
VAC7C11940917,내몸한의원,강남구,medical_wellness,public_license_registry,OA-16480,한의원,"한방내과, 한방부인과, 한방소아과, 한방안?이비인후?피부과, 한방신경정신과, 한방재활의학과, 사상체질과, 침구과",3220000,PHMA120253220033041100033,"서울특별시 강남구 자곡로 192, 강남푸르지오시티 2차 109호,110호 (자곡동)",서울특별시 강남구 자곡동 655 강남푸르지오시티 2차,영업/정상
VACB5758BF5CC,J Gym(249),강남구,exercise_body,public_license_registry,OA-16142,체력단련장업,,3220000,CDFH3301062011000005,"서울특별시 강남구 도곡로63길 34  (대치동,요안빌딩 지하1층)",서울특별시 강남구 대치동 924-1 요안빌딩 지하1층,영업/정상
VACDB43E30FCF,크로스핏 볼케이노,강남구,exercise_body,public_license_registry,OA-16142,체력단련장업,,3220000,CDFH3301062025000060,"서울특별시 강남구 선릉로 525, 지하1층 (역삼동)",서울특별시 강남구 역삼동 696-35,영업/정상
VACDCB041A11C,옛날한의원,강남구,medical_wellness,public_license_registry,OA-16480,한의원,"한방내과, 한방부인과, 한방소아과, 한방안?이비인후?피부과, 한방신경정신과, 한방재활의학과, 사상체질과, 침구과",3220000,PHMA119843220033041101737,"서울특별시 강남구 압구정로 152, B동 7층 702호 (신사동, 극동스포츠빌딩)",서울특별시 강남구 신사동 575번지 극동타워 B동 702호 B동 702호,영업/정상
VACE5D3680B77,경희생생한의원,송파구,medical_wellness,public_license_registry,OA-16480,한의원,"한방내과, 한방부인과, 한방소아과, 한방안?이비인후?피부과, 한방신경정신과, 한방재활의학과, 사상체질과, 침구과",3230000,PHMA120243230034041100029,"서울특별시 송파구 중대로 105, 가락 ID TOWER 2층 204,205호 (가락동)",,영업/정상
VAD1E3A0533B8,코너맨(CORNER MAN),강남구,exercise_body,public_license_registry,OA-16142,체력단련장업,,3220000,CDFH3301062022000059,"서울특별시 강남구 논현로151길 20, 지하1층 (신사동)",서울특별시 강남구 신사동 562-14,영업/정상
VAD3B6E91E2CF,정마취통증의학과의원,송파구,medical_wellness,public_license_registry,OA-16480,의원,"내과, 정형외과, 마취통증의학과, 이비인후과, 피부과",3230000,PHMA120063230034041101340,"서울특별시 송파구 백제고분로 173 (잠실동, 2층)",서울특별시 송파구 잠실동 234번지 16호(2층),영업/정상
VAD6971501B0C,성모튼튼의원,서초구,medical_wellness,public_license_registry,OA-16480,의원,"정형외과, 신경외과, 마취통증의학과, 재활의학과",3210000,PHMA120173210034041100040,"서울특별시 서초구 바우뫼로7길 3 (우면동, 중평빌딩)",,영업/정상
VAD80CC147EDF,위례우일유치원부설 태권도,송파구,exercise_body,public_license_registry,OA-16142,체력단련장업,,3230000,CDFH3301062015000006,서울특별시 송파구 성내천로47길 38-1 (마천동),서울특별시 송파구 마천동 596,영업/정상
VAD9FF33530DC,글로우핏,송파구,exercise_body,public_license_registry,OA-16142,체력단련장업,,3230000,CDFH3301062025000029,"서울특별시 송파구 석촌호수로 298, 202호 (송파동, 잠실대우 레이크월드)",서울특별시 송파구 송파동 58-1 잠실대우 레이크월드,영업/정상
VADAEE18EE9C3,위 크로스핏 강남,서초구,exercise_body,public_license_registry,OA-16142,체력단련장업,,3210000,CDFH3301062025000003,"서울특별시 서초구 강남대로 527, 브랜드칸 타워 지하2층 (반포동)",서울특별시 서초구 반포동 722-20 브랜드칸 타워,영업/정상
VADBDBE182597,문정이누리정형외과의원,송파구,medical_wellness,public_license_registry,OA-16480,의원,"내과, 정형외과, 신경외과, 마취통증의학과, 소아청소년과, 재활의학과",3230000,PHMA120173230034041100026,"서울특별시 송파구 송파대로 167, 문정역테라타워 A동 301,302,319-1호 (문정동)",서울특별시 송파구 문정동 651번지 문정역테라타워,영업/정상
VADBE94914608,더핏(335),강남구,exercise_body,public_license_registry,OA-16142,체력단련장업,,3220000,CDFH3301062013000016,"서울특별시 강남구 언주로30길 13 (도곡동, 대림아크로텔 2층)",서울특별시 강남구 도곡동 467-6 대림아크로텔 2층,영업/정상
VADC128E7E14C,서울경희한의원,강남구,medical_wellness,public_license_registry,OA-16480,한의원,"한방내과, 한방부인과, 한방소아과, 한방안?이비인후?피부과, 한방신경정신과, 한방재활의학과, 사상체질과, 침구과",3220000,PHMA120093220033041100222,"서울특별시 강남구 남부순환로 2917, 청실종합상가 201가,208나호 (대치동)",,영업/정상
VADC8FAEA6F59,다나라의원,송파구,medical_wellness,public_license_registry,OA-16480,의원,"내과, 신경과, 정형외과, 신경외과, 마취통증의학과, 소아청소년과, 피부과, 재활의학과",3230000,PHMA120203230034041100032,"서울특별시 송파구 백제고분로 279, 송파동산빌딩 B1,2~5 층 (석촌동)",서울특별시 송파구 석촌동 14-13 송파동산빌딩,영업/정상
VADCD319C1008,고려탕,송파구,relax_recovery,public_license_registry,OA-16146,공동탕업,,3230000,3230000-202-2003-00042,서울특별시 송파구 송파대로27길 30 (문정동),서울특별시 송파구 문정동 150-35,영업/정상
VADD9FC8B98CF,비헬씨 서초점,서초구,exercise_body,public_license_registry,OA-16142,체력단련장업,,3210000,CDFH3301062015000014,"서울특별시 서초구 강남대로 305, 지하1층 109호 (서초동, 현대렉시온)",서울특별시 서초구 서초동 1338-20,영업/정상
VADEBC4E3A2AD,W 헬스(218),강남구,exercise_body,public_license_registry,OA-16142,체력단련장업,,3220000,CDFH3301062010000004,"서울특별시 강남구 압구정로30길 23  (신사동,지하3층)",서울특별시 강남구 신사동 609-1 지하3층,영업/정상
VAE0782C0A023,경희시은한의원,강남구,medical_wellness,public_license_registry,OA-16480,한의원,"한방내과, 한방부인과, 한방소아과, 한방안?이비인후?피부과, 한방신경정신과, 한방재활의학과, 사상체질과, 침구과",3220000,PHMA120073220033041102000,"서울특별시 강남구 테헤란로27길 26, 2층 (역삼동)",,영업/정상
VAE078B74EDC4,에이블짐 압구정로데오점,강남구,exercise_body,public_license_registry,OA-16142,체력단련장업,,3220000,CDFH3301062020000023,"서울특별시 강남구 압구정로 320, 극동Gallery (신사동)",서울특별시 강남구 신사동 639-3 극동Gallery,영업/정상
VAE08EA04C790,휴메이크 휘트니스,서초구,exercise_body,public_license_registry,OA-16142,체력단련장업,,3210000,CDFH3301062016000009,"서울특별시 서초구 반포대로 34, 지하1층 (서초동)",서울특별시 서초구 서초동 1459-12 지하2층호,영업/정상
VAE32FE1F5A0C,연세희망피부과의원,송파구,medical_wellness,public_license_registry,OA-16480,의원,"내과, 신경과, 정신건강의학과, 외과, 정형외과, 신경외과, 성형외과, 마취통증의학과, 산부인과, 소아청소년과, 안과, 이비인후과, 피부과, 비뇨의학과, 가정의학과",3230000,PHMA120163230034041100062,"서울특별시 송파구 송파대로 167, A동 2층 213호 (문정동, 문정역테라타워)",서울특별시 송파구 문정동 651번지 A동 213호,영업/정상
VAE81A4C8D9D0,드림스타 휘트니스(323),강남구,exercise_body,public_license_registry,OA-16142,체력단련장업,,3220000,CDFH3301062013000004,서울특별시 강남구 학동로 201 (논현동),서울특별시 강남구 논현동 87-8 구연빌딩 5층,영업/정상
VAE88FB68D101,위고짐(WEGO GYM),강남구,exercise_body,public_license_registry,OA-16142,체력단련장업,,3220000,CDFH3301062019000039,"서울특별시 강남구 선릉로161길 15-4, 신사동 S빌딩 2층 (신사동)",서울특별시 강남구 신사동 662-13 신사동 S빌딩,영업/정상
VAE9C28DA99CB,연세위너스재활의학과의원,송파구,medical_wellness,public_license_registry,OA-16480,의원,"내과, 정형외과, 성형외과, 마취통증의학과, 재활의학과",3230000,PHMA120223230034041100066,"서울특별시 송파구 양재대로 932, 가락동 농수산물도매시장 업무동 5층 (가락동)",,영업/정상
VAED290D5F148,베네짐 삼전점,송파구,exercise_body,public_license_registry,OA-16142,체력단련장업,,3230000,CDFH3301062025000040,"서울특별시 송파구 백제고분로 229, 지하1층 (삼전동)",서울특별시 송파구 삼전동 9-8,영업/정상
VAEDAF266147C,크는한의원,송파구,medical_wellness,public_license_registry,OA-16480,한의원,"한방내과, 한방부인과, 한방소아과, 한방안?이비인후?피부과, 한방신경정신과, 한방재활의학과, 사상체질과, 침구과",3230000,PHMA120183230034041100048,"서울특별시 송파구 오금로11길 11-8, 현대드림밸리 7층 703호 (방이동)",서울특별시 송파구 방이동 34-2 현대드림밸리,영업/정상
VAEE00F08EA19,청명한의원,강남구,medical_wellness,public_license_registry,OA-16480,한의원,"한방내과, 한방부인과, 한방소아과, 한방안?이비인후?피부과, 한방신경정신과, 한방재활의학과, 사상체질과, 침구과",3220000,PHMA120023220033041101836,"서울특별시 강남구 선릉로 326, 2층 204호 (대치동)",서울특별시 강남구 대치동 922,영업/정상
VAEF3D0BB329B,성보한의원,송파구,medical_wellness,public_license_registry,OA-16480,한의원,"한방내과, 한방부인과, 한방소아과, 한방안?이비인후?피부과, 한방신경정신과, 한방재활의학과, 사상체질과, 침구과",3230000,PHMA119943230034041100507,서울특별시 송파구 문정로 11 (문정동),서울특별시 송파구 문정동 51번지 7호,영업/정상
VAEF48852DD88,임홍준한의원,서초구,medical_wellness,public_license_registry,OA-16480,한의원,"한방내과, 한방부인과, 한방소아과, 한방안?이비인후?피부과, 한방신경정신과, 한방재활의학과, 사상체질과, 침구과, 한방응급과",3210000,PHMA120163210034041100046,"서울특별시 서초구 청계산로 195, 2층 207호 (신원동, 프라임시티)",,영업/정상
VAF3A5032297C,행복365의원,송파구,medical_wellness,public_license_registry,OA-16480,의원,"내과, 신경과, 정형외과, 소아청소년과, 안과, 이비인후과, 피부과, 비뇨의학과, 가정의학과, 응급의학과",3230000,PHMA120253230034041100045,"서울특별시 송파구 석촌호수로 130, 신원빌딩 4층 (삼전동)",서울특별시 송파구 삼전동 1-1 신원빌딩,영업/정상
VAF3A8E32181C,AML(Athletic Movement Lab),강남구,exercise_body,public_license_registry,OA-16142,체력단련장업,,3220000,CDFH3301062022000030,"서울특별시 강남구 선릉로127길 10, GOOD 401호 (논현동)",서울특별시 강남구 논현동 242-14 GOOD,영업/정상
VAF5F86BE3E1C,김진섭정형외과의원,송파구,medical_wellness,public_license_registry,OA-16480,의원,정형외과,3230000,PHMA120223230034041100068,"서울특별시 송파구 위례성대로 136, 지하1층,지상2층 (방이동)",서울특별시 송파구 방이동 184,영업/정상
VAF65FC421F8B,트라이앵글 짐,강남구,exercise_body,public_license_registry,OA-16142,체력단련장업,,3220000,CDFH3301062025000043,"서울특별시 강남구 도산대로 419, 아노블리81 4층 (청담동)",서울특별시 강남구 청담동 91-2 아노블리81,영업/정상
VAF66DE4790A0,삼대국민한의원,강남구,medical_wellness,public_license_registry,OA-16480,한의원,"한방내과, 한방부인과, 한방소아과, 한방안?이비인후?피부과, 한방신경정신과, 한방재활의학과, 사상체질과, 침구과",3220000,PHMA120143220033041100190,"서울특별시 강남구 테헤란로88길 10, 신안메트로칸 201호,204호,B05호(지하1층) (대치동)",,영업/정상
VAF7B0BC4CEE9,박성진정형외과의원,송파구,medical_wellness,public_license_registry,OA-16480,의원,"내과, 정형외과, 신경외과",3230000,PHMA120193230034041100021,"서울특별시 송파구 석촌호수로 80, 송천빌딩 (잠실동)",서울특별시 송파구 잠실동 209번지 송천빌딩,영업/정상
VAFBA8D5F9344,원피트니스(One fitness),송파구,exercise_body,public_license_registry,OA-16142,체력단련장업,,3230000,CDFH3301062024000022,"서울특별시 송파구 동남로4길 18, 2층 (문정동)",서울특별시 송파구 문정동 41 2층,영업/정상
VAFD94801D46F,자연재생한의원,강남구,medical_wellness,public_license_registry,OA-16480,한의원,"한방내과, 한방부인과, 한방소아과, 한방안?이비인후?피부과, 한방신경정신과, 한방재활의학과, 사상체질과, 침구과",3220000,PHMA120023220033041101843,"서울특별시 강남구 봉은사로 434, 석수빌딩 4층 (삼성동)",,영업/정상
VAFE0853792A5,카인드짐 24시 휘트니스 잠실점,송파구,exercise_body,public_license_registry,OA-16142,체력단련장업,,3230000,CDFH3301062003000016,"서울특별시 송파구 올림픽로35길 112, 장미아파트 비상가 5층 (신천동)",서울특별시 송파구 신천동 7 장미아파트 비상가,영업/정상
VAFF87CAC3124,한양척척마취통증의학과의원,송파구,medical_wellness,public_license_registry,OA-16480,의원,"내과, 정형외과, 신경외과, 마취통증의학과, 재활의학과",3230000,PHMA120193230034041100014,"서울특별시 송파구 백제고분로 463, 웅산빌딩 2층 (방이동)",서울특별시 송파구 방이동 108번지 웅산빌딩,영업/정상
VAFFAFE917ACA,모브핏(Mauve Fit),서초구,exercise_body,public_license_registry,OA-16142,체력단련장업,,3210000,CDFH3301062023000030,"서울특별시 서초구 효령로27길 20, 2층 (방배동)",서울특별시 서초구 방배동 913-8,영업/정상
VB0001DA2566F,머슬마인드 강남구청점,강남구,exercise_body,public_license_registry,OA-16142,체력단련장업,,3220000,CDFH3301062017000046,"서울특별시 강남구 선릉로 703, HS TOWER 지하1층 (논현동)",서울특별시 강남구 논현동 119-2 HS TOWER,영업/정상
VB004FB4BB598,케어바이아터스PT,송파구,exercise_body,public_license_registry,OA-16142,체력단련장업,,3230000,CDFH3301062023000043,"서울특별시 송파구 송파대로 410, 지하1층 (송파동)",서울특별시 송파구 송파동 89-2,영업/정상
VB005382954AC,누리마루한의원,서초구,medical_wellness,public_license_registry,OA-16480,한의원,"한방내과, 한방부인과, 한방소아과, 한방안?이비인후?피부과, 한방신경정신과, 한방재활의학과, 사상체질과, 침구과",3210000,PHMA120093210034041100095,"서울특별시 서초구 잠원로 24, 515호 (반포동, 반포자이프라자상가)",서울특별시 서초구 반포동 20번지 45호 반포자이프라자상가 515호,영업/정상
VB054938F4216,영희한의원,강남구,medical_wellness,public_license_registry,OA-16480,한의원,"한방내과, 한방부인과, 한방소아과, 한방안?이비인후?피부과, 한방신경정신과, 한방재활의학과, 사상체질과, 침구과, 한방응급과",3220000,PHMA120153220033041100140,"서울특별시 강남구 일원로 33, 금성빌딩 2층 201호 (일원동)",,영업/정상
VB064A5FFF275,짐스휘트니스,송파구,exercise_body,public_license_registry,OA-16142,체력단련장업,,3230000,CDFH3301062002000015,"서울특별시 송파구 가락로 168 (송파동, 부성빌딩)",서울특별시 송파구 송파동 103-2 3.4층,영업/정상
VB06F111EBAC5,Body Atelier,송파구,exercise_body,public_license_registry,OA-16142,체력단련장업,,3230000,CDFH3301062020000004,"서울특별시 송파구 위례순환로 478, 센트라포레 1101호 (장지동)",서울특별시 송파구 장지동 904-2 센트라포레,영업/정상
VB07554A02444,강남할아버지한의원,서초구,medical_wellness,public_license_registry,OA-16480,한의원,"한방내과, 한방부인과, 한방소아과, 한방안?이비인후?피부과, 한방신경정신과, 한방재활의학과, 사상체질과, 침구과",3210000,PHMA120053210034041100012,"서울특별시 서초구 남부순환로339길 72, 2층 (서초동, 목전빌딩)",,영업/정상
VB07E9F99F3C3,바른결 PT,서초구,exercise_body,public_license_registry,OA-16142,체력단련장업,,3210000,CDFH3301062023000001,"서울특별시 서초구 서초중앙로 26, 201호 (서초동, 래미안 서초유니빌)",서울특별시 서초구 서초동 1445-4 래미안 서초유니빌,영업/정상
VB0BBDDDD1E3A,베데스다정형외과의원,강남구,medical_wellness,public_license_registry,OA-16480,의원,"내과, 외과, 정형외과, 비뇨의학과, 영상의학과, 재활의학과",3220000,PHMA120223220033041100063,"서울특별시 강남구 언주로 309, 기성빌딩 2층 (역삼동)",서울특별시 강남구 역삼동 784-6 기성빌딩,영업/정상
VB0DD87D0FAAE,참신통한의원,강남구,medical_wellness,public_license_registry,OA-16480,한의원,"한방내과, 한방부인과, 한방소아과, 한방안?이비인후?피부과, 한방신경정신과, 한방재활의학과, 사상체질과, 침구과, 한방응급과",3220000,PHMA120153220033041100011,"서울특별시 강남구 학동로67길 5, 2층 (청담동, 인주빌딩)",,영업/정상
VB0E260F3BEA5,호텔리베라사우나(여),강남구,relax_recovery,public_license_registry,OA-16146,공동탕업,,3220000,3220000-202-1987-00206,서울특별시 강남구 영동대로 737 (청담동),서울특별시 강남구 청담동 53-7,영업/정상
VB0F442C76361,참짐(475),강남구,exercise_body,public_license_registry,OA-16142,체력단련장업,,3220000,CDFH3301062016000045,"서울특별시 강남구 도곡로 229 (역삼동, 오성빌딩)",서울특별시 강남구 역삼동 786-24,영업/정상
VB0F8D1D815D9,잠실본한의원,송파구,medical_wellness,public_license_registry,OA-16480,한의원,"한방내과, 한방부인과, 한방소아과, 한방안?이비인후?피부과, 한방신경정신과, 한방재활의학과, 사상체질과, 침구과",3230000,PHMA120103230034041100052,서울특별시 송파구 올림픽로12길 40 (잠실동),,영업/정상
VB0FFE18C5522,스마트정형외과의원,강남구,medical_wellness,public_license_registry,OA-16480,의원,"내과, 정형외과, 신경외과, 피부과, 비뇨의학과, 영상의학과, 재활의학과",3220000,PHMA120123220033041100058,"서울특별시 강남구 테헤란로 139-1, 5층 (역삼동)",서울특별시 강남구 역삼동 646-7 5층,영업/정상
VB101C229A5A6,본 스토리,강남구,exercise_body,public_license_registry,OA-16142,체력단련장업,,3220000,CDFH3301062017000028,"서울특별시 강남구 압구정로46길 5-2, 원일 3층 (신사동)",서울특별시 강남구 신사동 660-18 원일,영업/정상
VB12C4D28F15E,김창환한의원,서초구,medical_wellness,public_license_registry,OA-16480,한의원,"한방내과, 한방부인과, 한방소아과, 한방안?이비인후?피부과, 한방신경정신과, 한방재활의학과, 사상체질과, 침구과",3210000,PHMA120113210034041100107,서울특별시 서초구 사평대로26길 9-5 (반포동),서울특별시 서초구 반포동 535번지 2호,영업/정상
VB132C1D48C08,소이안한의원,서초구,medical_wellness,public_license_registry,OA-16480,한의원,"한방내과, 한방부인과, 한방소아과, 한방안?이비인후?피부과, 한방신경정신과, 한방재활의학과, 사상체질과, 침구과",3210000,PHMA120213210034041100096,"서울특별시 서초구 사임당로 158, 리더스원 상가 301-1호 (서초동)",서울특별시 서초구 서초동 1755-1 리더스원 상가,영업/정상
VB1469A2EFDEB,WAGAGYM 압구정점,강남구,exercise_body,public_license_registry,OA-16142,체력단련장업,,3220000,CDFH3301062017000006,"서울특별시 강남구 압구정로50길 18, 5층 501호 (신사동)",서울특별시 강남구 신사동 659-13,영업/정상
VB17AD9A49B42,보산한의원,강남구,medical_wellness,public_license_registry,OA-16480,한의원,"한방내과, 한방부인과, 한방소아과, 한방안?이비인후?피부과, 한방신경정신과, 한방재활의학과, 사상체질과, 침구과",3220000,PHMA119883220033041101753,"서울특별시 강남구 삼성로 212, A동 2 층 211-2호 (대치동, 은마종합상가 )",,영업/정상
VB18650198846,유대상정형외과의원,강남구,medical_wellness,public_license_registry,OA-16480,의원,정형외과,3220000,PHMA119993220033041100251,"서울특별시 강남구 선릉로 38, 오성빌딩 5층 (개포동)",서울특별시 강남구 개포동 168-5 오성빌딩,영업/정상
VB1940733105C,헬스파르타클럽(369),강남구,exercise_body,public_license_registry,OA-16142,체력단련장업,,3220000,CDFH3301062014000021,서울특별시 강남구 삼성로63길 17 (대치동),서울특별시 강남구 대치동 932-9 지하1층 101호,영업/정상
VB1AC703072D1,본라인한의원,강남구,medical_wellness,public_license_registry,OA-16480,한의원,"한방내과, 한방부인과, 한방소아과, 한방안?이비인후?피부과, 한방신경정신과, 한방재활의학과, 사상체질과, 침구과",3220000,PHMA120243220033041100130,"서울특별시 강남구 삼성로 517, 111호 (삼성동, 채널리저브)",서울특별시 강남구 삼성동 144-14 채널리저브 111호,영업/정상
VB1D0E89F2E7D,라비아 피트니스,강남구,exercise_body,public_license_registry,OA-16142,체력단련장업,,3220000,CDFH3301062017000011,서울특별시 강남구 선릉로 328 (대치동),서울특별시 강남구 대치동 921-5,영업/정상
VB213B1595345,Beyond Fitness Club,강남구,exercise_body,public_license_registry,OA-16142,체력단련장업,,3220000,CDFH3301062020000018,"서울특별시 강남구 도곡로 181, 일성빌딩 지하1층 (역삼동)",서울특별시 강남구 역삼동 799-19 일성빌딩,영업/정상
VB21DB87ED2E0,소올한의원,강남구,medical_wellness,public_license_registry,OA-16480,한의원,"한방내과, 한방부인과, 한방소아과, 한방안?이비인후?피부과, 한방신경정신과, 한방재활의학과, 사상체질과, 침구과",3220000,PHMA120173220033041100173,"서울특별시 강남구 테헤란로 528, 3층 (대치동)",서울특별시 강남구 대치동 945번지 5호 슈페리어타워,영업/정상
VB223C2E2D66E,장미희서울신경과의원,송파구,medical_wellness,public_license_registry,OA-16480,의원,"내과, 신경과, 정신건강의학과, 정형외과, 이비인후과, 재활의학과, 가정의학과",3230000,PHMA120233230034041100032,"서울특별시 송파구 석촌호수로 80, 송천빌딩 4층 (잠실동)",서울특별시 송파구 잠실동 209 송천빌딩,영업/정상
VB225794169B4,뇌움한의원,서초구,medical_wellness,public_license_registry,OA-16480,한의원,"한방내과, 한방부인과, 한방소아과, 한방안?이비인후?피부과, 한방신경정신과, 한방재활의학과, 사상체질과, 침구과",3210000,PHMA120083210034041100127,"서울특별시 서초구 서초대로 397, 부띠크 모나코 203-1호 (서초동)",서울특별시 서초구 서초동 1316-5 부띠크 모나코,영업/정상
VB2267658DEB9,피티공간,강남구,exercise_body,public_license_registry,OA-16142,체력단련장업,,3220000,CDFH3301062022000027,"서울특별시 강남구 일원로 47, 대청빌딩 지하1층 b2호 (일원동)",서울특별시 강남구 일원동 684-6 대청빌딩,영업/정상
VB245DE0382AB,나인,강남구,relax_recovery,public_license_registry,OA-16146,공동탕업,,3220000,3220000-202-2012-00005,"서울특별시 강남구 언주로90길 12, 지상5층 (역삼동)",서울특별시 강남구 역삼동 706-18,영업/정상
VB25CDA33645B,경희동행한의원,강남구,medical_wellness,public_license_registry,OA-16480,한의원,"한방내과, 한방부인과, 한방소아과, 한방안?이비인후?피부과, 한방신경정신과, 한방재활의학과, 사상체질과, 침구과",3220000,PHMA120263220033041100065,"서울특별시 강남구 압구정로28길 14, 2층 (신사동)",,영업/정상
VB26CC4E28852,웰빙의원,송파구,medical_wellness,public_license_registry,OA-16480,의원,"내과, 외과, 정형외과, 마취통증의학과, 소아청소년과, 피부과, 비뇨의학과, 가정의학과",3230000,PHMA120223230034041100016,"서울특별시 송파구 백제고분로48길 38, 2층 201호 (방이동, 은석빌딩)",서울특별시 송파구 방이동 122-7 은석빌딩,영업/정상
VB283BCA9ECA5,주식회사 7세븐스튜디오도곡역,강남구,exercise_body,public_license_registry,OA-16142,체력단련장업,,3220000,CDFH3301062026000008,"서울특별시 강남구 남부순환로 2909, 여천빌딩 제지하1층 제비101호 (대치동)",서울특별시 강남구 대치동 651 여천빌딩,영업/정상
VB2A25C932E58,모어핏 PT&Pilates,송파구,exercise_body,public_license_registry,OA-16142,체력단련장업,,3230000,CDFH3301062022000023,"서울특별시 송파구 백제고분로 433, 장학학원 5층 (송파동)",서울특별시 송파구 송파동 48-18 장학학원 5층,영업/정상
VB2D7E25D3215,윌 피티 짐,서초구,exercise_body,public_license_registry,OA-16142,체력단련장업,,3210000,CDFH3301062022000026,"서울특별시 서초구 서초대로25길 6, 지하1층 (방배동, 희연(HEE YEON))",서울특별시 서초구 방배동 876-20 희연(HEE YEON),영업/정상
VB2DAD2B3BA52,파프짐 개포PT,강남구,exercise_body,public_license_registry,OA-16142,체력단련장업,,3220000,CDFH3301062025000042,"서울특별시 강남구 선릉로 48, 지하1층 (개포동)",서울특별시 강남구 개포동 168-11,영업/정상
VB2E5A4E34ED3,경희태강한의원,송파구,medical_wellness,public_license_registry,OA-16480,한의원,"한방내과, 한방부인과, 한방소아과, 한방안?이비인후?피부과, 한방신경정신과, 한방재활의학과, 침구과",3230000,PHMA120213230034041100040,"서울특별시 송파구 마천로5길 4, 삼대양빌딩 3층 (오금동)",,영업/정상
VB2EE89A28C8A,짐박스피트니스 일원역점,강남구,exercise_body,public_license_registry,OA-16142,체력단련장업,,3220000,CDFH3301062025000007,"서울특별시 강남구 일원로 지하 121, 일원역 (일원동)",서울특별시 강남구 일원동 717 일원역,영업/정상
VB30C3ED969F1,하나의원,송파구,medical_wellness,public_license_registry,OA-16480,의원,"내과, 외과, 정형외과, 신경외과, 마취통증의학과, 소아청소년과, 비뇨의학과, 방사선종양학과, 재활의학과",3230000,PHMA120023230034041101089,"서울특별시 송파구 오금로 506 (거여동, 3층)",서울특별시 송파구 거여동 27번지 1호 3층,영업/정상
VB34CCA912324,크로스핏거여 앤 탑스포츠클럽,송파구,exercise_body,public_license_registry,OA-16142,체력단련장업,,3230000,CDFH3301062008000002,"서울특별시 송파구 오금로 508 (거여동, 스타빌딩)",서울특별시 송파구 거여동 27-4 6층,영업/정상
VB37DAAA549C6,그린헬스,서초구,exercise_body,public_license_registry,OA-16142,체력단련장업,,3210000,CDFH3301061996000001,서울특별시 서초구 동광로 18  (방배동),서울특별시 서초구 방배동 825-1,영업/정상
VB38978DC3FFD,대치에스마취통증의학과의원,강남구,medical_wellness,public_license_registry,OA-16480,의원,"내과, 정형외과, 신경외과, 마취통증의학과, 재활의학과, 가정의학과",3220000,PHMA120173220033041100092,"서울특별시 강남구 남부순환로397길 57, 3층 (대치동, 대치메디칼센터)",서울특별시 강남구 대치동 629번지 1호 3층,영업/정상
VB3A0BEC3FBEB,바디랩엘 노블레스,강남구,exercise_body,public_license_registry,OA-16142,체력단련장업,,3220000,CDFH3301062025000036,"서울특별시 강남구 삼성로 634, 5층 (삼성동)",서울특별시 강남구 삼성동 65-5,영업/정상
VB3B17DDA3E8D,압구정도추한의원,강남구,medical_wellness,public_license_registry,OA-16480,한의원,"한방내과, 한방부인과, 한방소아과, 한방안?이비인후?피부과, 한방신경정신과, 한방재활의학과, 사상체질과, 침구과",3220000,PHMA120063220033041101973,"서울특별시 강남구 논현로 838, 3층 (신사동)",서울특별시 강남구 신사동 598-3,영업/정상
VB3E086D9E4CA,더멤버십짐X토탈케어컴퍼니,강남구,exercise_body,public_license_registry,OA-16142,체력단련장업,,3220000,CDFH3301062020000040,"서울특별시 강남구 학동로 338, 지하2층층 (논현동, 강남파라곤)",서울특별시 강남구 논현동 241-1 강남파라곤,영업/정상
VB3E96F106A18,새비채한의원,송파구,medical_wellness,public_license_registry,OA-16480,한의원,"한방내과, 한방부인과, 한방소아과, 한방안?이비인후?피부과, 한방신경정신과, 한방재활의학과, 사상체질과, 침구과",3230000,PHMA120223230034041100038,"서울특별시 송파구 법원로 114, 엠스테이트 E동 B161호 (문정동)",,영업/정상
VB3F717E21542,제이짐(Jgym),서초구,exercise_body,public_license_registry,OA-16142,체력단련장업,,3210000,CDFH3301062017000001,"서울특별시 서초구 서초중앙로 62, 지하1층 (서초동, 우일빌딩)",,영업/정상
VB40D4B396C8A,에이비한의원,강남구,medical_wellness,public_license_registry,OA-16480,한의원,"한방내과, 한방부인과, 한방소아과, 한방안?이비인후?피부과, 한방신경정신과, 한방재활의학과, 사상체질과, 침구과",3220000,PHMA120213220033041100005,"서울특별시 강남구 광평로51길 6-9, 7층 (수서동)",,영업/정상
VB40DE385437B,하이브짐(Hive Gym),서초구,exercise_body,public_license_registry,OA-16142,체력단련장업,,3210000,CDFH3301062023000020,"서울특별시 서초구 효령로 330, 해평빌딩 2층 (서초동)",서울특별시 서초구 서초동 1443-11 해평빌딩,영업/정상
VB48AB98E5B21,바른코치,송파구,exercise_body,public_license_registry,OA-16142,체력단련장업,,3230000,CDFH3301062025000025,"서울특별시 송파구 송파대로 447, 현재빌딩 4층 (석촌동)",서울특별시 송파구 석촌동 174-15 현재빌딩,영업/정상
VB4A70F43C4FA,강남재활의학과의원,강남구,medical_wellness,public_license_registry,OA-16480,의원,재활의학과,3220000,PHMA119953220033041100165,"서울특별시 강남구 논현로 509 (역삼동, 송암II빌딩 3층일부)",서울특별시 강남구 역삼동 642번지 10호 3층일부,영업/정상
VB4BAD8B85C46,로그짐 강남역점,서초구,exercise_body,public_license_registry,OA-16142,체력단련장업,,3210000,CDFH3301062021000014,"서울특별시 서초구 서초대로77길 5, 진영빌딩 13층 (서초동)",서울특별시 서초구 서초동 1317-14,영업/정상
VB51675D454C0,다나아한의원,서초구,medical_wellness,public_license_registry,OA-16480,한의원,"한방내과, 한방부인과, 한방소아과, 한방안?이비인후?피부과, 한방신경정신과, 한방재활의학과, 사상체질과, 침구과",3210000,PHMA120013210034041100003,"서울특별시 서초구 신반포로 205, 6동 3층 (잠원동, 반포쇼핑)",,영업/정상
VB52663287298,바른핏PT필라테스,서초구,exercise_body,public_license_registry,OA-16142,체력단련장업,,3210000,CDFH3301062025000009,"서울특별시 서초구 서초중앙로24길 17, 베아따빌딩본관 지하1층 (서초동)",서울특별시 서초구 서초동 1696-15 베아따빌딩본관,영업/정상
VB52DC1C60C15,생기한의원,송파구,medical_wellness,public_license_registry,OA-16480,한의원,"한방내과, 한방부인과, 한방소아과, 한방안?이비인후?피부과, 한방신경정신과, 한방재활의학과, 사상체질과, 침구과",3230000,PHMA120163230034041100027,"서울특별시 송파구 석촌호수로 61, 트리지움 404호 (잠실동)",서울특별시 송파구 잠실동 35-2 트리지움,영업/정상
VB541D4E0C0D7,매드짐(MAD GYM),강남구,exercise_body,public_license_registry,OA-16142,체력단련장업,,3220000,CDFH3301062014000045,"서울특별시 강남구 압구정로79길 60, 3층 (청담동, 제일빌딩)",서울특별시 강남구 청담동 125-7,영업/정상
VB57F97D51B2C,교대역점 스포애니(주)케이디헬스케어,서초구,exercise_body,public_license_registry,OA-16142,체력단련장업,,3210000,CDFH3301062020000014,"서울특별시 서초구 서초중앙로22길 17, 지하1층 (서초동)",서울특별시 서초구 서초동 1671-2,영업/정상
VB5877B447E5F,석촌경희한의원,송파구,medical_wellness,public_license_registry,OA-16480,한의원,"한방내과, 한방부인과, 한방소아과, 한방안?이비인후?피부과, 한방신경정신과, 한방재활의학과, 사상체질과, 침구과",3230000,PHMA120143230034041100008,"서울특별시 송파구 백제고분로 377, 2층 (송파동)",,영업/정상
VB5891563035D,경희약손한의원,송파구,medical_wellness,public_license_registry,OA-16480,한의원,"한방내과, 한방부인과, 한방소아과, 한방안?이비인후?피부과, 한방신경정신과, 한방재활의학과, 사상체질과, 침구과",3230000,PHMA120133230034041100017,"서울특별시 송파구 중대로 60, 4층 (문정동)",,영업/정상
VB5918360D608,네이처바이트 주식회사,서초구,exercise_body,public_license_registry,OA-16142,체력단련장업,,3210000,CDFH3301062021000018,"서울특별시 서초구 성촌4길 11, 하이디하우스 지하1층, 지상4층 (우면동)",서울특별시 서초구 우면동 671 하이디하우스,영업/정상
VB59872EED4E4,티티성형외과의원,강남구,medical_wellness,public_license_registry,OA-16480,의원,"내과, 신경과, 정신건강의학과, 외과, 정형외과, 신경외과, 심장혈관흉부외과, 성형외과, 마취통증의학과, 산부인과, 소아청소년과, 안과, 이비인후과, 피부과, 비뇨의학과, 영상의학과, 방사선종양학과, 병리과, 진단검사의학과, 재활의학과, 결핵과, 가정의학과, 핵의학과, 응급의학과",3220000,PHMA120223220033041100035,"서울특별시 강남구 강남대로 492, 한맥빌딩 14층 (논현동)",서울특별시 강남구 논현동 165-8 한맥빌딩 14층,영업/정상
VB5B8C470D4EB,제임스짐JS점,송파구,exercise_body,public_license_registry,OA-16142,체력단련장업,,3230000,CDFH3301062001000010,"서울특별시 송파구 올림픽로4길 48, 지하1층 (잠실동)",서울특별시 송파구 잠실동 101-1 우성상가지하1층,영업/정상
VB5C74E3A6DB6,본앤미의원,강남구,medical_wellness,public_license_registry,OA-16480,의원,"정형외과, 피부과",3220000,PHMA120223220033041100092,"서울특별시 강남구 테헤란로 지하156, 역삼역 B1층 221-102호 (역삼동)",서울특별시 강남구 역삼동 804 역삼역,영업/정상
VB5D34D21BE5D,본디올동의한의원,송파구,medical_wellness,public_license_registry,OA-16480,한의원,"한방내과, 한방부인과, 한방소아과, 한방안?이비인후?피부과, 한방신경정신과, 한방재활의학과, 사상체질과, 침구과",3230000,PHMA119983230034041100740,"서울특별시 송파구 마천로61다길 21 (마천동,2층)",서울특별시 송파구 마천1동 307번지 2층,영업/정상
VB5E226AF92E0,짐로드,강남구,exercise_body,public_license_registry,OA-16142,체력단련장업,,3220000,CDFH3301062022000043,"서울특별시 강남구 삼성로133길 12, 지하1층 (청담동)",서울특별시 강남구 청담동 32-5,영업/정상
VB5EFBE4E5A97,보명한의원,서초구,medical_wellness,public_license_registry,OA-16480,한의원,"한방내과, 한방부인과, 한방소아과, 한방안?이비인후?피부과, 한방신경정신과, 한방재활의학과, 사상체질과, 침구과",3210000,PHMA120083210034041100131,"서울특별시 서초구 서초대로77길 9, 1001호 (서초동, 강남누드죤빌딩)",서울특별시 서초구 서초동 1317-11 누드존빌딩 1001호,영업/정상
VB5F0FD2ADA75,비에이한의원,강남구,medical_wellness,public_license_registry,OA-16480,한의원,"한방내과, 한방부인과, 한방소아과, 한방안?이비인후?피부과, 한방신경정신과, 한방재활의학과, 사상체질과, 침구과",3220000,PHMA120263220033041100023,"서울특별시 강남구 봉은사로 213, 센트럴타워 5층 (논현동)",,영업/정상
VB5FEA1A9D5C7,삼성어울림의원,송파구,medical_wellness,public_license_registry,OA-16480,의원,"내과, 신경과, 정신건강의학과, 외과, 정형외과, 산부인과, 소아청소년과, 안과, 이비인후과, 피부과, 비뇨의학과, 재활의학과, 가정의학과",3230000,PHMA120173230034041100080,"서울특별시 송파구 송파대로 562, 9층 일부 호 (신천동, 한빛프라자,삼성웰리스아파트)","서울특별시 송파구 신천동 7번지 17호 한빛프라자,삼성웰리스아파트",영업/정상
VB6147E247647,J.bro(242),강남구,exercise_body,public_license_registry,OA-16142,체력단련장업,,3220000,CDFH3301062010000028,"서울특별시 강남구 선릉로148길 27  (청담동,2층)",서울특별시 강남구 청담동 3-20 2층,영업/정상
VB6176BCABC09,바디셀프,강남구,exercise_body,public_license_registry,OA-16142,체력단련장업,,3220000,CDFH3301062017000033,"서울특별시 강남구 삼성로 612, 지하1층 (삼성동)",서울특별시 강남구 삼성동 70-7,영업/정상
VB62448A6EF87,문정연세내과의원,송파구,medical_wellness,public_license_registry,OA-16480,의원,"내과, 신경과, 정신건강의학과, 외과, 정형외과, 신경외과, 마취통증의학과, 소아청소년과, 이비인후과, 피부과, 비뇨의학과, 영상의학과, 병리과, 진단검사의학과, 재활의학과, 가정의학과, 응급의학과, 예방의학과",3230000,PHMA120263230034041100022,"서울특별시 송파구 송이로36길 68, 신안빌딩 2층 (문정동)",서울특별시 송파구 문정동 89-8 신안빌딩,영업/정상
VB62AFAB52C7B,서초바른한의원,서초구,medical_wellness,public_license_registry,OA-16480,한의원,"한방내과, 한방부인과, 한방소아과, 한방안?이비인후?피부과, 한방신경정신과, 한방재활의학과, 사상체질과, 침구과",3210000,PHMA120243210034041100117,"서울특별시 서초구 서초중앙로 45, 서초레몬 202호 (서초동)",서울특별시 서초구 서초동 1600-11 서초레몬,영업/정상
VB63BD0572AAB,바디쉬휘트니스(삼성중앙역점),강남구,exercise_body,public_license_registry,OA-16142,체력단련장업,,3220000,CDFH3301062024000046,"서울특별시 강남구 삼성로 571, 케이빌딩 B1층 (삼성동)",서울특별시 강남구 삼성동 119-9 케이빌딩,영업/정상
VB6440F1865FD,고려한의원,송파구,medical_wellness,public_license_registry,OA-16480,한의원,"한방내과, 한방부인과, 한방소아과, 한방안?이비인후?피부과, 한방신경정신과, 한방재활의학과, 사상체질과, 침구과",3230000,PHMA120103230034041100046,"서울특별시 송파구 새말로8길 29, 2, 3층 (문정동, 신일장로교회)",,영업/정상
VB659109BBB6F,연세에스의원,강남구,medical_wellness,public_license_registry,OA-16480,의원,"정형외과, 신경외과, 성형외과, 마취통증의학과, 피부과",3220000,PHMA120183220033041100077,"서울특별시 강남구 학동로 171, 삼익악기 빌딩 2층 (논현동)",,영업/정상
VB6653C792775,오늘은한의원,서초구,medical_wellness,public_license_registry,OA-16480,한의원,"한방내과, 한방부인과, 한방소아과, 한방안?이비인후?피부과, 한방신경정신과, 한방재활의학과, 침구과",3210000,PHMA120243210034041100051,"서울특별시 서초구 반포대로 38, 와라빌딩 2층 (서초동)",,영업/정상
VB665E93DCACE,방이내과의원,송파구,medical_wellness,public_license_registry,OA-16480,의원,"내과, 신경과, 정신건강의학과, 정형외과, 마취통증의학과, 소아청소년과, 이비인후과, 피부과, 비뇨의학과, 영상의학과, 진단검사의학과",3230000,PHMA120003230034041100904,서울특별시 송파구 가락로 277 (방이동),서울특별시 송파구 방이2동 159번지 6호,영업/정상
VB66C29FD1122,경희다올한의원,강남구,medical_wellness,public_license_registry,OA-16480,한의원,"한방내과, 한방부인과, 한방소아과, 한방안?이비인후?피부과, 한방신경정신과, 한방재활의학과, 사상체질과, 침구과, 한방응급과",3220000,PHMA120143220033041100034,"서울특별시 강남구 봉은사로 328, 창일빌딩 2층 (역삼동)",서울특별시 강남구 역삼동 682-7 창일빌딩,영업/정상
VB67844EF54C2,피티가이드 재활PT Pilates,강남구,exercise_body,public_license_registry,OA-16142,체력단련장업,,3220000,CDFH3301062026000011,"서울특별시 강남구 선릉로132길 28, 2층 (청담동)",서울특별시 강남구 청담동 42-1,영업/정상
VB67FDA43F0F8,펀짐 킥복싱 무에타이,강남구,exercise_body,public_license_registry,OA-16142,체력단련장업,,3220000,CDFH3301062021000006,"서울특별시 강남구 봉은사로1길 8, 3층 (논현동)",서울특별시 강남구 논현동 198-22,영업/정상
VB682575CDC35,퍼스트짐,서초구,exercise_body,public_license_registry,OA-16142,체력단련장업,,3210000,CDFH3301062019000003,"서울특별시 서초구 동산로12길 4, 유성빌딩 지하1층 (양재동)",서울특별시 서초구 양재동 376-2 유성빌딩,영업/정상
VB695B8FD1003,반포연세정형외과의원,서초구,medical_wellness,public_license_registry,OA-16480,의원,"내과, 신경과, 정신건강의학과, 외과, 정형외과, 신경외과, 마취통증의학과, 소아청소년과, 안과, 피부과, 비뇨의학과, 가정의학과",3210000,PHMA120153210034041100091,"서울특별시 서초구 신반포로 213, 7동 4층 (잠원동, 반포쇼핑타운)",,영업/정상
VB6984DCBD550,바른한의원,송파구,medical_wellness,public_license_registry,OA-16480,한의원,"한방내과, 한방부인과, 한방소아과, 한방안?이비인후?피부과, 한방신경정신과, 한방재활의학과, 사상체질과, 침구과",3230000,PHMA120143230034041100015,"서울특별시 송파구 송파대로 441, 3층 (석촌동, 청호빌딩)",,영업/정상
VB6B94489687D,TOMO PT STUDIO(토모피티),서초구,exercise_body,public_license_registry,OA-16142,체력단련장업,,3210000,CDFH3301062024000011,"서울특별시 서초구 효령로29길 23, B101호 (방배동)",서울특별시 서초구 방배동 913-19,영업/정상
VB6D95873E819,녹월한의원,서초구,medical_wellness,public_license_registry,OA-16480,한의원,"한방내과, 한방부인과, 한방소아과, 한방안?이비인후?피부과, 한방신경정신과, 한방재활의학과, 사상체질과, 침구과",3210000,PHMA120163210034041100051,"서울특별시 서초구 반포대로 287, 204~206호 (반포동, 래미안퍼스티지 중심상가)",,영업/정상
VB71E210424C4,나도균한의원,강남구,medical_wellness,public_license_registry,OA-16480,한의원,"한방내과, 한방부인과, 한방소아과, 한방안?이비인후?피부과, 한방신경정신과, 한방재활의학과, 사상체질과, 침구과",3220000,PHMA120073220033041102009,"서울특별시 강남구 학동로 338, 1층 (논현동, 강남파라곤)",서울특별시 강남구 논현동 241-1 강남파라곤,영업/정상
VB7251F123E18,이현준한의원,강남구,medical_wellness,public_license_registry,OA-16480,한의원,"한방내과, 한방부인과, 한방소아과, 한방안?이비인후?피부과, 한방신경정신과, 한방재활의학과, 사상체질과, 침구과",3220000,PHMA120223220033041100134,"서울특별시 강남구 선릉로 514, 성원타워 지하1층 101호 (삼성동)",,영업/정상
VB7843E0CF5B9,(주)조선호텔앤리조트 조선팰리스강남 사우나,강남구,relax_recovery,public_license_registry,OA-16146,공동탕업,,3220000,3220000-202-2021-00004,"서울특별시 강남구 테헤란로 231, 센터필드 26층 (역삼동)",서울특별시 강남구 역삼동 676 센터필드,영업/정상
VB78D99292827,포에테스(272),강남구,exercise_body,public_license_registry,OA-16142,체력단련장업,,3220000,CDFH3301062011000030,"서울특별시 강남구 남부순환로 2763, 201호 (도곡동,SK리더스뷰상가 2층)",서울특별시 강남구 도곡동 168 SK리더스뷰상가 2층 201호,영업/정상
VB79162D01C2C,서문한의원,강남구,medical_wellness,public_license_registry,OA-16480,한의원,"한방내과, 한방부인과, 한방소아과, 한방안?이비인후?피부과, 한방신경정신과, 한방재활의학과, 사상체질과, 침구과",3220000,PHMA120103220033041100239,"서울특별시 강남구 남부순환로 2738, 상일빌딩 303호 (도곡동)",서울특별시 강남구 도곡동 411-20 상일빌딩,영업/정상
VB7B72A8701AE,문동언마취통증의학과의원,강남구,medical_wellness,public_license_registry,OA-16480,의원,"신경과, 정형외과, 마취통증의학과, 재활의학과",3220000,PHMA120213220033041100123,"서울특별시 강남구 논현로 526, 지하2,지하1,6층 (역삼동)","서울특별시 강남구 역삼동 668 지하2,지하1,6층",영업/정상
VB7CDFD6B2B02,경희다복한의원,송파구,medical_wellness,public_license_registry,OA-16480,한의원,"한방내과, 한방부인과, 한방소아과, 한방안?이비인후?피부과, 한방신경정신과, 한방재활의학과, 사상체질과, 침구과",3230000,PHMA120063230034041101342,"서울특별시 송파구 오금로 404, 원일빌딩 (가락동)",,영업/정상
VB7FC98791419,안전지대 휘트니스,서초구,exercise_body,public_license_registry,OA-16142,체력단련장업,,3210000,CDFH3301062006000006,"서울특별시 서초구 동작대로 230 (방배동,(지하1층))",서울특별시 서초구 방배동 753-5 (지하1층),영업/정상
VB81FA9DF0454,역삼한의원,강남구,medical_wellness,public_license_registry,OA-16480,한의원,"한방내과, 한방부인과, 한방소아과, 한방안?이비인후?피부과, 한방신경정신과, 한방재활의학과, 사상체질과, 침구과",3220000,PHMA119983220033041101807,"서울특별시 강남구 논현로63길 16, 2층 213호 (역삼동, 강남서해그랑블)",,영업/정상
VB822EDCF8746,GYM609,강남구,exercise_body,public_license_registry,OA-16142,체력단련장업,,3220000,CDFH3301062017000022,"서울특별시 강남구 논현로105길 13 (역삼동, DY빌딩, 지하2층)","서울특별시 강남구 역삼동 609-1 DY빌딩, 지하2층",영업/정상
VB82C001D6431,바디텍처 스튜디오 청담,강남구,exercise_body,public_license_registry,OA-16142,체력단련장업,,3220000,CDFH3301062023000034,"서울특별시 강남구 도산대로 431, 3층 (청담동)",서울특별시 강남구 청담동 92-2,영업/정상
VB849CBEC22B7,오웰,송파구,exercise_body,public_license_registry,OA-16142,체력단련장업,,3230000,CDFH3301062013000003,서울특별시 송파구 동남로20길 25 (가락동),서울특별시 송파구 가락동 174-28 3.4층,영업/정상
VB84A9479B915,서울강남재활의학과의원,강남구,medical_wellness,public_license_registry,OA-16480,의원,"내과, 신경과, 정신건강의학과, 외과, 정형외과, 신경외과, 마취통증의학과, 소아청소년과, 이비인후과, 피부과, 비뇨의학과, 재활의학과, 가정의학과",3220000,PHMA120183220033041100119,"서울특별시 강남구 선릉로 227, 102호 (도곡동)",서울특별시 강남구 도곡동 538-1,영업/정상
VB874E10C868D,서초리더스정형외과재활의학과의원,서초구,medical_wellness,public_license_registry,OA-16480,의원,"내과, 신경과, 정신건강의학과, 정형외과, 신경외과, 마취통증의학과, 피부과, 진단검사의학과, 재활의학과, 가정의학과, 응급의학과",3210000,PHMA120183210034041100062,"서울특별시 서초구 방배로 109, 서초리더스빌딩 2~5층 (방배동)",서울특별시 서초구 방배동 924-12 서초리더스빌딩,영업/정상
VB87D9F560BEC,여덟한의원,서초구,medical_wellness,public_license_registry,OA-16480,한의원,"한방내과, 한방부인과, 한방소아과, 한방안?이비인후?피부과, 한방신경정신과, 한방재활의학과, 사상체질과, 침구과",3210000,PHMA120253210034041100107,"서울특별시 서초구 신반포로 205, 반포쇼핑타운 5층 504,505호 (잠원동)",서울특별시 서초구 잠원동 69-12 반포쇼핑타운,영업/정상
VB8B61F03945D,주명돈한의원,강남구,medical_wellness,public_license_registry,OA-16480,한의원,"한방내과, 한방부인과, 한방소아과, 한방안?이비인후?피부과, 한방신경정신과, 한방재활의학과, 사상체질과, 침구과",3220000,PHMA119983220033041101802,"서울특별시 강남구 일원로 95, 신영프라자 402,403호 (일원동)",서울특별시 강남구 일원동 715-1 신영프라자,영업/정상
VB8BAD06CA2FC,지인마취통증의학과의원,송파구,medical_wellness,public_license_registry,OA-16480,의원,"내과, 정형외과, 신경외과, 마취통증의학과, 가정의학과",3230000,PHMA120133230034041100007,"서울특별시 송파구 오금로 176, 지인빌딩 지하1,2,4,5,6층 (송파동)",,영업/정상
VB8D12AEFAA33,에스에이치(SH)성형외과의원,서초구,medical_wellness,public_license_registry,OA-16480,의원,"내과, 외과, 정형외과, 성형외과, 마취통증의학과, 안과, 이비인후과, 피부과, 가정의학과",3210000,PHMA120203210034041100026,"서울특별시 서초구 강남대로 487, 3층 (반포동)",서울특별시 서초구 반포동 737번지 18호,영업/정상
VB8D820279344,라우더,강남구,exercise_body,public_license_registry,OA-16142,체력단련장업,,3220000,CDFH3301062026000023,"서울특별시 강남구 학동로87길 9, 상가동 지하층 (청담동, 진흥아파트)",서울특별시 강남구 청담동 65 진흥아파트,영업/정상
VB8FE20C0C627,동경한의원,서초구,medical_wellness,public_license_registry,OA-16480,한의원,"한방내과, 한방부인과, 한방소아과, 한방안?이비인후?피부과, 한방신경정신과, 한방재활의학과, 사상체질과, 침구과",3210000,PHMA120253210034041100074,"서울특별시 서초구 강남대로 455, 지하1층 124호, 3층 307호 (서초동, 강남태영데시앙루브)",,영업/정상
VB9121F30E70C,맞춤한의원,강남구,medical_wellness,public_license_registry,OA-16480,한의원,"한방내과, 한방부인과, 한방소아과, 한방안?이비인후?피부과, 한방신경정신과, 한방재활의학과, 사상체질과, 침구과",3220000,PHMA120123220033041100198,"서울특별시 강남구 개포로 615, 석탑프라자, 개포3동주민센터 303호 (개포동)","서울특별시 강남구 개포동 12-4 석탑프라자, 개포3동주민센터",영업/정상
VB91D6B096855,Lion GYM,서초구,exercise_body,public_license_registry,OA-16142,체력단련장업,,3210000,CDFH3301062013000008,"서울특별시 서초구 서초대로65길 13-10 (서초동, 서초래미안@상가동 207호)",서울특별시 서초구 서초동 1682 서초래미안@상가동 207호,영업/정상
VB927C91D1F40,다짐,강남구,exercise_body,public_license_registry,OA-16142,체력단련장업,,3220000,CDFH3301062022000003,"서울특별시 강남구 선릉로162길 51, 201호 (청담동)",서울특별시 강남구 청담동 80-17,영업/정상
VB92DE727ADB9,"버핏그라운드 도곡, 팀버핏 도곡",강남구,exercise_body,public_license_registry,OA-16142,체력단련장업,,3220000,CDFH3301062011000004,"서울특별시 강남구 언주로30길 21, B201-2호 (도곡동, 아카데미스위트)",서울특별시 강남구 도곡동 467-7 B201-2호,영업/정상
VB938FC19012F,한사랑의원,송파구,medical_wellness,public_license_registry,OA-16480,의원,"내과, 정형외과, 소아청소년과, 이비인후과, 피부과",3230000,PHMA120093230034041100021,"서울특별시 송파구 올림픽로 435 (신천동, 파크리오B상가 307호)",,영업/정상
VB9860E0CABC3,플랜비(Plan B) 골프 아카데미,강남구,exercise_body,public_license_registry,OA-16142,체력단련장업,,3220000,CDFH3301062026000007,"서울특별시 강남구 영동대로85길 20, 대치3차아이파크 오피스텔 지하1층 (대치동)",서울특별시 강남구 대치동 945-20 대치3차아이파크 오피스텔,영업/정상
VB9CA389CEC26,경희두드림한의원,송파구,medical_wellness,public_license_registry,OA-16480,한의원,"한방내과, 한방부인과, 한방소아과, 한방안?이비인후?피부과, 한방신경정신과, 한방재활의학과, 사상체질과, 침구과",3230000,PHMA120123230034041100044,"서울특별시 송파구 위례성대로18길 31-20, 5층 501호 (방이동)",,영업/정상
VB9E6865D2D3D,커브스 개포클럽,강남구,exercise_body,public_license_registry,OA-16142,체력단련장업,,3220000,CDFH3301062020000011,"서울특별시 강남구 개포로82길 13-15, 302호 (개포동)",서울특별시 강남구 개포동 186-6,영업/정상
VBA19FD5F1CB4,착한헬스 강남구청점,강남구,exercise_body,public_license_registry,OA-16142,체력단련장업,,3220000,CDFH3301062023000026,"서울특별시 강남구 선릉로129길 9-4, 2층 (논현동)",서울특별시 강남구 논현동 242-17,영업/정상
VBA97FB8C51F2,압구정대자인한의원,강남구,medical_wellness,public_license_registry,OA-16480,한의원,"한방내과, 한방부인과, 한방소아과, 한방안?이비인후?피부과, 한방신경정신과, 한방재활의학과, 사상체질과, 침구과",3220000,PHMA120103220033041100309,"서울특별시 강남구 선릉로 815, 신한양빌딩 201,202,203호 (신사동)",,영업/정상
VBABA64B587C0,좋아짐 서울,서초구,exercise_body,public_license_registry,OA-16142,체력단련장업,,3210000,CDFH3301062025000007,"서울특별시 서초구 서초대로 339, 성산빌딩 지하1층 (서초동)",서울특별시 서초구 서초동 1689-5 성산빌딩,영업/정상
VBABAA7969A92,오피티스튜디오,강남구,exercise_body,public_license_registry,OA-16142,체력단련장업,,3220000,CDFH3301062019000029,"서울특별시 강남구 삼성로 317, 우석빌딩 지하2층 (대치동)",서울특별시 강남구 대치동 931-26 우석빌딩,영업/정상
VBAC9070926AD,서리풀동의보감한의원,서초구,medical_wellness,public_license_registry,OA-16480,한의원,"한방내과, 한방부인과, 한방소아과, 한방안?이비인후?피부과, 한방신경정신과, 한방재활의학과, 사상체질과, 침구과",3210000,PHMA120103210034041100092,"서울특별시 서초구 방배천로18길 32 (방배동, 방배코너스톤)",서울특별시 서초구 방배동 436번지 3호 101호,영업/정상
VBAD010BE0AB8,베이스 피트니스,서초구,exercise_body,public_license_registry,OA-16142,체력단련장업,,3210000,CDFH3301062024000031,"서울특별시 서초구 사평대로26길 55, 지하1층 (반포동)",서울특별시 서초구 반포동 75-1,영업/정상
VBAD670A60621,챔스PT,강남구,exercise_body,public_license_registry,OA-16142,체력단련장업,,3220000,CDFH3301062023000030,"서울특별시 강남구 남부순환로351길 22-8, 지하1층 (도곡동)",서울특별시 강남구 도곡동 951-15,영업/정상
VBAD899153450,마루,강남구,relax_recovery,public_license_registry,OA-16146,목욕장업 기타,,3220000,3220000-202-2021-00002,"서울특별시 강남구 논현로 831, 네오스 지하1층, 지하2층 (신사동)",서울특별시 강남구 신사동 585-1 네오스,영업/정상
VBAD8D3744F70,블리스의원,강남구,medical_wellness,public_license_registry,OA-16480,의원,"정형외과, 성형외과, 산부인과, 피부과, 가정의학과",3220000,PHMA120213220033041100203,"서울특별시 강남구 언주로 865, 태승빌딩 4~5층 401, 501호 (신사동)",서울특별시 강남구 신사동 618-4 태승빌딩 4~5층,영업/정상
VBAFA1E0FAFA0,선명한의원,송파구,medical_wellness,public_license_registry,OA-16480,한의원,"한방내과, 한방부인과, 한방소아과, 한방안?이비인후?피부과, 한방신경정신과, 한방재활의학과, 사상체질과, 침구과",3230000,PHMA120083230034041101491,"서울특별시 송파구 양재대로 1222, 올림픽프라자 (방이동)",,영업/정상
VBAFFFE81E935,조은마취통증의학과의원,송파구,medical_wellness,public_license_registry,OA-16480,의원,"내과, 정형외과, 신경외과, 마취통증의학과, 영상의학과, 재활의학과",3230000,PHMA120083230034041101489,"서울특별시 송파구 동남로 138, 삼원빌딩 4층 일부호 (문정동)",서울특별시 송파구 문정동 4-4 삼원빌딩,영업/정상
VBB06B23F1221,마주본한의원,강남구,medical_wellness,public_license_registry,OA-16480,한의원,"한방내과, 한방부인과, 한방소아과, 한방안?이비인후?피부과, 한방신경정신과, 한방재활의학과, 사상체질과, 침구과",3220000,PHMA120243220033041100194,"서울특별시 강남구 테헤란로81길 26, 유림빌딩 2층 (삼성동)",,영업/정상
VBB126F17D27A,양재본정형외과의원,강남구,medical_wellness,public_license_registry,OA-16480,의원,"내과, 정형외과, 신경외과, 마취통증의학과, 재활의학과",3220000,PHMA120213220033041100153,"서울특별시 강남구 강남대로 242, 크리스탈빌딩 2층 (도곡동)",서울특별시 강남구 도곡동 953-3 크리스탈빌딩,영업/정상
VBB28601FBBB0,(주)1981 골프앤휘트니스,강남구,exercise_body,public_license_registry,OA-16142,체력단련장업,,3220000,CDFH3301062018000019,"서울특별시 강남구 삼성로85길 38, 지하2층 (대치동, 대치동 우정에쉐르1)",서울특별시 강남구 대치동 891-28 대치동 우정에쉐르1,영업/정상
VBB2A9DE3D3D4,고려탕,송파구,relax_recovery,public_license_registry,OA-16146,공동탕업,,3230000,3230000-202-1984-00206,서울특별시 송파구 백제고분로39길 13 (석촌동),서울특별시 송파구 석촌동 171-11,영업/정상
VBB2AA38E633D,운동케어짐,송파구,exercise_body,public_license_registry,OA-16142,체력단련장업,,3230000,CDFH3301062017000004,"서울특별시 송파구 양재대로72길 18, 현대백조상가 2동 지하1층 101호 (오금동)",서울특별시 송파구 오금동 20-2 현대백조상가 2동 지하1층 101호,영업/정상
VBB312F946245,삼성서울도담외과의원,송파구,medical_wellness,public_license_registry,OA-16480,의원,"내과, 외과, 정형외과, 성형외과, 소아청소년과, 피부과",3230000,PHMA120183230034041100066,"서울특별시 송파구 송파대로 111, 205동 A311호 (문정동, 파크하비오)",서울특별시 송파구 문정동 618번지 파크하비오,영업/정상
VBB4242755891,카이로킴의원,송파구,medical_wellness,public_license_registry,OA-16480,의원,"내과, 신경과, 정형외과, 마취통증의학과, 재활의학과",3230000,PHMA120203230034041100008,"서울특별시 송파구 올림픽로 106, 상록빌딩 6층 (잠실동)",서울특별시 송파구 잠실동 181번지 7호 상록빌딩,영업/정상
VBB53BFCA952B,나비드짐 PT&필라테스 선릉점,강남구,exercise_body,public_license_registry,OA-16142,체력단련장업,,3220000,CDFH3301062021000025,"서울특별시 강남구 선릉로86길 7, B1층 (대치동)",서울특별시 강남구 대치동 889-75,영업/정상
VBB7CBB303115,삼정사우나,강남구,relax_recovery,public_license_registry,OA-16146,공동탕업,,3220000,3220000-202-1982-00201,서울특별시 강남구 봉은사로 150 (역삼동),서울특별시 강남구 역삼동 604-11,영업/정상
VBB83386A6DBC,용하한의원,강남구,medical_wellness,public_license_registry,OA-16480,한의원,"한방내과, 한방부인과, 한방소아과, 한방안?이비인후?피부과, 한방신경정신과, 사상체질과, 침구과",3220000,PHMA120183220033041100084,"서울특별시 강남구 개포로 508, 소망빌딩 3층일부층 (개포동)",서울특별시 강남구 개포동 186번지 15호 소망빌딩,영업/정상
VBB88565E8077,(주)케이에스 스포짐컴퍼니,강남구,exercise_body,public_license_registry,OA-16142,체력단련장업,,3220000,CDFH3301062013000017,"서울특별시 강남구 도곡로 408 (대치동, 지하1층)",서울특별시 강남구 대치동 1024 지하1층,영업/정상
VBB97711D1E0C,청담피트니스,강남구,exercise_body,public_license_registry,OA-16142,체력단련장업,,3220000,CDFH3301062020000039,"서울특별시 강남구 학동로97길 20, 성호빌딩 지하1층 (청담동)",서울특별시 강남구 청담동 71-25 성호빌딩,영업/정상
VBB983ADA03E7,반포짐 PT&헬스 방배,서초구,exercise_body,public_license_registry,OA-16142,체력단련장업,,3210000,CDFH3301062024000018,"서울특별시 서초구 방배로 114, 다이치빌딩 지하1층 (방배동)",서울특별시 서초구 방배동 907-1 다이치빌딩,영업/정상
VBBA7AACAEDC0,연세오원석신경과의원,강남구,medical_wellness,public_license_registry,OA-16480,의원,"내과, 신경과, 정형외과, 신경외과, 재활의학과",3220000,PHMA120123220033041100077,"서울특별시 강남구 압구정로 214, 현대종합상가빌딩 206호 (신사동)",서울특별시 강남구 신사동 615 현대종합상가빌딩,영업/정상
VBBAF6D88D800,잠실역경희한의원,송파구,medical_wellness,public_license_registry,OA-16480,한의원,"한방내과, 한방부인과, 한방소아과, 한방안?이비인후?피부과, 한방신경정신과, 한방재활의학과, 사상체질과, 침구과",3230000,PHMA120173230034041100072,"서울특별시 송파구 올림픽로 293-19, 201,202,214일부호 (신천동, 현대타워아파트)",,영업/정상
VBBFA4EB3D1F9,참마취통증의학과의원,송파구,medical_wellness,public_license_registry,OA-16480,의원,"정형외과, 신경외과, 마취통증의학과, 재활의학과",3230000,PHMA120063230034041101368,"서울특별시 송파구 오금로 507, 4층 402호 (거여동, 거여빌딩)",서울특별시 송파구 거여동 37번지 3호,영업/정상
VBC1C5ABC8315,청담리온정형외과의원,강남구,medical_wellness,public_license_registry,OA-16480,의원,"정형외과, 마취통증의학과, 재활의학과",3220000,PHMA120213220033041100010,"서울특별시 강남구 삼성로119길 8, 강남대학교 청담 카이로스 빌딩 401호, 5층 (삼성동)","서울특별시 강남구 삼성동 20-5 강남대학교 청담 카이로스 빌딩 401호, 5층",영업/정상
VBC5A88CFA8E6,"골드에스 휘트니스, 필라테스 서초점",서초구,exercise_body,public_license_registry,OA-16142,체력단련장업,,3210000,CDFH3301062019000004,"서울특별시 서초구 반포대로 58, 상가동 지하1~2층 (서초동, 서초아트자이)",서울특별시 서초구 서초동 1583-10 서초아트자이,영업/정상
VBC7DFE5508DB,(주)잠원투엑스휘트니스,서초구,exercise_body,public_license_registry,OA-16142,체력단련장업,,3210000,CDFH3301062016000002,"서울특별시 서초구 잠원로3길 40, 지층 1호 (잠원동, 태남홀딩스)",서울특별시 서초구 잠원동 72-3,영업/정상
VBC8ABD894BE9,잠실바른정형외과의원,송파구,medical_wellness,public_license_registry,OA-16480,의원,정형외과,3230000,PHMA120193230034041100041,"서울특별시 송파구 올림픽로35길 112, 장미아파트 비상가 2동 3층 301,302,303,316,318호 (신천동)",서울특별시 송파구 신천동 7번지 장미아파트 비상가,영업/정상
VBC8B71C876BE,강남바른내과의원,강남구,medical_wellness,public_license_registry,OA-16480,의원,"내과, 신경과, 정신건강의학과, 외과, 정형외과, 신경외과, 산부인과, 소아청소년과, 안과, 이비인후과, 피부과, 비뇨의학과, 결핵과, 가정의학과, 예방의학과",3220000,PHMA120213220033041100132,"서울특별시 강남구 선릉로 324, SH타워 4층 (대치동)",서울특별시 강남구 대치동 922-1 SH타워,영업/정상
VBCA2AB0D10D7,연세새봄의원,송파구,medical_wellness,public_license_registry,OA-16480,의원,"내과, 외과, 정형외과, 성형외과, 소아청소년과, 이비인후과, 피부과, 가정의학과",3230000,PHMA120143230034041100025,"서울특별시 송파구 올림픽로12길 34, B1, 1층 일부층 (잠실동)","서울특별시 송파구 잠실동 218번지 6호 B1, 1층 일부",영업/정상
VBCAE81532561,리핏바디짐,송파구,exercise_body,public_license_registry,OA-16142,체력단련장업,,3230000,CDFH3301062021000001,"서울특별시 송파구 백제고분로45길 34, 동방빌딩 3층 (송파동)",서울특별시 송파구 송파동 56-1 동방빌딩,영업/정상
VBCD1873D63B2,엠브이엠 피트니스 & 스트레칭뱅 삼성점 헬스 PT,강남구,exercise_body,public_license_registry,OA-16142,체력단련장업,,3220000,CDFH3301062025000057,"서울특별시 강남구 테헤란로81길 14, KIMA(카이마)빌딩 지하1층 (삼성동)",서울특별시 강남구 삼성동 157-22 KIMA(카이마)빌딩,영업/정상
VBD051B5707A5,국민체력센터의원,송파구,medical_wellness,public_license_registry,OA-16480,의원,"내과, 신경과, 정신건강의학과, 정형외과, 마취통증의학과, 방사선종양학과, 병리과, 재활의학과, 가정의학과",3230000,PHMA120033230034041101161,"서울특별시 송파구 올림픽로 424, 국민체력센터의원 (방이동)",,영업/정상
VBD1100DE915C,박찬한의원,서초구,medical_wellness,public_license_registry,OA-16480,한의원,"한방내과, 한방부인과, 한방소아과, 한방안?이비인후?피부과, 한방신경정신과, 한방재활의학과, 사상체질과, 침구과",3210000,PHMA120203210034041100071,"서울특별시 서초구 신반포로 205, 반포쇼핑타운 6동 301,302호 (잠원동)",서울특별시 서초구 잠원동 69-12 반포쇼핑타운,영업/정상
VBD2224E9B053,경희정원한의원,강남구,medical_wellness,public_license_registry,OA-16480,한의원,"한방내과, 한방부인과, 한방소아과, 한방안?이비인후?피부과, 한방신경정신과, 한방재활의학과, 사상체질과, 침구과",3220000,PHMA120243220033041100226,"서울특별시 강남구 도곡로7길 15, 602호 (역삼동)",,영업/정상
VBD2AE413F20A,매일 피트니스,송파구,exercise_body,public_license_registry,OA-16142,체력단련장업,,3230000,CDFH3301062021000022,"서울특별시 송파구 법원로 90, 파트너스2 B103, 104호 (문정동)","서울특별시 송파구 문정동 651-15 파트너스2 B103, B104호",영업/정상
VBD45362BDCC7,광지한의원,강남구,medical_wellness,public_license_registry,OA-16480,한의원,"한방내과, 한방부인과, 한방소아과, 한방안?이비인후?피부과, 한방신경정신과, 한방재활의학과, 사상체질과, 침구과",3220000,PHMA120163220033041100166,"서울특별시 강남구 학동로97길 15, 1층 (청담동)",,영업/정상
VBD5D180BBB82,압구정본정형외과의원,강남구,medical_wellness,public_license_registry,OA-16480,의원,"정형외과, 마취통증의학과",3220000,PHMA120113220033041100179,"서울특별시 강남구 압구정로36길 12, 메디컬뱅크 3층 (신사동)",서울특별시 강남구 신사동 620-1 메디컬뱅크,영업/정상
VBD626630D4DA,경천한의원,서초구,medical_wellness,public_license_registry,OA-16480,한의원,"한방내과, 한방부인과, 한방소아과, 한방안?이비인후?피부과, 한방신경정신과, 한방재활의학과, 사상체질과, 침구과",3210000,PHMA120133210034041100095,"서울특별시 서초구 서초중앙로12길 3, 1층 (서초동)",서울특별시 서초구 서초동 1624번지 9호 1층,영업/정상
VBD731108E68E,크로바건강랜드사우나,송파구,relax_recovery,public_license_registry,OA-16146,공동탕업,,3230000,3230000-202-2002-00012,"서울특별시 송파구 올림픽로51길 30 (풍납동, 대아아파트)",서울특별시 송파구 풍납동 163,영업/정상
VBD7C7B284B54,어반스튜디오,강남구,exercise_body,public_license_registry,OA-16142,체력단련장업,,3220000,CDFH3301062019000011,"서울특별시 강남구 테헤란로83길 19, B101호 (삼성동)",서울특별시 강남구 삼성동 157-14,영업/정상
VBE2B81CB3AFF,제이에이치 PT,송파구,exercise_body,public_license_registry,OA-16142,체력단련장업,,3230000,CDFH3301062021000034,"서울특별시 송파구 위례광장로 230, 2층 201호 (장지동, 위례2차아이파크)",서울특별시 송파구 장지동 884 위례2차아이파크상가 2층 201호,영업/정상
VBE96860AEE8F,마이밸런스 프라이빗 PT짐 서초점,서초구,exercise_body,public_license_registry,OA-16142,체력단련장업,,3210000,CDFH3301062022000034,"서울특별시 서초구 효령로55길 28, 브이 샤르망 6층 606호 (서초동)",서울특별시 서초구 서초동 1601-1 브이 샤르망,영업/정상
VBEB61BFCAF3B,위례해오름한의원,송파구,medical_wellness,public_license_registry,OA-16480,한의원,"한방내과, 한방부인과, 한방소아과, 한방안?이비인후?피부과, 한방신경정신과, 한방재활의학과, 사상체질과, 침구과",3230000,PHMA120173230034041100071,"서울특별시 송파구 위례광장로 188, 505,506,507호 (장지동, 아이온스퀘어)",,영업/정상
VBEC3DE1E3305,타임 투 짐(TIME TO GYM),서초구,exercise_body,public_license_registry,OA-16142,체력단련장업,,3210000,CDFH3301062021000012,"서울특별시 서초구 사임당로14길 7, 1층 (서초동)",서울특별시 서초구 서초동 1628-27,영업/정상
VBED9724F4E0A,Halona gym(할로나짐),강남구,exercise_body,public_license_registry,OA-16142,체력단련장업,,3220000,CDFH3301062021000033,"서울특별시 강남구 도산대로89길 41, 지하1층 (청담동)",서울특별시 강남구 청담동 109-21,영업/정상
VBEDCEDD0AC8A,자곡365의원,강남구,medical_wellness,public_license_registry,OA-16480,의원,"내과, 정형외과, 소아청소년과, 이비인후과",3220000,PHMA120233220033041100120,"서울특별시 강남구 자곡로 172, 1층 123,124호 (자곡동)",서울특별시 강남구 자곡동 650,영업/정상
VBEDD4FC6040F,연세다엘마취통증의학과내과의원,강남구,medical_wellness,public_license_registry,OA-16480,의원,"내과, 정형외과, 신경외과, 마취통증의학과, 이비인후과, 피부과",3220000,PHMA120203220033041100001,"서울특별시 강남구 논현로 561, 2,3,4층 (역삼동)",서울특별시 강남구 역삼동 606번지 28호,영업/정상
VBEFBD6266BFC,개포한의원,강남구,medical_wellness,public_license_registry,OA-16480,한의원,"한방내과, 한방부인과, 한방소아과, 한방안?이비인후?피부과, 한방신경정신과, 한방재활의학과, 사상체질과, 침구과",3220000,PHMA120213220033041100197,"서울특별시 강남구 삼성로 38, 개포빌딩 201호 (개포동)",,영업/정상
VBF2F778484A0,현대한의원,서초구,medical_wellness,public_license_registry,OA-16480,한의원,"한방내과, 한방부인과, 한방소아과, 한방안?이비인후?피부과, 한방신경정신과, 한방재활의학과, 사상체질과, 침구과",3210000,PHMA119923210034041100006,"서울특별시 서초구 서초대로 319, 2층 (서초동, 동인빌딩)",,영업/정상
VBF44D247A708,순한의원,서초구,medical_wellness,public_license_registry,OA-16480,한의원,"한방내과, 한방부인과, 한방소아과, 한방안?이비인후?피부과, 한방신경정신과, 한방재활의학과, 사상체질과, 침구과",3210000,PHMA120183210034041100020,"서울특별시 서초구 방배로20길 8-3, 101호 (방배동, 진흥 펠리체)",서울특별시 서초구 방배동 902-22 진흥 펠리체 101호,영업/정상
VBF472EBA3888,마이티핏,강남구,exercise_body,public_license_registry,OA-16142,체력단련장업,,3220000,CDFH3301062022000051,"서울특별시 강남구 봉은사로68길 21, 3층 (삼성동)",서울특별시 강남구 삼성동 115-17,영업/정상
VBF4F4E0A6D2B,동의한방 두앤목한의원,강남구,medical_wellness,public_license_registry,OA-16480,한의원,"한방내과, 한방부인과, 한방소아과, 한방안?이비인후?피부과, 한방신경정신과, 한방재활의학과, 사상체질과, 침구과",3220000,PHMA120223220033041100130,"서울특별시 강남구 봉은사로 442, 1층 (삼성동)",,영업/정상
VBF6E9B49D54D,유림한의원,강남구,medical_wellness,public_license_registry,OA-16480,한의원,"한방내과, 한방부인과, 한방소아과, 한방안?이비인후?피부과, 한방신경정신과, 한방재활의학과, 사상체질과, 침구과",3220000,PHMA119873220033041101748,"서울특별시 강남구 삼성로 212, 202.203호 (대치동, 은마아파트)",,영업/정상
VBF7315018118,에스핏 퍼스널 트레이닝,강남구,exercise_body,public_license_registry,OA-16142,체력단련장업,,3220000,CDFH3301062018000038,"서울특별시 강남구 도산대로89길 25, 청맥빌딩 지하1층 (청담동)",서울특별시 강남구 청담동 123-17 청맥빌딩,영업/정상
VBF7D36D13E82,베럴짐잠원,서초구,exercise_body,public_license_registry,OA-16142,체력단련장업,,3210000,CDFH3301062025000028,"서울특별시 서초구 잠원로 94, 지하1층 B33호 (잠원동, 한신빌딩)",서울특별시 서초구 잠원동 65-32 한신빌딩,영업/정상
VBF87DBCFDDDC,베르미의원,강남구,medical_wellness,public_license_registry,OA-16480,의원,"내과, 정형외과, 성형외과, 마취통증의학과, 피부과, 재활의학과",3220000,PHMA120233220033041100164,"서울특별시 강남구 영동대로 722, 풍양빌딩 2층 (청담동)",서울특별시 강남구 청담동 132 풍양빌딩 2층,영업/정상
VBF99C286405F,이충섭한의원,송파구,medical_wellness,public_license_registry,OA-16480,한의원,"한방내과, 한방부인과, 한방소아과, 한방안?이비인후?피부과, 한방신경정신과, 한방재활의학과, 사상체질과, 침구과",3230000,PHMA119853230034041100129,"서울특별시 송파구 가락로 74, 2층 (석촌동, 송일상가)",서울특별시 송파구 석촌동 255번지 4호,영업/정상
VBFB0F6C7DB65,서울안마취통증의학과의원,송파구,medical_wellness,public_license_registry,OA-16480,의원,"정형외과, 신경외과, 마취통증의학과, 재활의학과",3230000,PHMA120183230034041100077,"서울특별시 송파구 송파대로 438, 3층 (송파동)",서울특별시 송파구 송파동 19번지 2호,영업/정상
VBFCC16EBA6C9,우리동네운동박사 서초점,서초구,exercise_body,public_license_registry,OA-16142,체력단련장업,,3210000,CDFH3301062023000021,"서울특별시 서초구 바우뫼로7길 8, 우면종합상가 3층 305호 (우면동)",서울특별시 서초구 우면동 66-2 우면종합상가,영업/정상
VBFCC3F896E94,현피티(HYUN PT),서초구,exercise_body,public_license_registry,OA-16142,체력단련장업,,3210000,CDFH3301062025000020,"서울특별시 서초구 잠원로4길 50, 메이플 자이 근린생활시설 4층 403호, 404호 (잠원동)",서울특별시 서초구 잠원동 60-3 메이플 자이 근린생활시설,영업/정상
VBFDAAE274E78,삼성굿본재활의학과의원,강남구,medical_wellness,public_license_registry,OA-16480,의원,"신경과, 외과, 정형외과, 신경외과, 마취통증의학과, 재활의학과",3220000,PHMA120233220033041100125,"서울특별시 강남구 영동대로 602, 2층 201호 (삼성동, 삼성동 미켈란 107)",서울특별시 강남구 삼성동 107 삼성동 미켈란 107,영업/정상
VC005BFA20BA1,어트루짐,송파구,exercise_body,public_license_registry,OA-16142,체력단련장업,,3230000,CDFH3301062023000003,"서울특별시 송파구 법원로11길 11, 문정현대지식산업센터1-1 A동 지하2층 201~203호 (문정동)",서울특별시 송파구 문정동 644 문정현대지식산업센터1-1 A동 지하2층 201~203호,영업/정상
VC0169440A3A2,바디러너스 주식회사,송파구,exercise_body,public_license_registry,OA-16142,체력단련장업,,3230000,CDFH3301062019000021,"서울특별시 송파구 송파대로28길 43, 송파KCC웰츠타워 2층 205호 (가락동)",서울특별시 송파구 가락동 77-4 송파KCC웰츠타워,영업/정상
VC016F3825141,미주탕,서초구,relax_recovery,public_license_registry,OA-16146,공동탕업,,3210000,3210000-202-1987-00118,서울특별시 서초구 방배로 39 (방배동),서울특별시 서초구 방배동 1031-3 (지층),영업/정상
VC020CBBB1116,씽씽한의원,강남구,medical_wellness,public_license_registry,OA-16480,한의원,"한방내과, 한방부인과, 한방소아과, 한방안?이비인후?피부과, 한방신경정신과, 한방재활의학과, 사상체질과, 침구과, 한방응급과",3220000,PHMA120153220033041100018,"서울특별시 강남구 선릉로 414 (대치동, 수정빌딩 4층)",서울특별시 강남구 대치동 898번지 7호 수정빌딩 4층,영업/정상
VC058E127E8CA,강남끗한의원,서초구,medical_wellness,public_license_registry,OA-16480,한의원,"한방내과, 한방부인과, 한방소아과, 한방안?이비인후?피부과, 한방신경정신과, 한방재활의학과, 사상체질과, 침구과",3210000,PHMA120263210034041100060,"서울특별시 서초구 강남대로 463, 리젠메디컬타워 12층 (서초동)",,영업/정상
VC06DA045DAE3,바디웍,송파구,exercise_body,public_license_registry,OA-16142,체력단련장업,,3230000,CDFH3301061998000001,"서울특별시 송파구 위례성대로20길 23, 5층 (오금동)",서울특별시 송파구 오금동 18-1 5층,영업/정상
VC0802F0E71D7,알이에스피(RES.P),강남구,exercise_body,public_license_registry,OA-16142,체력단련장업,,3220000,CDFH3301062021000003,"서울특별시 강남구 언주로172길 28, 오리엔탈빌딩 지하층 (신사동)",서울특별시 강남구 신사동 643-10 오리엔탈빌딩,영업/정상
VC0873BB36905,서울윤내과의원,강남구,medical_wellness,public_license_registry,OA-16480,의원,"내과, 정신건강의학과, 정형외과, 소아청소년과, 이비인후과",3220000,PHMA120243220033041100224,"서울특별시 강남구 압구정로 113, 2층 201호,204호,205호 (압구정동, 미성아파트)",,영업/정상
VC088E9734A50,토바(TOVA),서초구,relax_recovery,public_license_registry,OA-16146,목욕장업 기타,,3210000,3210000-202-2026-00002,"서울특별시 서초구 방배로22길 20, 1층 (방배동)",서울특별시 서초구 방배동 901-10,영업/정상
VC0CE76C17D5C,랜드마크짐,서초구,exercise_body,public_license_registry,OA-16142,체력단련장업,,3210000,CDFH3301062022000036,"서울특별시 서초구 동광로 92, 지하1층 (방배동)",서울특별시 서초구 방배동 807-3 다빈빌딩,영업/정상
VC0DDCF7357E9,펜타핏 주식회사,서초구,exercise_body,public_license_registry,OA-16142,체력단련장업,,3210000,CDFH3301062022000023,"서울특별시 서초구 강남대로 349, 우남빌딩 11층 (서초동)",서울특별시 서초구 서초동 1329-4 우남빌딩,영업/정상
VC101EF31D8C8,수림선한의원,강남구,medical_wellness,public_license_registry,OA-16480,한의원,"한방내과, 한방소아과, 한방안?이비인후?피부과, 한방신경정신과, 한방재활의학과, 침구과",3220000,PHMA120123220033041100247,"서울특별시 강남구 강남대로 390, 미진프라자 901호 (역삼동)",서울특별시 강남구 역삼동 825 미진프라자,영업/정상
VC10D46E80F0A,고마워 휘트니스,서초구,exercise_body,public_license_registry,OA-16142,체력단련장업,,3210000,CDFH3301062013000001,"서울특별시 서초구 서초중앙로 166 (서초동, 지하1층)",서울특별시 서초구 서초동 1699-1 지하1층,영업/정상
VC13FAF311918,압구정찜질방사우나,강남구,relax_recovery,public_license_registry,OA-16146,공동탕업,,3220000,3220000-202-2003-00009,"서울특별시 강남구 압구정로30길 23 (신사동,미승빌딩지하2층)",서울특별시 강남구 신사동 609-1 미승빌딩지하2층,영업/정상
VC16F878E2066,연세신경과의원,송파구,medical_wellness,public_license_registry,OA-16480,의원,"내과, 신경과, 정형외과, 신경외과, 재활의학과",3230000,PHMA120053230034041101310,"서울특별시 송파구 백제고분로 216 (삼전동, 2층)",서울특별시 송파구 삼전동 48번지 11호 2층,영업/정상
VC17B4C0ED9A7,아크로 운동센타,서초구,exercise_body,public_license_registry,OA-16142,체력단련장업,,3210000,CDFH3301062004000001,"서울특별시 서초구 서초중앙로 197  (반포동,서호빌딩 지1층)",서울특별시 서초구 반포동 44-3 서호빌딩 지1층,영업/정상
VC18735D98579,성모에스케이마취통증의학과의원,송파구,medical_wellness,public_license_registry,OA-16480,의원,"정형외과, 신경외과, 마취통증의학과, 재활의학과",3230000,PHMA120223230034041100022,"서울특별시 송파구 삼전로 66, SM76(순명빌딩) 3~4층 (삼전동)",서울특별시 송파구 삼전동 7-6 SM76(순명빌딩),영업/정상
VC1902E99967B,뽀빠이정형외과의원,송파구,medical_wellness,public_license_registry,OA-16480,의원,"내과, 외과, 정형외과, 신경외과, 재활의학과",3230000,PHMA120053230034041101277,"서울특별시 송파구 백제고분로36길 2-1, 2,3,5층 (석촌동)","서울특별시 송파구 석촌동 235번지 4호 2,3,5층",영업/정상
VC19A5ACA86DD,다나라한의원,송파구,medical_wellness,public_license_registry,OA-16480,한의원,"한방내과, 한방부인과, 한방소아과, 한방안?이비인후?피부과, 한방신경정신과, 한방재활의학과, 사상체질과, 침구과",3230000,PHMA120203230034041100033,"서울특별시 송파구 백제고분로 279, 송파동산빌딩 B1,2~5 층 (석촌동)",서울특별시 송파구 석촌동 14-13 송파동산빌딩,영업/정상
VC1B284C3AAC9,오피티(O.P.T),강남구,exercise_body,public_license_registry,OA-16142,체력단련장업,,3220000,CDFH3301062025000059,"서울특별시 강남구 강남대로156길 31-10, 1층 (신사동)",서울특별시 강남구 신사동 518-17,영업/정상
VC1CD89496262,신동화한의원,강남구,medical_wellness,public_license_registry,OA-16480,한의원,"한방내과, 한방부인과, 한방소아과, 한방안?이비인후?피부과, 한방신경정신과, 한방재활의학과, 사상체질과, 침구과",3220000,PHMA120183220033041100057,"서울특별시 강남구 도산대로 213, 4층 (신사동)",서울특별시 강남구 신사동 587-13,영업/정상
VC1D22D7EA8A9,세란외과의원,서초구,medical_wellness,public_license_registry,OA-16480,의원,"내과, 외과, 정형외과, 마취통증의학과, 이비인후과, 피부과, 비뇨의학과",3210000,PHMA120213210034041100118,"서울특별시 서초구 남부순환로 2632, 양재빌딩 301호 (양재동)",서울특별시 서초구 양재동 1-13 양재빌딩,영업/정상
VC1F23048BC66,에프 45 트레이닝 청담,강남구,exercise_body,public_license_registry,OA-16142,체력단련장업,,3220000,CDFH3301062022000042,"서울특별시 강남구 도산대로 413, 지하2층 (청담동)",서울특별시 강남구 청담동 87-5,영업/정상
VC20692935F2F,연세힐재활의학과의원,송파구,medical_wellness,public_license_registry,OA-16480,의원,"정형외과, 신경외과, 마취통증의학과, 재활의학과",3230000,PHMA120133230034041100056,"서울특별시 송파구 올림픽로35가길 9, 212~216, 301~308호 (신천동, 잠실푸르지오월드마크)",서울특별시 송파구 신천동 11번지 4호 월드마크푸르지오 212~2호,영업/정상
VC2235D6340B5,SONO STUDIO,서초구,exercise_body,public_license_registry,OA-16142,체력단련장업,,3210000,CDFH3301062017000005,"서울특별시 서초구 방배로 119, 지하1층 (방배동)",,영업/정상
VC22749277214,신이경의 바로정형외과의원,서초구,medical_wellness,public_license_registry,OA-16480,의원,"내과, 정형외과, 신경외과, 마취통증의학과, 재활의학과",3210000,PHMA120143210034041100052,"서울특별시 서초구 신반포로 177, 2층 (잠원동)","서울특별시 서초구 잠원동 75번지 19호 반포쇼핑타운2동,2층",영업/정상
VC23F40878E13,올바른의원,서초구,medical_wellness,public_license_registry,OA-16480,의원,"내과, 신경과, 정형외과, 신경외과, 마취통증의학과, 재활의학과, 가정의학과",3210000,PHMA120183210034041100053,"서울특별시 서초구 방배로 162, 예광빌딩 3층 (방배동)",서울특별시 서초구 방배동 875번지 5호,영업/정상
VC25A27E07344,리뉴짐,강남구,exercise_body,public_license_registry,OA-16142,체력단련장업,,3220000,CDFH3301062022000060,"서울특별시 강남구 압구정로 212, 방우빌딩 2층 (신사동)",서울특별시 강남구 신사동 614-7 방우빌딩,영업/정상
VC25D6CBCD0BE,애니바디캔 크로스핏(403),강남구,exercise_body,public_license_registry,OA-16142,체력단련장업,,3220000,CDFH3301062015000005,"서울특별시 강남구 테헤란로8길 30, 지하1층 (역삼동)",서울특별시 강남구 역삼동 827-58,영업/정상
VC26760F911DF,휘트니스피플 우먼 논현점,서초구,exercise_body,public_license_registry,OA-16142,체력단련장업,,3210000,CDFH3301062014000013,"서울특별시 서초구 강남대로 557 (잠원동, 성한빌딩 지하2층)",서울특별시 서초구 잠원동 37-7 성한빌딩 지하2층,영업/정상
VC27129A147FA,(주)에프엘짐(FL Gym),강남구,exercise_body,public_license_registry,OA-16142,체력단련장업,,3220000,CDFH3301062023000059,"서울특별시 강남구 학동로 513, 지하1층 (청담동, 진흥아파트)",서울특별시 강남구 청담동 73 진흥아파트,영업/정상
VC277AD2F86A2,태양인한의원,강남구,medical_wellness,public_license_registry,OA-16480,한의원,"한방내과, 한방안?이비인후?피부과, 사상체질과, 침구과",3220000,PHMA120203220033041100048,"서울특별시 강남구 압구정로 212, 방우빌딩 2층 2,3호 (신사동)",서울특별시 강남구 신사동 614-7 방우빌딩,영업/정상
VC30D7A053063,바디쉬휘트니스(언주역점),강남구,exercise_body,public_license_registry,OA-16142,체력단련장업,,3220000,CDFH3301062022000040,"서울특별시 강남구 논현로 611, 지하1층 (논현동)",서울특별시 강남구 논현동 192-4,영업/정상
VC32B89BD46C6,연세재활의학과의원,강남구,medical_wellness,public_license_registry,OA-16480,의원,"내과, 정형외과, 신경외과, 마취통증의학과, 재활의학과",3220000,PHMA120193220033041100150,"서울특별시 강남구 일원로 115, 삼성생명 일원역 빌딩 B동 303호 (일원동)",서울특별시 강남구 일원동 717 삼성생명 일원역 빌딩,영업/정상
VC32E01387867,이루어GYM 서초점,서초구,exercise_body,public_license_registry,OA-16142,체력단련장업,,3210000,CDFH3301062009000001,"서울특별시 서초구 서초대로 346 (서초동, 지하 1층 101호)",,영업/정상
VC35117FFEC51,하이 피트니스,송파구,exercise_body,public_license_registry,OA-16142,체력단련장업,,3230000,CDFH3301062021000017,"서울특별시 송파구 백제고분로 128, H타워 지하1층 (잠실동)",서울특별시 송파구 잠실동 294-32 H타워 지하1층,영업/정상
VC36EACD1EE79,경희룩굿한의원,강남구,medical_wellness,public_license_registry,OA-16480,한의원,"한방내과, 한방부인과, 한방소아과, 한방안?이비인후?피부과, 한방신경정신과, 한방재활의학과, 사상체질과, 침구과",3220000,PHMA120253220033041100243,"서울특별시 강남구 논현로94길 23, 2층 (역삼동)",,영업/정상
VC3A067E49728,백프로짐 압구정점,강남구,exercise_body,public_license_registry,OA-16142,체력단련장업,,3220000,CDFH3301062025000045,"서울특별시 강남구 압구정로10길 13, 지하2층 (신사동)",서울특별시 강남구 신사동 532-4,영업/정상
VC3E129459D1D,파트너짐,송파구,exercise_body,public_license_registry,OA-16142,체력단련장업,,3230000,CDFH3301062024000040,"서울특별시 송파구 가락로 275, 303호 (방이동)",서울특별시 송파구 방이동 159-14,영업/정상
VC3E3B190467A,와세다의원,강남구,medical_wellness,public_license_registry,OA-16480,의원,정형외과,3220000,PHMA120173220033041100019,"서울특별시 강남구 논현로 30, 2층 (개포동, 와세다빌딩)",서울특별시 강남구 개포동 1192번지 2층,영업/정상
VC405015A193F,하와이짐(462),강남구,exercise_body,public_license_registry,OA-16142,체력단련장업,,3220000,CDFH3301062016000033,"서울특별시 강남구 언주로122길 35, 지하1,2층 (논현동)","서울특별시 강남구 논현동 257-17 지하1,2층",영업/정상
VC41FC743539B,경희다래한의원,서초구,medical_wellness,public_license_registry,OA-16480,한의원,"한방내과, 한방부인과, 한방소아과, 한방안?이비인후?피부과, 한방신경정신과, 한방재활의학과, 사상체질과, 침구과",3210000,PHMA120073210034041100061,"서울특별시 서초구 동작대로 70, 하나빌딩 5층 (방배동)",서울특별시 서초구 방배동 438-14,영업/정상
VC42DC7760157,테라한의원,송파구,medical_wellness,public_license_registry,OA-16480,한의원,"한방내과, 한방부인과, 한방소아과, 한방안?이비인후?피부과, 한방신경정신과, 한방재활의학과, 사상체질과, 침구과",3230000,PHMA120163230034041100063,"서울특별시 송파구 송파대로 167, A동 2층 212호 (문정동, 문정역테라타워)",,영업/정상
VC43D43746C28,더베스트짐,서초구,exercise_body,public_license_registry,OA-16142,체력단련장업,,3210000,CDFH3301062011000002,"서울특별시 서초구 논현로 79 (양재동,윈드스톤오피스텔(지1층))",서울특별시 서초구 양재동 275-2 윈드스톤오피스텔(지1층),영업/정상
VC43DC820C053,헬리오 GYM,송파구,exercise_body,public_license_registry,OA-16142,체력단련장업,,3230000,CDFH3301062021000018,"서울특별시 송파구 송파대로 345, B동 2층 92호 (가락동, 헬리오시티)",서울특별시 송파구 가락동 913 헬리오시티,영업/정상
VC444F08721BB,The one gym 대치,강남구,exercise_body,public_license_registry,OA-16142,체력단련장업,,3220000,CDFH3301062013000013,"서울특별시 강남구 선릉로62길 29, B1층 (대치동)",서울특별시 강남구 대치동 935-28,영업/정상
VC4452AE7A152,TenTen Fitness,서초구,exercise_body,public_license_registry,OA-16142,체력단련장업,,3210000,CDFH3301062015000003,"서울특별시 서초구 서초중앙로33길 20 (반포동, 2층)",서울특별시 서초구 반포동 54-7,영업/정상
VC452E3AF70BF,역트피티,강남구,exercise_body,public_license_registry,OA-16142,체력단련장업,,3220000,CDFH3301062023000012,"서울특별시 강남구 언주로98길 5-4, 2층 (역삼동)",서울특별시 강남구 역삼동 699-1,영업/정상
VC473F40FCA98,송파헬리오정형외과의원,송파구,medical_wellness,public_license_registry,OA-16480,의원,"정형외과, 신경외과, 마취통증의학과, 영상의학과, 재활의학과, 가정의학과",3230000,PHMA120203230034041100020,"서울특별시 송파구 송파대로 345, A동 4층 4005,4007,4008,4026,4027호 (가락동, 헬리오시티)",서울특별시 송파구 가락동 913 헬리오시티상가 A동,영업/정상
VC488A9A78CAF,금성사우나,강남구,relax_recovery,public_license_registry,OA-16146,공동탕업,,3220000,3220000-202-2010-00016,"서울특별시 강남구 역삼로2길 15 (역삼동,지상5층)",서울특별시 강남구 역삼동 832-29 지상5층,영업/정상
VC48E42DBB831,슈퍼코어,강남구,exercise_body,public_license_registry,OA-16142,체력단련장업,,3220000,CDFH3301062016000029,"서울특별시 강남구 역삼로77길 23, 성도빌딩 2층 (대치동)",서울특별시 강남구 대치동 901-67 성도빌딩,영업/정상
VC4B0F4844A1D,방초당한의원,서초구,medical_wellness,public_license_registry,OA-16480,한의원,"한방내과, 한방부인과, 한방소아과, 한방안?이비인후?피부과, 한방신경정신과, 한방재활의학과, 사상체질과, 침구과",3210000,PHMA120103210034041100025,"서울특별시 서초구 서초중앙로24길 55, 301호 (서초동, 서초프라자)",서울특별시 서초구 서초동 1687번지 2호 서초프라자 301호,영업/정상
VC4C096FD13DB,서세환 짐,송파구,exercise_body,public_license_registry,OA-16142,체력단련장업,,3230000,CDFH3301062017000010,"서울특별시 송파구 백제고분로32길 17, 우진빌딩 지하1층 (삼전동)",서울특별시 송파구 삼전동 176 우진빌딩,영업/정상
VC4CC8C5C4E0F,코드엠 트레이닝 그라운드 가락점,송파구,exercise_body,public_license_registry,OA-16142,체력단련장업,,3230000,CDFH3301062024000038,"서울특별시 송파구 중대로 68, 훼미리 샤르망 3층 (문정동)",서울특별시 송파구 문정동 150-26 훼미리 샤르망,영업/정상
VC4EB31D354C2,청담산부인과의원,강남구,medical_wellness,public_license_registry,OA-16480,의원,"내과, 외과, 정형외과, 성형외과, 마취통증의학과, 산부인과, 영상의학과, 재활의학과",3220000,PHMA120013220033041100346,"서울특별시 강남구 학동로 215, 3,6(일부),7층 601호 (논현동)",,영업/정상
VC50142E92079,롯데호텔 휘트니스센터,송파구,exercise_body,public_license_registry,OA-16142,체력단련장업,,3230000,CDFH3301062005000007,"서울특별시 송파구 올림픽로 240 (잠실동, 롯데월드)",서울특별시 송파구 잠실동 40-1,영업/정상
VC50B7F202184,본디올대치한의원,강남구,medical_wellness,public_license_registry,OA-16480,한의원,"한방내과, 한방부인과, 한방소아과, 한방안?이비인후?피부과, 한방신경정신과, 한방재활의학과, 사상체질과, 침구과",3220000,PHMA119833220033041101733,"서울특별시 강남구 삼성로 212, 2층 211호 (대치동, 은마아파트)",서울특별시 강남구 대치동 316 은마아파트,영업/정상
VC50D5BAA209D,헬스 IHL PT studio,강남구,exercise_body,public_license_registry,OA-16142,체력단련장업,,3220000,CDFH3301062011000018,"서울특별시 강남구 학동로97길 42 (청담동,키즈12 빌딩 6층)",서울특별시 강남구 청담동 68-8 키즈12 빌딩 6층,영업/정상
VC52EA8DA5837,에이블짐 신논현역,서초구,exercise_body,public_license_registry,OA-16142,체력단련장업,,3210000,CDFH3301062012000001,서울특별시 서초구 사평대로 371 (반포동),서울특별시 서초구 반포동 748-8,영업/정상
VC55665284D63,RF 트레이닝 스튜디오,강남구,exercise_body,public_license_registry,OA-16142,체력단련장업,,3220000,CDFH3301062022000010,"서울특별시 강남구 언주로85길 23-10, 역삼동제이빌딩 지하1층 (역삼동)",서울특별시 강남구 역삼동 723-31 역삼동제이빌딩,영업/정상
VC55A62B5125A,Pers fitness,강남구,exercise_body,public_license_registry,OA-16142,체력단련장업,,3220000,CDFH3301062021000027,"서울특별시 강남구 언주로150길 34, B1층 (논현동)",서울특별시 강남구 논현동 96-4,영업/정상
VC57A934FA11C,F45 신사,강남구,exercise_body,public_license_registry,OA-16142,체력단련장업,,3220000,CDFH3301062026000015,"서울특별시 강남구 도산대로 120, 청호빌딩 지하1층 (논현동)",서울특별시 강남구 논현동 3-2 청호빌딩,영업/정상
VC59A8BDDC054,러브유어바디,송파구,exercise_body,public_license_registry,OA-16142,체력단련장업,,3230000,CDFH3301062025000024,"서울특별시 송파구 법원로4길 10, 힐스테이트에코문정 308호 (문정동)",서울특별시 송파구 문정동 652-4 힐스테이트에코문정,영업/정상
VC5DE73132620,장수마취통증의학과의원,서초구,medical_wellness,public_license_registry,OA-16480,의원,"정형외과, 신경외과, 마취통증의학과, 재활의학과, 가정의학과",3210000,PHMA120233210034041100100,"서울특별시 서초구 반포대로 291, 원베일리 스퀘어 2층 202~204호, 5층 530호 (반포동)",서울특별시 서초구 반포동 1-1 원베일리 스퀘어,영업/정상
VC5E72CC0E56C,로담한의원,송파구,medical_wellness,public_license_registry,OA-16480,한의원,"한방내과, 한방부인과, 한방소아과, 한방안?이비인후?피부과, 한방신경정신과, 한방재활의학과, 사상체질과, 침구과",3230000,PHMA120173230034041100069,"서울특별시 송파구 송파대로 558, 202호 (신천동, 월드타워빌딩)",,영업/정상
VC5EAC2C9A7A5,열매한의원,강남구,medical_wellness,public_license_registry,OA-16480,한의원,"한방내과, 한방부인과, 한방소아과, 한방안?이비인후?피부과, 한방신경정신과, 한방재활의학과, 사상체질과, 침구과",3220000,PHMA120183220033041100054,"서울특별시 강남구 삼성로 212, B동 203호 (대치동, 은마아파트)",서울특별시 강남구 대치동 316번지 은마상가 B동 203호,영업/정상
VC637D632F222,송파구제한의원,송파구,medical_wellness,public_license_registry,OA-16480,한의원,"한방내과, 한방부인과, 한방소아과, 한방안?이비인후?피부과, 한방신경정신과, 한방재활의학과, 사상체질과, 침구과",3230000,PHMA120023230034041101047,"서울특별시 송파구 거마로 72, 2층 (마천동)",서울특별시 송파구 마천동 42번지 9호 2층,영업/정상
VC64EA3EFF3C7,메디컬오한의원,강남구,medical_wellness,public_license_registry,OA-16480,한의원,"한방내과, 한방부인과, 한방소아과, 한방안?이비인후?피부과, 한방신경정신과, 한방재활의학과, 사상체질과, 침구과",3220000,PHMA120183220033041100166,"서울특별시 강남구 논현로164길 23, 3층, 5층 (신사동)",서울특별시 강남구 신사동 600-7,영업/정상
VC65E64DCB7B3,서울하이케어의원,강남구,medical_wellness,public_license_registry,OA-16480,의원,"내과, 외과, 정형외과, 산부인과, 피부과",3220000,PHMA120253220033041100010,"서울특별시 강남구 테헤란로 107, 메디타워 15층 (역삼동)",서울특별시 강남구 역삼동 822-2 메디타워 15층,영업/정상
VC6622DFB1C07,더랩스휘트니스석촌,송파구,exercise_body,public_license_registry,OA-16142,체력단련장업,,3230000,CDFH3301062018000009,"서울특별시 송파구 백제고분로 364, 대준빌딩 (석촌동)",서울특별시 송파구 석촌동 286-5 지하1층,영업/정상
VC68858125D0C,CM GYM(씨엠짐),서초구,exercise_body,public_license_registry,OA-16142,체력단련장업,,3210000,CDFH3301061993000001,"서울특별시 서초구 효령로70길 36-27, 지오빌딩(JIO building) 지하층 (서초동)",서울특별시 서초구 서초동 1435-1 지오빌딩(JIO building),영업/정상
VC692961354B3,데일리 피트니스&필라테스,송파구,exercise_body,public_license_registry,OA-16142,체력단련장업,,3230000,CDFH3301062021000023,"서울특별시 송파구 마천로 315, 지하1~20호 (마천동, 현대그린빌)",서울특별시 송파구 마천동 181 현대그린빌,영업/정상
VC6A54A9A5D26,더밸런스강남의원,강남구,medical_wellness,public_license_registry,OA-16480,의원,"내과, 신경과, 정신건강의학과, 정형외과, 신경외과, 심장혈관흉부외과, 성형외과, 마취통증의학과, 산부인과, 소아청소년과, 안과, 이비인후과, 피부과, 비뇨의학과, 재활의학과, 가정의학과, 예방의학과",3220000,PHMA120243220033041100062,"서울특별시 강남구 강남대로94길 18, 2,3층 (역삼동)",서울특별시 강남구 역삼동 819-2,영업/정상
VC6A655579A39,유얼짐,서초구,exercise_body,public_license_registry,OA-16142,체력단련장업,,3210000,CDFH3301062022000004,"서울특별시 서초구 사평대로56길 5, 아멜리아 지2층 (서초동)",서울특별시 서초구 서초동 1303-7 아멜리아,영업/정상
VC6BC1B269AFC,더탑재활의학과의원,강남구,medical_wellness,public_license_registry,OA-16480,의원,"정형외과, 신경외과, 마취통증의학과, 재활의학과",3220000,PHMA120203220033041100050,"서울특별시 강남구 논현로 98, 문화빌딩 3층 (개포동)",서울특별시 강남구 개포동 1239-17 문화빌딩,영업/정상
VC6C3ECE51A8C,카인드짐24시 헬스 PT 선릉역점,강남구,exercise_body,public_license_registry,OA-16142,체력단련장업,,3220000,CDFH3301062025000062,"서울특별시 강남구 선릉로90길 10, 샹제리제센터 B동 지하5층 (대치동)",서울특별시 강남구 대치동 889-47 샹제리제센터,영업/정상
VC6CE8769F6A1,올시즌짐 PT 방이점,송파구,exercise_body,public_license_registry,OA-16142,체력단련장업,,3230000,CDFH3301062025000019,"서울특별시 송파구 백제고분로51길 30, 4층 (방이동)",서울특별시 송파구 방이동 44-1,영업/정상
VC6F1DE21286C,가온경희한의원,강남구,medical_wellness,public_license_registry,OA-16480,한의원,"한방내과, 한방부인과, 한방소아과, 한방안?이비인후?피부과, 한방신경정신과, 한방재활의학과, 사상체질과, 침구과",3220000,PHMA120073220033041102019,"서울특별시 강남구 선릉로 654, 예인빌딩 401호 (삼성동)",,영업/정상
VC7031B435E7E,자연담은한의원,서초구,medical_wellness,public_license_registry,OA-16480,한의원,"한방내과, 한방부인과, 한방소아과, 한방안?이비인후?피부과, 한방신경정신과, 한방재활의학과, 사상체질과, 침구과",3210000,PHMA120053210034041100058,"서울특별시 서초구 서초대로54길 29-13, 1층 (서초동)",서울특별시 서초구 서초동 1669번지 10호 1층,영업/정상
VC71DDDDD05DF,본(本)나음정형외과의원,송파구,medical_wellness,public_license_registry,OA-16480,의원,정형외과,3230000,PHMA120203230034041100003,"서울특별시 송파구 마천로5길 6, 가송빌딩 4~6층 (오금동)",서울특별시 송파구 오금동 17번지 6호 가송빌딩,영업/정상
VC734732D0024,H휘트니스,송파구,exercise_body,public_license_registry,OA-16142,체력단련장업,,3230000,CDFH3301062005000002,"서울특별시 송파구 가락로 171, 2층 (송파동)",서울특별시 송파구 송파동 122-5 송파빌딩 2층,영업/정상
VC73F5F9B84F8,피티 아지트(PT AZIT),강남구,exercise_body,public_license_registry,OA-16142,체력단련장업,,3220000,CDFH3301062010000015,"서울특별시 강남구 논현로94길 11, 4층 (역삼동)",서울특별시 강남구 역삼동 669-16,영업/정상
VC743F734D477,대치퍼스트정형외과의원,강남구,medical_wellness,public_license_registry,OA-16480,의원,"정형외과, 신경외과, 마취통증의학과, 재활의학과",3220000,PHMA120213220033041100052,"서울특별시 강남구 남부순환로 2927, 대치 클래시아 3층 304,305,306호 (대치동)",서울특별시 강남구 대치동 622 대치 클래시아,영업/정상
VC7449AAEBBAD,스포테라,강남구,relax_recovery,public_license_registry,OA-16146,목욕장업 기타,,3220000,3220000-202-2011-00009,"서울특별시 강남구 영동대로 416 (대치동,코스모타워 지하2층)",서울특별시 강남구 대치동 1002 코스모타워 지하2층,영업/정상
VC7487EAC75FB,신한의원,서초구,medical_wellness,public_license_registry,OA-16480,한의원,"한방내과, 한방부인과, 한방소아과, 한방안?이비인후?피부과, 한방신경정신과, 한방재활의학과, 사상체질과, 침구과",3210000,PHMA119983210034041100005,"서울특별시 서초구 반포대로30길 47, 1층 (서초동)",,영업/정상
VC781E9CC0C1E,(주)비지엠에이치,강남구,exercise_body,public_license_registry,OA-16142,체력단련장업,,3220000,CDFH3301062018000025,"서울특별시 강남구 논현로 523, 노바빌딩 지하2층 (역삼동)",서울특별시 강남구 역삼동 641-3 노바빌딩,영업/정상
VC79681339A79,스타짐23,강남구,exercise_body,public_license_registry,OA-16142,체력단련장업,,3220000,CDFH3301062016000042,"서울특별시 강남구 영동대로 722, 풍양빌딩 4-5층 (청담동)",서울특별시 강남구 청담동 132 풍양빌딩,영업/정상
VC796D9602BCA,연세프리미엄가정의학과의원,송파구,medical_wellness,public_license_registry,OA-16480,의원,"내과, 정신건강의학과, 정형외과, 마취통증의학과, 소아청소년과, 이비인후과, 피부과, 가정의학과",3230000,PHMA120253230034041100012,"서울특별시 송파구 올림픽로35길 137, 한국광고문화회관 4층 (신천동)",서울특별시 송파구 신천동 7-11 한국광고문화회관,영업/정상
VC7B0A020D12E,에듀게이트,강남구,exercise_body,public_license_registry,OA-16142,체력단련장업,,3220000,CDFH3301062017000031,"서울특별시 강남구 삼성로51길 11, 지하1층 (대치동, 강남대학교카이로스빌딩)",서울특별시 강남구 대치동 611,영업/정상
VC7B1D200AB37,킬러짐,강남구,exercise_body,public_license_registry,OA-16142,체력단련장업,,3220000,CDFH3301062017000016,"서울특별시 강남구 선릉로 549, 에본빌딩 지하1층 (역삼동)",서울특별시 강남구 역삼동 694-35 에본빌딩,영업/정상
VC7CC4C999F20,더블와이짐 헬스&피티&필라테스 언주역점,강남구,exercise_body,public_license_registry,OA-16142,체력단련장업,,3220000,CDFH3301062016000018,"서울특별시 강남구 봉은사로 214, B2층 (역삼동, 한솔빌딩)",서울특별시 강남구 역삼동 651-3 B2층,영업/정상
VC7D73A117E7E,라경찬한의원,서초구,medical_wellness,public_license_registry,OA-16480,한의원,"한방내과, 한방부인과, 한방소아과, 한방안?이비인후?피부과, 한방신경정신과, 한방재활의학과, 사상체질과, 침구과",3210000,PHMA120143210034041100015,"서울특별시 서초구 강남대로69길 10, 11층 (서초동)",서울특별시 서초구 서초동 1309-6,영업/정상
VC7E2B73A7D21,(주)피엠코퍼레이션,강남구,exercise_body,public_license_registry,OA-16142,체력단련장업,,3220000,CDFH3301062019000032,"서울특별시 강남구 도산대로 542, 우산빌딩 2층 (청담동)",서울특별시 강남구 청담동 53 우산빌딩,영업/정상
VC810D2A6A711,압구정경희한의원,강남구,medical_wellness,public_license_registry,OA-16480,한의원,"한방내과, 한방부인과, 한방소아과, 한방안?이비인후?피부과, 한방신경정신과, 한방재활의학과, 침구과",3220000,PHMA120233220033041100028,"서울특별시 강남구 압구정로 334, 2층 205,206,210호 (신사동)",,영업/정상
VC81CD7681409,파란봄혜원한의원,강남구,medical_wellness,public_license_registry,OA-16480,한의원,"한방내과, 한방부인과, 한방소아과, 한방안?이비인후?피부과, 한방신경정신과, 한방재활의학과, 사상체질과, 침구과, 한방응급과",3220000,PHMA120143220033041100119,"서울특별시 강남구 선릉로 660, 2층 209호 (삼성동, 브라운스톤 레전드)",서울특별시 강남구 삼성동 8-2 브라운스톤 레전드,영업/정상
VC831BA4C2671,올림픽경희한의원,송파구,medical_wellness,public_license_registry,OA-16480,한의원,"한방내과, 한방부인과, 한방소아과, 한방안?이비인후?피부과, 한방신경정신과, 한방재활의학과, 사상체질과, 침구과",3230000,PHMA120073230034041101427,"서울특별시 송파구 올림픽로 501, 5층 (풍납동)",,영업/정상
VC84B530A8B58,에이엘피트니스,서초구,exercise_body,public_license_registry,OA-16142,체력단련장업,,3210000,CDFH3301062024000010,"서울특별시 서초구 사평대로53길 94, 2층 (반포동)",서울특별시 서초구 반포동 720-15,영업/정상
VC84D92A5264C,크로스핏 지케이 방배점,서초구,exercise_body,public_license_registry,OA-16142,체력단련장업,,3210000,CDFH3301062016000016,"서울특별시 서초구 방배로 94, 지하2층 (방배동)",서울특별시 서초구 방배동 908-5,영업/정상
VC854D24FBDD9,수 사우나,강남구,relax_recovery,public_license_registry,OA-16146,공동탕업,,3220000,3220000-202-2000-00011,서울특별시 강남구 언주로86길 27 (역삼동),서울특별시 강남구 역삼동 707-16,영업/정상
VC877A57C9D41,보미오라한의원,강남구,medical_wellness,public_license_registry,OA-16480,한의원,"한방내과, 한방부인과, 한방소아과, 한방안?이비인후?피부과, 한방신경정신과, 한방재활의학과, 사상체질과, 침구과",3220000,PHMA120233220033041100083,"서울특별시 강남구 봉은사로 109, 산타홍타워 6층 (논현동)",,영업/정상
VC87CB2D035E9,파워짐헬스크럽,서초구,exercise_body,public_license_registry,OA-16142,체력단련장업,,3210000,CDFH3301062002000018,"서울특별시 서초구 서초대로77길 25  (서초동,경일빌딩 7층)",서울특별시 서초구 서초동 1307-20 경일빌딩 7층,영업/정상
VC8854D9AA0F0,오렌지정형외과의원,송파구,medical_wellness,public_license_registry,OA-16480,의원,"내과, 외과, 정형외과, 신경외과",3230000,PHMA120043230034041101201,서울특별시 송파구 마천로 271 (마천동),서울특별시 송파구 마천2동 115번지 12호,영업/정상
VC888C76753CA,뉴셀의원,강남구,medical_wellness,public_license_registry,OA-16480,의원,"내과, 신경과, 정형외과, 피부과",3220000,PHMA120253220033041100069,"서울특별시 강남구 도산대로 417, FIRST LIGHT 타워 4층 (청담동)",서울특별시 강남구 청담동 87-11 FIRST LIGHT 타워 4층,영업/정상
VC888D1866DEA,신통방통마취통증의학과의원,송파구,medical_wellness,public_license_registry,OA-16480,의원,"내과, 신경과, 정신건강의학과, 정형외과, 신경외과, 성형외과, 마취통증의학과, 소아청소년과, 이비인후과, 피부과, 영상의학과, 재활의학과, 가정의학과",3230000,PHMA120163230034041100056,"서울특별시 송파구 백제고분로 466 (방이동, 세나빌딩)",서울특별시 송파구 방이동 149번지,영업/정상
VC88E223BAB2D,우아트레이닝 강남구청점,강남구,exercise_body,public_license_registry,OA-16142,체력단련장업,,3220000,CDFH3301062026000001,"서울특별시 강남구 선릉로 709, 4층 (논현동)",서울특별시 강남구 논현동 111-27,영업/정상
VC8A98CC65E6B,푸른숲한의원,서초구,medical_wellness,public_license_registry,OA-16480,한의원,"한방내과, 한방부인과, 한방소아과, 한방안?이비인후?피부과, 한방신경정신과, 한방재활의학과, 사상체질과, 침구과, 한방응급과",3210000,PHMA120143210034041100045,"서울특별시 서초구 매헌로 34, 한일빌딩 4층 (양재동)",서울특별시 서초구 양재동 210-5 한일빌딩,영업/정상
VC8B1F268C5F6,V-GYM,송파구,exercise_body,public_license_registry,OA-16142,체력단련장업,,3230000,CDFH3301062015000023,"서울특별시 송파구 올림픽로 505 (풍납동, 유원빌딩)",서울특별시 송파구 풍납동 401-4,영업/정상
VC8B9C35572AB,한티세종한의원,강남구,medical_wellness,public_license_registry,OA-16480,한의원,"한방내과, 한방부인과, 한방소아과, 한방안?이비인후?피부과, 한방신경정신과, 한방재활의학과, 사상체질과, 침구과",3220000,PHMA120223220033041100040,"서울특별시 강남구 선릉로 320, 성진빌딩 201호 (대치동)",서울특별시 강남구 대치동 922-28 성진빌딩 201호,영업/정상
VC8BC6AC0EFE7,바디랩,강남구,exercise_body,public_license_registry,OA-16142,체력단련장업,,3220000,CDFH3301062017000014,"서울특별시 강남구 선릉로112길 87, 4층 (삼성동, 명인빌딩)",서울특별시 강남구 삼성동 48-13 4층,영업/정상
VC8DB01DA5D0A,영대중목욕탕,송파구,relax_recovery,public_license_registry,OA-16146,공동탕업,,3230000,3230000-202-2003-00052,서울특별시 송파구 삼전로 89 (잠실동),서울특별시 송파구 잠실동 252-2,영업/정상
VC8F697A5FB88,오대경희한의원,강남구,medical_wellness,public_license_registry,OA-16480,한의원,"한방내과, 한방부인과, 한방소아과, 한방안?이비인후?피부과, 한방신경정신과, 한방재활의학과, 사상체질과, 침구과",3220000,PHMA120243220033041100108,"서울특별시 강남구 선릉로130길 20, 403~404호 (삼성동, 래미안삼성2차아파트)",서울특별시 강남구 삼성동 7-3 래미안삼성2차아파트 상가 403~404,영업/정상
VC90C2BFEBC39,경희반포한의원,서초구,medical_wellness,public_license_registry,OA-16480,한의원,"한방내과, 한방부인과, 한방소아과, 한방안?이비인후?피부과, 한방재활의학과, 사상체질과",3210000,PHMA120153210034041100070,"서울특별시 서초구 신반포로15길 29, 208호 (반포동, 신반포상가)",,영업/정상
VC9363C647800,반포예담한의원,서초구,medical_wellness,public_license_registry,OA-16480,한의원,"한방내과, 한방부인과, 한방소아과, 한방안?이비인후?피부과, 한방신경정신과, 한방재활의학과, 사상체질과, 침구과",3210000,PHMA120073210034041100047,"서울특별시 서초구 잠원로3길 40, 306호 (잠원동, 태남빌딩)",,영업/정상
VC95855B4509A,압구정PT studio,강남구,exercise_body,public_license_registry,OA-16142,체력단련장업,,3220000,CDFH3301062017000041,"서울특별시 강남구 압구정로 310, 지하1층 (신사동)",서울특별시 강남구 신사동 638-5 고려빌딩,영업/정상
VC97811BCFCF8,파이널짐,송파구,exercise_body,public_license_registry,OA-16142,체력단련장업,,3230000,CDFH3301062012000001,"서울특별시 송파구 백제고분로41길 7-15, 굿피플오피스 송파 8층 (송파동)",서울특별시 송파구 송파동 18-11 굿피플오피스 송파 8층,영업/정상
VC9792292E31A,글로리짐,송파구,exercise_body,public_license_registry,OA-16142,체력단련장업,,3230000,CDFH3301062013000002,서울특별시 송파구 백제고분로31길 14 (삼전동),서울특별시 송파구 삼전동 122-5 201호,영업/정상
VC985474A33BF,발란아워 GYM&PT,송파구,exercise_body,public_license_registry,OA-16142,체력단련장업,,3230000,CDFH3301062023000001,"서울특별시 송파구 백제고분로7길 53, AW TOWER B1층 (잠실동)",서울특별시 송파구 잠실동 183-7 AW TOWER B1층,영업/정상
VC993228AC655,블루아짐,강남구,exercise_body,public_license_registry,OA-16142,체력단련장업,,3220000,CDFH3301062022000022,"서울특별시 강남구 남부순환로351길 14, 지하 1층 (도곡동)",서울특별시 강남구 도곡동 954,영업/정상
VC9A7F8A3EA1E,라이트짐 송파점,송파구,exercise_body,public_license_registry,OA-16142,체력단련장업,,3230000,CDFH3301062012000014,서울특별시 송파구 오금로24길 13 (송파동),서울특별시 송파구 송파동 161 미성상가지하,영업/정상
VC9BE80F24C9C,시온정형외과의원,송파구,medical_wellness,public_license_registry,OA-16480,의원,"외과, 정형외과, 신경외과",3230000,PHMA120033230034041101130,"서울특별시 송파구 가락로 166, 3층 (송파동)",서울특별시 송파구 송파동 103번지 27호 3층,영업/정상
VC9D048D427DE,머슬스트레치 앤 플렉스짐,송파구,exercise_body,public_license_registry,OA-16142,체력단련장업,,3230000,CDFH3301062014000015,"서울특별시 송파구 새말로8길 14, 건영아파트 상가 2층 (문정동)",서울특별시 송파구 문정동 72-3 건영아파트상가 2층,영업/정상
VC9D309DD490D,피티인거여,송파구,exercise_body,public_license_registry,OA-16142,체력단련장업,,3230000,CDFH3301062001000019,"서울특별시 송파구 양산로 12, 세신거여훼미리타운 707, 708호 (거여동)",서울특별시 송파구 거여동 293-1 세신거여훼미리타운,영업/정상
VC9F3A426589B,MK 휘트니스(250),강남구,exercise_body,public_license_registry,OA-16142,체력단련장업,,3220000,CDFH3301062011000006,"서울특별시 강남구 봉은사로 129-1 (논현동,지하2층)",서울특별시 강남구 논현동 203 지하2층,영업/정상
VC9FC4DF68FF1,세곡경희한의원,강남구,medical_wellness,public_license_registry,OA-16480,한의원,"한방내과, 한방부인과, 한방소아과, 한방안?이비인후?피부과, 한방신경정신과, 한방재활의학과, 사상체질과, 침구과",3220000,PHMA120163220033041100177,"서울특별시 강남구 밤고개로21길 8, 세곡프라자 201호 (율현동)",,영업/정상
VCA0179605099,가톨릭정형외과의원,강남구,medical_wellness,public_license_registry,OA-16480,의원,"정형외과, 신경외과, 비뇨의학과, 재활의학과",3220000,PHMA119933220033041100142,"서울특별시 강남구 언주로 601, 파크랜드빌딩 3층 (논현동)",서울특별시 강남구 논현동 237-11 파크랜드빌딩,영업/정상
VCA0B2E926202,송파사랑정형외과의원,송파구,medical_wellness,public_license_registry,OA-16480,의원,"정형외과, 신경외과, 마취통증의학과, 재활의학과, 가정의학과",3230000,PHMA120173230034041100062,"서울특별시 송파구 송파대로28길 43, 2층 204호 (가락동, 송파KCC웰츠타워)",서울특별시 송파구 가락동 77번지 4호 송파KCC웰츠타워 2층 204호,영업/정상
VCA1929B58DFE,책임Gym,강남구,exercise_body,public_license_registry,OA-16142,체력단련장업,,3220000,CDFH3301062024000058,"서울특별시 강남구 헌릉로571길 60-1, B1층 (세곡동)",서울특별시 강남구 세곡동 421-7,영업/정상
VCA2CAF504D64,강남리더스정형외과의원,서초구,medical_wellness,public_license_registry,OA-16480,의원,"정형외과, 신경외과, 마취통증의학과, 재활의학과",3210000,PHMA120213210034041100021,"서울특별시 서초구 사임당로 158, 리더스원 상가 5층 504.505,509호 (서초동)",서울특별시 서초구 서초동 1336-1 리더스원 상가,영업/정상
VCA489A4BDF14,알파 사우나,강남구,relax_recovery,public_license_registry,OA-16146,공동탕업,,3220000,3220000-202-1987-00348,"서울특별시 강남구 남부순환로 2941 (대치동, 지하1층)",서울특별시 강남구 대치동 606-1 지하1층,영업/정상
VCA50BD70B131,씨엔에스정형외과의원,강남구,medical_wellness,public_license_registry,OA-16480,의원,"정형외과, 마취통증의학과, 재활의학과",3220000,PHMA120043220033041100600,"서울특별시 강남구 삼성로 155, 대치퍼스트빌딩 4층 413호~416호 (대치동)",,영업/정상
VCA57766D63C4,제이크짐 PT 잠실삼전점,송파구,exercise_body,public_license_registry,OA-16142,체력단련장업,,3230000,CDFH3301062022000005,"서울특별시 송파구 백제고분로 162, 대양빌딩 지하1층 (잠실동)",서울특별시 송파구 잠실동 314-10 대양빌딩 지하1층,영업/정상
VCA5DFAC6B481,쑥쑥재활의학과의원,서초구,medical_wellness,public_license_registry,OA-16480,의원,"정형외과, 마취통증의학과, 재활의학과",3210000,PHMA120223210034041100032,"서울특별시 서초구 방배로 43, TJ빌딩 지하1,지상2층 (방배동)",서울특별시 서초구 방배동 1031-1 TJ빌딩,영업/정상
VCA7A84624D6F,오리온 도곡 피트니스,강남구,exercise_body,public_license_registry,OA-16142,체력단련장업,,3220000,CDFH3301062026000021,"서울특별시 강남구 남부순환로 2745, 오리온신사옥 지하1층 (도곡동)",서울특별시 강남구 도곡동 174-15,영업/정상
VCAA4590AAFF6,카인드짐,송파구,exercise_body,public_license_registry,OA-16142,체력단련장업,,3230000,CDFH3301062011000001,"서울특별시 송파구 백제고분로 501, 지하2층 (방이동)",서울특별시 송파구 방이동 51-2 지하2층,영업/정상
VCAA4E860D133,GM FITNESS,송파구,exercise_body,public_license_registry,OA-16142,체력단련장업,,3230000,CDFH3301062024000002,"서울특별시 송파구 마천로 250, 4층 (거여동)",서울특별시 송파구 거여동 1-1 4층,영업/정상
VCACF72D3E96F,휘슬러휘트니스,강남구,relax_recovery,public_license_registry,OA-16146,목욕장업 기타,,3220000,3220000-202-2017-00001,"서울특별시 강남구 강남대로 310, 지하2층 1호 (역삼동)",서울특별시 강남구 역삼동 837-11,영업/정상
VCAFDAC5A0C8A,경희체인지한의원,서초구,medical_wellness,public_license_registry,OA-16480,한의원,"한방내과, 한방부인과, 한방소아과, 한방안?이비인후?피부과, 한방신경정신과, 한방재활의학과, 사상체질과, 침구과, 한방응급과",3210000,PHMA120153210034041100017,"서울특별시 서초구 마방로2길 94, 2층 (양재동, 오에스엘)",,영업/정상
VCB22F22D5C75,강남센트럴의원,서초구,medical_wellness,public_license_registry,OA-16480,의원,"내과, 정형외과, 마취통증의학과, 재활의학과",3210000,PHMA120223210034041100043,"서울특별시 서초구 신반포로 205, 반포쇼핑타운 제6동 2층 19~27호 (잠원동)",서울특별시 서초구 잠원동 69-12 반포쇼핑타운,영업/정상
VCB244A336A45,박제성 운동케어 CHI & FIT 퍼스널 트레이닝,송파구,exercise_body,public_license_registry,OA-16142,체력단련장업,,3230000,CDFH3301062019000014,"서울특별시 송파구 오금로 483, 거여정형외과 5층 (거여동)",서울특별시 송파구 거여동 21-3 거여정형외과,영업/정상
VCB30A15A3C99,김일중내과의원,서초구,medical_wellness,public_license_registry,OA-16480,의원,"내과, 정형외과",3210000,PHMA119903210034041100006,"서울특별시 서초구 효령로 396, 15호 (서초동)",서울특별시 서초구 서초동 1342번지 15호,영업/정상
VCB4C7375C172,"주식회사 윈핏(Winfit Co., Ltd.)",서초구,exercise_body,public_license_registry,OA-16142,체력단련장업,,3210000,CDFH3301062025000002,"서울특별시 서초구 서초대로27길 51, 제이원타워 방배 지하1층 (방배동)",서울특별시 서초구 방배동 850-11 제이원타워 방배,영업/정상
VCB553CC61D91,아토윌사랑한의원,서초구,medical_wellness,public_license_registry,OA-16480,한의원,"한방내과, 한방부인과, 한방소아과, 한방안?이비인후?피부과, 한방신경정신과, 한방재활의학과, 사상체질과, 침구과",3210000,PHMA120043210034041100021,"서울특별시 서초구 효령로 237, 204호 (서초동, 서초한신리빙타워)",서울특별시 서초구 서초동 1533번지 서초한신리빙타워 204호,영업/정상
VCBBFA9743672,크로스핏 에이블 문정,송파구,exercise_body,public_license_registry,OA-16142,체력단련장업,,3230000,CDFH3301062016000012,"서울특별시 송파구 동남로 108, 지하1층 1호 (문정동, 모즈아울렛)",서울특별시 송파구 문정동 42-2 지하1층 1호,영업/정상
VCBD8113667DC,스포메드짐,송파구,exercise_body,public_license_registry,OA-16142,체력단련장업,,3230000,CDFH3301062023000036,"서울특별시 송파구 중대로 56, 2층 (문정동)",서울특별시 송파구 문정동 150-4,영업/정상
VCBDEF3070E5A,주립한의원,송파구,medical_wellness,public_license_registry,OA-16480,한의원,"한방내과, 한방부인과, 한방소아과, 한방안?이비인후?피부과, 한방신경정신과, 한방재활의학과, 사상체질과, 침구과",3230000,PHMA120163230034041100030,"서울특별시 송파구 새말로5길 1, 덕우빌딩 2층 (문정동)",,영업/정상
VCBEC766AA962,오하운 GYM,송파구,exercise_body,public_license_registry,OA-16142,체력단련장업,,3230000,CDFH3301062017000011,"서울특별시 송파구 백제고분로 419, 유정빌딩 지하1, 지상2층 (송파동)",서울특별시 송파구 송파동 47-6 유정빌딩,영업/정상
VCBFA4869A6A4,경희본한의원,강남구,medical_wellness,public_license_registry,OA-16480,한의원,"한방내과, 한방부인과, 한방소아과, 한방안?이비인후?피부과, 한방신경정신과, 한방재활의학과, 사상체질과, 침구과",3220000,PHMA120213220033041100072,"서울특별시 강남구 개포로 504, 메트하임 6층 604호 (개포동)",서울특별시 강남구 개포동 186-13 메트하임,영업/정상
VCBFCD9707FF1,주원장한의원,서초구,medical_wellness,public_license_registry,OA-16480,한의원,"한방내과, 한방부인과, 한방소아과, 한방안?이비인후?피부과, 한방신경정신과, 한방재활의학과, 사상체질과, 침구과",3210000,PHMA120233210034041100005,"서울특별시 서초구 서초대로53길 21, 2층 202호 (서초동)",서울특별시 서초구 서초동 1698-10,영업/정상
VCC14DD3935BE,(주)자마이카 휘트니스,강남구,relax_recovery,public_license_registry,OA-16146,공동탕업,,3220000,3220000-202-2021-00009,"서울특별시 강남구 언주로 118, 지하1층 스포라인호 (도곡동, 우성캐릭터199)",서울특별시 강남구 도곡동 467-24 우성캐릭터199,영업/정상
VCC219064FE38,가야성모정형외과의원,서초구,medical_wellness,public_license_registry,OA-16480,의원,"정형외과, 신경외과, 마취통증의학과, 재활의학과",3210000,PHMA120153210034041100086,"서울특별시 서초구 방배로 225, 성은빌딩 4층 (방배동)",서울특별시 서초구 방배동 795번지 21호 성은빌딩,영업/정상
VCC24ECB53159,행콩짐,송파구,exercise_body,public_license_registry,OA-16142,체력단련장업,,3230000,CDFH3301062024000015,"서울특별시 송파구 백제고분로 265, 2층 (삼전동)",서울특별시 송파구 삼전동 133-5 2층,영업/정상
VCC26BE95392E,드림팩토리짐,강남구,exercise_body,public_license_registry,OA-16142,체력단련장업,,3220000,CDFH3301062005000013,"서울특별시 강남구 논현로 513 (역삼동,2층)",서울특별시 강남구 역삼동 641-11 2층,영업/정상
VCC271952B6FB,딸기짐,서초구,exercise_body,public_license_registry,OA-16142,체력단련장업,,3210000,CDFH3301062010000009,"서울특별시 서초구 동작대로 172 (방배동,(4층))",서울특별시 서초구 방배동 783-24 (4층),영업/정상
VCC483322A002,짐퍼스트 휘트니스 수서,강남구,exercise_body,public_license_registry,OA-16142,체력단련장업,,3220000,CDFH3301062017000043,"서울특별시 강남구 광평로 280, 로즈데일오피스텔 101호 (수서동)",서울특별시 강남구 수서동 724 로즈데일오피스텔,영업/정상
VCC5477BAABC0,토성사우나,송파구,relax_recovery,public_license_registry,OA-16146,공동탕업,,3230000,3230000-202-2003-00071,"서울특별시 송파구 토성로 38-6 (풍납동,한강극동(아) 제상가동 지하1층)",서울특별시 송파구 풍납동 508 한강극동(아) 제상가동 지하1층,영업/정상
VCC62B70867DB,온화 피트니스라운지 여성전용 헬스&PT 잠실새내점,송파구,exercise_body,public_license_registry,OA-16142,체력단련장업,,3230000,CDFH3301062020000032,"서울특별시 송파구 올림픽로12길 17, 지하 1층 (잠실동)",서울특별시 송파구 잠실동 187-3,영업/정상
VCCA483DFA567,연세더바로의원,강남구,medical_wellness,public_license_registry,OA-16480,의원,"내과, 신경과, 외과, 정형외과, 신경외과, 마취통증의학과, 영상의학과, 재활의학과",3220000,PHMA120183220033041100153,"서울특별시 강남구 논현로 853, 지하1층,2층,3층,5층 (신사동)",서울특별시 강남구 신사동 582-9,영업/정상
VCCB60EF2A22F,오프더팻(OFF THE FAT),서초구,exercise_body,public_license_registry,OA-16142,체력단련장업,,3210000,CDFH3301062024000012,"서울특별시 서초구 강남대로16길 14-2, 동창빌딩 7층 (양재동)",서울특별시 서초구 양재동 319-1 동창빌딩,영업/정상
VCD24C6B230DF,시너지 피티 앤 필라테스,송파구,exercise_body,public_license_registry,OA-16142,체력단련장업,,3230000,CDFH3301062015000020,"서울특별시 송파구 중대로9길 41, 익수빌딩 4층 (가락동)",서울특별시 송파구 가락동 89 익수빌딩,영업/정상
VCD3FA7BF64DD,경희홍한의원,송파구,medical_wellness,public_license_registry,OA-16480,한의원,"한방내과, 한방부인과, 한방소아과, 한방안?이비인후?피부과, 한방신경정신과, 한방재활의학과, 사상체질과, 침구과",3230000,PHMA119913230034041100366,"서울특별시 송파구 오금로 504, 하나빌딩 (거여동)",서울특별시 송파구 거여동 27번지 하나빌딩,영업/정상
VCD476A59E092,토지당한의원,서초구,medical_wellness,public_license_registry,OA-16480,한의원,"한방내과, 한방부인과, 한방소아과, 한방안?이비인후?피부과, 한방신경정신과, 한방재활의학과, 사상체질과, 침구과",3210000,PHMA120083210034041100002,"서울특별시 서초구 방배천로8길 11, 1층 (방배동)",서울특별시 서초구 방배동 456번지 20호,영업/정상
VCD4A3FA8F226,우정스포츠,서초구,exercise_body,public_license_registry,OA-16142,체력단련장업,,3210000,CDFH3301062006000007,"서울특별시 서초구 강남대로 359  (서초동,지하1층 B101호)",서울특별시 서초구 서초동 1328-11 지하1층 B101호,영업/정상
VCD54441A3F9C,언주한의원,강남구,medical_wellness,public_license_registry,OA-16480,한의원,"한방내과, 한방부인과, 한방소아과, 한방안?이비인후?피부과, 한방신경정신과, 한방재활의학과, 사상체질과, 침구과",3220000,PHMA120093220033041100087,"서울특별시 강남구 논현로 564, 2층 (역삼동, 석우빌딩)",,영업/정상
VCD57B55EE9BB,이온한의원,강남구,medical_wellness,public_license_registry,OA-16480,한의원,"한방내과, 한방부인과, 한방소아과, 한방안?이비인후?피부과, 한방신경정신과, 한방재활의학과, 사상체질과, 침구과",3220000,PHMA120213220033041100101,"서울특별시 강남구 압구정로28길 9, 2층 (신사동)",,영업/정상
VCD5DE1744335,나아짐,강남구,exercise_body,public_license_registry,OA-16142,체력단련장업,,3220000,CDFH3301062018000005,"서울특별시 강남구 압구정로34길 32, 성우 에이치 지하1층 (신사동)",서울특별시 강남구 신사동 608-13 성우 에이치,영업/정상
VCD5F15A88F4F,두청한의원,강남구,medical_wellness,public_license_registry,OA-16480,한의원,"한방내과, 한방부인과, 한방소아과, 한방안?이비인후?피부과, 한방신경정신과, 한방재활의학과, 사상체질과, 침구과",3220000,PHMA120243220033041100011,"서울특별시 강남구 강남대로 250, 심현빌딩 2층 (도곡동)",,영업/정상
VCD6C242B6915,어센트피트니스 매봉역점 헬스&PT,강남구,exercise_body,public_license_registry,OA-16142,체력단련장업,,3220000,CDFH3301062019000037,"서울특별시 강남구 남부순환로378길 10, 성일빌딩 지하1층 (도곡동)",서울특별시 강남구 도곡동 419-1 성일빌딩,영업/정상
VCDDEE34245DD,현대정형외과의원,송파구,medical_wellness,public_license_registry,OA-16480,의원,"내과, 신경과, 외과, 정형외과, 신경외과, 성형외과, 마취통증의학과, 이비인후과, 피부과, 재활의학과",3230000,PHMA120233230034041100020,"서울특별시 송파구 동남로 129, 지하1,지상1~6층 (가락동)",서울특별시 송파구 가락동 108-7,영업/정상
VCDE354CEE8DA,한마음한의원,송파구,medical_wellness,public_license_registry,OA-16480,한의원,"한방내과, 한방부인과, 한방소아과, 한방안?이비인후?피부과, 한방신경정신과, 한방재활의학과, 침구과",3230000,PHMA120203230034041100002,"서울특별시 송파구 백제고분로 466, 세나빌딩 4층 (방이동)",,영업/정상
VCDFFAF8EF29D,찾아가는경희한의원,송파구,medical_wellness,public_license_registry,OA-16480,한의원,"한방내과, 한방부인과, 한방소아과, 한방안?이비인후?피부과, 한방신경정신과, 한방재활의학과, 사상체질과, 침구과",3230000,PHMA120263230034041100050,"서울특별시 송파구 올림픽로4길 48, 우성아파트 상가 3층 (잠실동)",,영업/정상
VCE1AE9C03FE2,아미율한의원,강남구,medical_wellness,public_license_registry,OA-16480,한의원,"한방내과, 한방부인과, 한방소아과, 한방안?이비인후?피부과, 한방신경정신과, 한방재활의학과, 사상체질과, 침구과",3220000,PHMA120233220033041100100,"서울특별시 강남구 논현로171길 11, 2층 (신사동)",,영업/정상
VCE2EFF9C14D6,리유한의원,강남구,medical_wellness,public_license_registry,OA-16480,한의원,"한방내과, 한방부인과, 한방안?이비인후?피부과, 사상체질과, 침구과",3220000,PHMA120123220033041100074,"서울특별시 강남구 강남대로 616, 1002호 (신사동, 신사미타워)",,영업/정상
VCE3BE776849F,STV 피지컬 퍼포먼스짐,강남구,exercise_body,public_license_registry,OA-16142,체력단련장업,,3220000,CDFH3301062021000020,"서울특별시 강남구 봉은사로 469, B2층 (삼성동)",서울특별시 강남구 삼성동 49-12,영업/정상
VCE59746203D0,본가정의학과의원,송파구,medical_wellness,public_license_registry,OA-16480,의원,"내과, 정형외과, 성형외과, 소아청소년과, 이비인후과, 피부과, 비뇨의학과, 가정의학과",3230000,PHMA120133230034041100006,"서울특별시 송파구 올림픽로 435 (신천동, 파크리오B상가 411호)",서울특별시 송파구 신천동 20번지 6호 파크리오B상가 411호,영업/정상
VCE672201E12B,삼성 라이크짐 24시,강남구,exercise_body,public_license_registry,OA-16142,체력단련장업,,3220000,CDFH3301062025000014,"서울특별시 강남구 삼성로95길 6, 지하1층 (삼성동)",서울특별시 강남구 삼성동 128-20,영업/정상
VCE765EFE66F4,개포서울통정형외과의원,강남구,medical_wellness,public_license_registry,OA-16480,의원,"외과, 정형외과, 신경외과, 마취통증의학과, 재활의학과",3220000,PHMA120223220033041100153,"서울특별시 강남구 선릉로 26, JS빌딩 4,6,7층 (개포동)","서울특별시 강남구 개포동 158-12 JS빌딩 4,6,7층",영업/정상
VCE79B142F334,서래부부한의원,서초구,medical_wellness,public_license_registry,OA-16480,한의원,"한방내과, 한방부인과, 한방소아과, 한방안?이비인후?피부과, 한방신경정신과, 한방재활의학과, 사상체질과, 침구과",3210000,PHMA120143210034041100016,"서울특별시 서초구 서초대로53길 24, 2층 (서초동, 지앤지빌딩)",,영업/정상
VCEA91A1DA9D2,석촌봄한의원,송파구,medical_wellness,public_license_registry,OA-16480,한의원,"한방내과, 한방부인과, 한방소아과, 한방안?이비인후?피부과, 한방재활의학과, 사상체질과, 침구과",3230000,PHMA120193230034041100018,"서울특별시 송파구 백제고분로37길 8, 2층 (석촌동)",,영업/정상
VCEE474BFC5C9,리버스라이프 짐,강남구,exercise_body,public_license_registry,OA-16142,체력단련장업,,3220000,CDFH3301062023000032,"서울특별시 강남구 선릉로130길 5, 2층 (삼성동)",서울특별시 강남구 삼성동 1-3,영업/정상
VCF486CCD0965,POLAR(폴라),강남구,exercise_body,public_license_registry,OA-16142,체력단련장업,,3220000,CDFH3301062026000005,"서울특별시 강남구 도산대로54길 30, CI사옥 지하1층 (논현동)",서울특별시 강남구 논현동 100-8 CI사옥,영업/정상
VCF4A6797C6E0,송파여성소금한증막,송파구,relax_recovery,public_license_registry,OA-16146,공동탕업+찜질시설서비스영업,,3230000,3230000-202-2014-00002,"서울특별시 송파구 가락로 120, 지하1층 (석촌동)",서울특별시 송파구 석촌동 296-4,영업/정상
VCF66B45A9879,The rebody PT,서초구,exercise_body,public_license_registry,OA-16142,체력단련장업,,3210000,CDFH3301062022000031,"서울특별시 서초구 서초대로46길 19-7, 지하1층 (서초동)",서울특별시 서초구 서초동 1555-6,영업/정상
VCF6F36758AE5,심포니한의원,강남구,medical_wellness,public_license_registry,OA-16480,한의원,"한방내과, 한방부인과, 한방소아과, 한방안?이비인후?피부과, 한방신경정신과, 한방재활의학과, 침구과",3220000,PHMA120213220033041100078,"서울특별시 강남구 봉은사로 457, S&C TOWER 삼성 4층 (삼성동)",,영업/정상
VCF9F6379A608,휘트니스 모션,서초구,exercise_body,public_license_registry,OA-16142,체력단련장업,,3210000,CDFH3301062004000005,"서울특별시 서초구 방배로 205 (방배동, 3층)",서울특별시 서초구 방배동 812-16 3층,영업/정상
VCFB944854627,경희정한의원,송파구,medical_wellness,public_license_registry,OA-16480,한의원,"한방내과, 한방부인과, 한방소아과, 한방안?이비인후?피부과, 한방신경정신과, 한방재활의학과, 사상체질과, 침구과",3230000,PHMA120253230034041100007,"서울특별시 송파구 오금로 410, 5층 (가락동)",,영업/정상
VCFBC98D442F9,전자서울 R&D 피트니스센터,서초구,exercise_body,public_license_registry,OA-16142,체력단련장업,,3210000,CDFH3301062021000028,서울특별시 서초구 성촌길 56 (주)삼성전자 서울R&D캠퍼스 (우면동),서울특별시 서초구 우면동 678 (주)삼성전자 서울R&D캠퍼스,영업/정상
VCFDCD085EA37,This is fitness,강남구,exercise_body,public_license_registry,OA-16142,체력단련장업,,3220000,CDFH3301062019000026,"서울특별시 강남구 선릉로 822, 유리빌딩 (청담동)",서울특별시 강남구 청담동 85-2 유리빌딩,영업/정상
VCFF324AB6247,슬릭부스트 도곡,강남구,exercise_body,public_license_registry,OA-16142,체력단련장업,,3220000,CDFH3301062024000061,"서울특별시 강남구 도곡로 184, 신호빌딩 B104,B105호 (도곡동)",서울특별시 강남구 도곡동 544 신호빌딩,영업/정상
VCFFBF6A9BEB9,필짐,송파구,exercise_body,public_license_registry,OA-16142,체력단련장업,,3230000,CDFH3301062021000037,"서울특별시 송파구 천호대로 992, 4층 (풍납동)",서울특별시 송파구 풍납동 473 4층,영업/정상
VD02EA0950019,경희제민한의원,서초구,medical_wellness,public_license_registry,OA-16480,한의원,"한방내과, 한방부인과, 한방소아과, 한방안?이비인후?피부과, 한방신경정신과, 한방재활의학과, 사상체질과, 침구과",3210000,PHMA120183210034041100061,"서울특별시 서초구 방배로 90, 농전빌딩 지하1층 (방배동)",,영업/정상
VD0351F90E0AB,피트니스비엠,송파구,exercise_body,public_license_registry,OA-16142,체력단련장업,,3230000,CDFH3301062009000006,"서울특별시 송파구 올림픽로 76, 12층 1201,1202호 (잠실동, J타워)",서울특별시 송파구 잠실동 175-6 12층,영업/정상
VD081E10B771B,허기훈내과의원,서초구,medical_wellness,public_license_registry,OA-16480,의원,"내과, 정형외과, 마취통증의학과, 이비인후과, 재활의학과",3210000,PHMA120083210034041100007,"서울특별시 서초구 방배로 76, 204,205호 (방배동)",서울특별시 서초구 방배동 984번지 1호 204호,영업/정상
VD08CB6FE308E,허니짐 김성권 P.T,송파구,exercise_body,public_license_registry,OA-16142,체력단련장업,,3230000,CDFH3301062018000018,"서울특별시 송파구 올림픽로 119, 잠실파인애플상가 4층 (잠실동)",서울특별시 송파구 잠실동 19-9 잠실파인애플상가,영업/정상
VD0B3326ED3A3,더케어마취통증의학과의원,강남구,medical_wellness,public_license_registry,OA-16480,의원,"신경과, 정형외과, 신경외과, 마취통증의학과, 재활의학과",3220000,PHMA120213220033041100173,"서울특별시 강남구 선릉로 513, APEXTOWER 2층 (역삼동)",서울특별시 강남구 역삼동 705-25 APEXTOWER,영업/정상
VD0C13A1E3DCB,활로 피트 매니지먼트,서초구,exercise_body,public_license_registry,OA-16142,체력단련장업,,3210000,CDFH3301062022000030,"서울특별시 서초구 효령로 336, 윤일빌딩 지하1층 (서초동)",서울특별시 서초구 서초동 1443-15 윤일빌딩,영업/정상
VD0D4374BA883,뉴챕터랩 바디앤마인드 코칭,서초구,exercise_body,public_license_registry,OA-16142,체력단련장업,,3210000,CDFH3301062026000008,"서울특별시 서초구 반포대로19길 10, 갤러리호 B111, B112호 (서초동)",서울특별시 서초구 서초동 1538-4 갤러리호,영업/정상
VD0EDC308A907,남상천한의원,서초구,medical_wellness,public_license_registry,OA-16480,한의원,"한방내과, 한방부인과, 한방소아과, 한방안?이비인후?피부과, 한방신경정신과, 한방재활의학과, 사상체질과, 침구과",3210000,PHMA119993210034041100012,"서울특별시 서초구 반포대로 109, 서초빌딩 3층 (서초동)",서울특별시 서초구 서초동 1540-9 서초빌딩,영업/정상
VD10412F35BD7,경희신안한의원,서초구,medical_wellness,public_license_registry,OA-16480,한의원,"한방내과, 한방부인과, 한방소아과, 한방안?이비인후?피부과, 한방신경정신과, 한방재활의학과, 사상체질과, 침구과",3210000,PHMA120113210034041100108,"서울특별시 서초구 서초대로 30, 202호 (방배동, 현진빌딩)",서울특별시 서초구 방배동 951번지 19호 202호,영업/정상
VD107B391801F,웰니스웍스 선릉,강남구,exercise_body,public_license_registry,OA-16142,체력단련장업,,3220000,CDFH3301062024000054,"서울특별시 강남구 삼성로85길 19, 대치빌딩 지하2층 (대치동)",서울특별시 강남구 대치동 894-3 대치빌딩,영업/정상
VD10C7B3A431E,빼채올한의원,강남구,medical_wellness,public_license_registry,OA-16480,한의원,"한방내과, 한방부인과, 한방소아과, 한방안?이비인후?피부과, 한방신경정신과, 한방재활의학과, 사상체질과, 침구과",3220000,PHMA120253220033041100179,"서울특별시 강남구 도산대로 121, YK타워 7층 (신사동)",,영업/정상
VD1185D996093,스틸짐,송파구,exercise_body,public_license_registry,OA-16142,체력단련장업,,3230000,CDFH3301062024000028,"서울특별시 송파구 오금로31길 16-6, 지하층 (방이동)",서울특별시 송파구 방이동 224-1,영업/정상
VD11FEA6F31F1,피오,송파구,exercise_body,public_license_registry,OA-16142,체력단련장업,,3230000,CDFH3301062018000002,"서울특별시 송파구 백제고분로41길 15, 덕원빌딩 (송파동)",서울특별시 송파구 송파동 16-1 덕원빌딩,영업/정상
VD13142D643EA,우성A휘트니스,서초구,exercise_body,public_license_registry,OA-16142,체력단련장업,,3210000,CDFH3301062004000006,서울특별시 서초구 사임당로 158 (서초동),서울특별시 서초구 서초동 1336 지하1층,영업/정상
VD1374B3F53A8,와이낫짐,송파구,exercise_body,public_license_registry,OA-16142,체력단련장업,,3230000,CDFH3301062019000026,"서울특별시 송파구 삼전로9길 5-2, 지하층 B01호 (잠실동)",서울특별시 송파구 잠실동 246-12,영업/정상
VD14C052190B7,연세굿초이스정형외과의원,서초구,medical_wellness,public_license_registry,OA-16480,의원,"내과, 외과, 정형외과, 신경외과, 소아청소년과, 이비인후과, 영상의학과, 재활의학과, 가정의학과",3210000,PHMA120143210034041100022,"서울특별시 서초구 서초대로 327, 2,3층 (서초동)",서울특별시 서초구 서초동 1690번지 3호 신한은행,영업/정상
VD17EF093DB8C,라인한의원,송파구,medical_wellness,public_license_registry,OA-16480,한의원,"한방내과, 한방부인과, 한방소아과, 한방안?이비인후?피부과, 한방신경정신과, 한방재활의학과, 사상체질과, 침구과",3230000,PHMA120173230034041100014,"서울특별시 송파구 중대로 304, 2층 (오금동, 천진빌딩)",,영업/정상
VD1B0A42E779C,밸런스핏,송파구,exercise_body,public_license_registry,OA-16142,체력단련장업,,3230000,CDFH3301062018000010,"서울특별시 송파구 동남로 234, 진넥스베르디엠 2층 (가락동)",서울특별시 송파구 가락동 166-10 진넥스베르디엠,영업/정상
VD1C36059F95E,빌드업 운동센터,강남구,exercise_body,public_license_registry,OA-16142,체력단련장업,,3220000,CDFH3301062014000039,"서울특별시 강남구 도곡로 120, 세원빌딩 2층 (도곡동)",서울특별시 강남구 도곡동 942-2 세원빌딩,영업/정상
VD1D6EB133D7A,룩스바디핏,송파구,exercise_body,public_license_registry,OA-16142,체력단련장업,,3230000,CDFH3301062020000008,"서울특별시 송파구 법원로4길 6, 지하1층 106호 (문정동)",서울특별시 송파구 문정동 652-5 문정 아이파크,영업/정상
VD205E9C78F57,리얼리햅 맞춤운동센터,강남구,exercise_body,public_license_registry,OA-16142,체력단련장업,,3220000,CDFH3301062025000026,"서울특별시 강남구 도산대로24길 4, 1층 (논현동, ES힐스)",서울특별시 강남구 논현동 6-17 ES힐스,영업/정상
VD2281B7D42E5,소울팩토리짐,송파구,exercise_body,public_license_registry,OA-16142,체력단련장업,,3230000,CDFH3301062025000021,"서울특별시 송파구 송파대로 438, 녹십초빌딩 지하1층 B103호 (송파동)",서울특별시 송파구 송파동 19-2 녹십초빌딩,영업/정상
VD2418B4DC74D,펄스그라운드,서초구,exercise_body,public_license_registry,OA-16142,체력단련장업,,3210000,CDFH3301062024000016,"서울특별시 서초구 동산로19길 53, 민영빌딩 1층, 지하1층 (양재동)",서울특별시 서초구 양재동 301-1 민영빌딩,영업/정상
VD272A04DB842,대한민국피티1팀,송파구,exercise_body,public_license_registry,OA-16142,체력단련장업,,3230000,CDFH3301062025000020,"서울특별시 송파구 올림픽로35길 112, 장미아파트 비상가 2동 5층 1호 (신천동)",서울특별시 송파구 신천동 7 장미아파트 비상가,영업/정상
VD296DED2B552,(주)조선호텔앤리조트 센터필드 피트니스클럽,강남구,exercise_body,public_license_registry,OA-16142,체력단련장업,,3220000,CDFH3301062021000031,"서울특별시 강남구 테헤란로 231, 센터필드 EAST동 3층 (역삼동)",서울특별시 강남구 역삼동 676 센터필드,영업/정상
VD2B9EF5EB284,아틀라스의원,송파구,medical_wellness,public_license_registry,OA-16480,의원,"정형외과, 마취통증의학과, 재활의학과",3230000,PHMA120183230034041100030,"서울특별시 송파구 법원로 128, 문정에스케이브이원지엘메트로시티 C동 307호 (문정동)",서울특별시 송파구 문정동 642번지 3호 문정에스케이브이원지엘메트로시티 C동 307호,영업/정상
VD2BB4DE9B6EE,S&H웰빙휘트니스,강남구,exercise_body,public_license_registry,OA-16142,체력단련장업,,3220000,CDFH3301062023000001,"서울특별시 강남구 도곡로 204, 동신빌딩 지하1층 (도곡동)",서울특별시 강남구 도곡동 543 동신빌딩,영업/정상
VD2CB347C8A57,(주)파프짐 도곡라이프점,강남구,exercise_body,public_license_registry,OA-16142,체력단련장업,,3220000,CDFH3301062026000022,"서울특별시 강남구 언주로 120, 인스토피아 2층 (도곡동)",서울특별시 강남구 도곡동 467-23 인스토피아,영업/정상
VD2FF19399A63,365삼성의원,강남구,medical_wellness,public_license_registry,OA-16480,의원,"내과, 신경과, 외과, 정형외과, 신경외과, 마취통증의학과, 소아청소년과, 이비인후과, 재활의학과, 가정의학과, 응급의학과",3220000,PHMA120233220033041100168,"서울특별시 강남구 도곡로 331, 5층,7층층 (역삼동)",서울특별시 강남구 역삼동 765-17,영업/정상
VD30BEA0B9713,바벨피트니스 PT & 바렐필라테스 삼성점,강남구,exercise_body,public_license_registry,OA-16142,체력단련장업,,3220000,CDFH3301062015000001,"서울특별시 강남구 테헤란로 501, 브이플렉스 지하층 (삼성동)",서울특별시 강남구 삼성동 157-27 브이플렉스,영업/정상
VD31811CCAAC4,베스트원의원,강남구,medical_wellness,public_license_registry,OA-16480,의원,"내과, 외과, 정형외과, 성형외과, 마취통증의학과, 소아청소년과, 피부과, 비뇨의학과, 영상의학과",3220000,PHMA120213220033041100189,"서울특별시 강남구 학동로 443, 정한빌딩 5층 (청담동)",서울특별시 강남구 청담동 47-5 정한빌딩,영업/정상
VD32556877EE5,청담짐,강남구,exercise_body,public_license_registry,OA-16142,체력단련장업,,3220000,CDFH3301062022000008,"서울특별시 강남구 도산대로81길 8, 지하1층 (청담동)",서울특별시 강남구 청담동 120,영업/정상
VD3299D049EE6,구름의자의원,강남구,medical_wellness,public_license_registry,OA-16480,의원,"내과, 신경과, 정신건강의학과, 외과, 정형외과, 신경외과, 심장혈관흉부외과, 성형외과, 마취통증의학과, 산부인과, 소아청소년과, 안과, 이비인후과, 피부과, 비뇨의학과, 재활의학과, 가정의학과, 직업환경의학과, 응급의학과, 예방의학과",3220000,PHMA120173220033041100115,"서울특별시 강남구 논현로 841 (신사동, 제이비 미소빌딩, 206호 일부)","서울특별시 강남구 신사동 583번지 3호 제이비미소빌딩, 206호 일부",영업/정상
VD32B0B364F56,슬릭 교대캠프,서초구,exercise_body,public_license_registry,OA-16142,체력단련장업,,3210000,CDFH3301062021000015,"서울특별시 서초구 법원로2길 17-5, 백영빌딩 지하1층 (서초동)",서울특별시 서초구 서초동 1713-3,영업/정상
VD34F417D4FAB,유니크바디 PT 압구정,강남구,exercise_body,public_license_registry,OA-16142,체력단련장업,,3220000,CDFH3301062024000023,"서울특별시 강남구 언주로152길 15-3, 지하1층 (신사동)",서울특별시 강남구 신사동 631-28,영업/정상
VD38712F07C5A,청구경희한의원,강남구,medical_wellness,public_license_registry,OA-16480,한의원,"한방내과, 한방부인과, 한방소아과, 한방안?이비인후?피부과, 한방신경정신과, 한방재활의학과, 사상체질과, 침구과",3220000,PHMA120103220033041100177,"서울특별시 강남구 테헤란로25길 30, 1층 (역삼동)",,영업/정상
VD387C05EE998,삼성경희한의원,강남구,medical_wellness,public_license_registry,OA-16480,한의원,"한방내과, 한방부인과, 한방소아과, 한방재활의학과, 침구과",3220000,PHMA120073220033041101994,"서울특별시 강남구 테헤란로 532, 3층 (대치동)",서울특별시 강남구 대치동 946,영업/정상
VD3DA80F93FDE,바인허브한의원,강남구,medical_wellness,public_license_registry,OA-16480,한의원,"한방내과, 한방부인과, 한방소아과, 한방안?이비인후?피부과, 한방신경정신과, 한방재활의학과, 사상체질과, 침구과",3220000,PHMA120243220033041100012,"서울특별시 강남구 도산대로45길 10-5, LS빌딩 지하1층 (신사동)",서울특별시 강남구 신사동 650-13 LS빌딩,영업/정상
VD3E104966E1A,약선당한의원,서초구,medical_wellness,public_license_registry,OA-16480,한의원,"한방내과, 한방부인과, 한방소아과, 한방안?이비인후?피부과, 한방신경정신과, 한방재활의학과, 사상체질과, 침구과",3210000,PHMA120083210034041100129,"서울특별시 서초구 청두곶3길 19, 1층 (방배동)",,영업/정상
VD411DB204ADF,로데오 스파,강남구,relax_recovery,public_license_registry,OA-16146,공동탕업,,3220000,3220000-202-2000-00017,"서울특별시 강남구 선릉로 823 (신사동,한양타운빌딩지하2층)",서울특별시 강남구 신사동 665-1 한양타운빌딩지하2층,영업/정상
VD424FB9CC1F1,백제불한증막인삼사우나,송파구,relax_recovery,public_license_registry,OA-16146,공동탕업,,3230000,3230000-202-2004-00003,"서울특별시 송파구 백제고분로 293 (석촌동,지하1-4층및지상1층)",서울특별시 송파구 석촌동 15 지하1-4층및지상1층,영업/정상
VD42FFD56125F,아몬드짐,서초구,exercise_body,public_license_registry,OA-16142,체력단련장업,,3210000,CDFH3301062018000023,"서울특별시 서초구 반포대로10길 45, 지하1층 (서초동)",서울특별시 서초구 서초동 1457-4,영업/정상
VD440529A4E8F,텐핏 양재,서초구,exercise_body,public_license_registry,OA-16142,체력단련장업,,3210000,CDFH3301062022000039,"서울특별시 서초구 강남대로 267, B1층 (서초동)",서울특별시 서초구 서초동 1361-1,영업/정상
VD445F4FD47AD,피지컬 케어&짐,강남구,exercise_body,public_license_registry,OA-16142,체력단련장업,,3220000,CDFH3301062021000056,"서울특별시 강남구 삼성로115길 20, B 빌딩 2층 (삼성동)",서울특별시 강남구 삼성동 24-26 B 빌딩,영업/정상
VD47C43418B0F,호서 여성 불한증막,강남구,relax_recovery,public_license_registry,OA-16146,한증막업,,3220000,3220000-202-2012-00008,"서울특별시 강남구 테헤란로70길 12, 지하2층 (대치동)",서울특별시 강남구 대치동 890-60 지하2층,영업/정상
VD481798E8A43,보리스짐 교대,서초구,exercise_body,public_license_registry,OA-16142,체력단련장업,,3210000,CDFH3301062022000022,"서울특별시 서초구 서초중앙로 110, 지하1층 (서초동, 서초동롯데캐슬메디치)",서울특별시 서초구 서초동 1656-4 서초동롯데캐슬메디치,영업/정상
VD4822AD9F91A,아산본정형외과의원,송파구,medical_wellness,public_license_registry,OA-16480,의원,"정형외과, 신경외과, 성형외과, 마취통증의학과, 재활의학과",3230000,PHMA120163230034041100060,"서울특별시 송파구 오금로 512, 2층 206호 (거여동, 거여역2차쌍용아파트)",서울특별시 송파구 거여동 27번지 5호 거여역2차쌍용아파트  206호,영업/정상
VD483E5B7CA54,강남리유한의원,강남구,medical_wellness,public_license_registry,OA-16480,한의원,"한방내과, 한방부인과, 한방소아과, 한방안?이비인후?피부과, 한방신경정신과, 한방재활의학과, 사상체질과, 침구과",3220000,PHMA120243220033041100233,"서울특별시 강남구 강남대로 430, 에이비씨마트빌딩 6층 (역삼동)",서울특별시 강남구 역삼동 815-2 에이비씨마트빌딩,영업/정상
VD48437B38324,원스텝짐,강남구,exercise_body,public_license_registry,OA-16142,체력단련장업,,3220000,CDFH3301062023000053,"서울특별시 강남구 압구정로29길 69, B1층 (압구정동, 현대아파트)",서울특별시 강남구 압구정동 436 현대아파트,영업/정상
VD4999DF80957,에스앤제이코어(제일리핏케어센터),강남구,exercise_body,public_license_registry,OA-16142,체력단련장업,,3220000,CDFH3301062024000020,"서울특별시 강남구 영동대로 706, 정원빌딩 4, 5층 (청담동)",서울특별시 강남구 청담동 133 정원빌딩,영업/정상
VD4C43CC39480,아니다웰니스의원,강남구,medical_wellness,public_license_registry,OA-16480,의원,"내과, 외과, 산부인과, 소아청소년과, 피부과, 진단검사의학과, 재활의학과, 가정의학과",3220000,PHMA120233220033041100143,"서울특별시 강남구 선릉로 629, 지하1층, 지상3층, 5층, 6층, 7층 (논현동)",서울특별시 강남구 논현동 267-15,영업/정상
VD4C57BF5763C,리키PT STUDIO,송파구,exercise_body,public_license_registry,OA-16142,체력단련장업,,3230000,CDFH3301062018000017,"서울특별시 송파구 법원로4길 6, 문정아이파크 3층 (문정동)",서울특별시 송파구 문정동 652-5 문정아이파크,영업/정상
VD513E597D849,휴메이크 휘트니스,송파구,exercise_body,public_license_registry,OA-16142,체력단련장업,,3230000,CDFH3301062016000007,"서울특별시 송파구 삼전로 85, 4층, 5층 (잠실동)",서울특별시 송파구 잠실동 252-6 태영빌딩,영업/정상
VD54A0F77A9BF,더 배네핏,송파구,exercise_body,public_license_registry,OA-16142,체력단련장업,,3230000,CDFH3301062023000012,"서울특별시 송파구 가락로 103, 엄마손백화점 4층 (석촌동)",서울특별시 송파구 석촌동 277-2 엄마손백화점,영업/정상
VD5567DB3B17C,커브스문정클럽,송파구,exercise_body,public_license_registry,OA-16142,체력단련장업,,3230000,CDFH3301062007000003,"서울특별시 송파구 중대로 24, 2층 (문정동)","서울특별시 송파구 문정동 150 올림픽훼밀리타운상가 1동2층 209, 210호",영업/정상
VD5694ADBDFA6,홍익한의원,송파구,medical_wellness,public_license_registry,OA-16480,한의원,"한방내과, 한방부인과, 한방소아과, 한방안?이비인후?피부과, 한방신경정신과, 한방재활의학과, 사상체질과, 침구과",3230000,PHMA120043230034041101216,"서울특별시 송파구 가락로 209, 3층 (송파동)",,영업/정상
VD58A2CA08139,도곡타워정형외과의원,강남구,medical_wellness,public_license_registry,OA-16480,의원,"정형외과, 신경외과, 마취통증의학과, 재활의학과",3220000,PHMA120223220033041100132,"서울특별시 강남구 언주로30길 21(도곡동, 아카데미스위트)",,영업/정상
VD59486E33347,"버핏그라운드 논현, 팀버핏 논현",강남구,exercise_body,public_license_registry,OA-16142,체력단련장업,,3220000,CDFH3301062025000035,"서울특별시 강남구 언주로 641, 펜트힐 루 논현 지하1층 107호 (논현동)",서울특별시 강남구 논현동 211-21 펜트힐 루 논현,영업/정상
VD5A7C0412936,영림한의원,서초구,medical_wellness,public_license_registry,OA-16480,한의원,"한방내과, 한방부인과, 한방소아과, 한방안?이비인후?피부과, 한방신경정신과, 한방재활의학과, 사상체질과, 침구과",3210000,PHMA120043210034041100026,"서울특별시 서초구 반포대로 81, 5층 (서초동, 영림빌딩)",서울특별시 서초구 서초동 1538번지 5호 5층,영업/정상
VD5AD1F3FF287,연세고은의원,송파구,medical_wellness,public_license_registry,OA-16480,의원,"내과, 신경과, 정신건강의학과, 외과, 정형외과, 신경외과, 심장혈관흉부외과, 성형외과, 마취통증의학과, 산부인과, 소아청소년과, 안과, 이비인후과, 피부과, 비뇨의학과, 영상의학과, 방사선종양학과, 병리과, 진단검사의학과, 재활의학과, 결핵과, 가정의학과, 핵의학과, 직업환경의학과, 응급의학과, 예방의학과",3230000,PHMA120233230034041100003,"서울특별시 송파구 백제고분로 275, 2층 일부(오른쪽끝)호 (석촌동)",서울특별시 송파구 석촌동 14-7,영업/정상
VD5C72C93F241,바른건강한의원,서초구,medical_wellness,public_license_registry,OA-16480,한의원,"한방내과, 한방부인과, 한방소아과, 한방안?이비인후?피부과, 한방신경정신과, 한방재활의학과, 사상체질과, 침구과",3210000,PHMA120253210034041100007,"서울특별시 서초구 서운로26길 5, 토탈에코빌딩 2층 (서초동)",서울특별시 서초구 서초동 1302-7 토탈에코빌딩,영업/정상
VD5EE17796455,트루코치,송파구,exercise_body,public_license_registry,OA-16142,체력단련장업,,3230000,CDFH3301062023000028,"서울특별시 송파구 송이로14길 12, 삼원빌딩 5층 (가락동)",서울특별시 송파구 가락동 377-68 삼원빌딩,영업/정상
VD5FA44B9FFFC,잠원본한의원,서초구,medical_wellness,public_license_registry,OA-16480,한의원,"한방내과, 한방부인과, 한방소아과, 한방안?이비인후?피부과, 한방신경정신과, 한방재활의학과, 사상체질과, 침구과",3210000,PHMA119933210034041100015,"서울특별시 서초구 나루터로 66, 1층 (잠원동)",서울특별시 서초구 잠원동 18-18 1층,영업/정상
VD6084B02B69D,민도준류우마내과의원,서초구,medical_wellness,public_license_registry,OA-16480,의원,"내과, 정형외과, 재활의학과, 가정의학과",3210000,PHMA120123210034041100068,"서울특별시 서초구 서초중앙로 125, 904,905호 (서초동, 로이어즈타워)",,영업/정상
VD623CFBC169B,포에버성형외과의원,강남구,medical_wellness,public_license_registry,OA-16480,의원,"정형외과, 성형외과, 산부인과, 피부과, 재활의학과, 가정의학과",3220000,PHMA120153220033041100177,"서울특별시 강남구 논현로 742, 파티오나인 6층 (논현동)",서울특별시 강남구 논현동 66-24 파티오나인,영업/정상
VD624DE989BA9,레이디한의원,강남구,medical_wellness,public_license_registry,OA-16480,한의원,"한방내과, 한방부인과, 한방소아과, 한방안?이비인후?피부과, 한방신경정신과, 한방재활의학과, 사상체질과, 침구과",3220000,PHMA120203220033041100126,"서울특별시 강남구 봉은사로2길 21, 반석빌딩 4층 (역삼동)",서울특별시 강남구 역삼동 810-5 반석빌딩,영업/정상
VD64088BC5A4E,RE:BORNFIT 개포,강남구,exercise_body,public_license_registry,OA-16142,체력단련장업,,3220000,CDFH3301062023000016,"서울특별시 강남구 개포로 265, 개포동 메디시스빌딩 201호 (개포동)",서울특별시 강남구 개포동 655-4 개포동 메디시스빌딩,영업/정상
VD6451CC90CBF,하나그린한의원,강남구,medical_wellness,public_license_registry,OA-16480,한의원,"한방내과, 한방부인과, 한방소아과, 한방안?이비인후?피부과, 한방신경정신과, 한방재활의학과, 사상체질과, 침구과",3220000,PHMA120063220033041101940,"서울특별시 강남구 논현로159길 16, 2층 (신사동, 동보빌딩 2층)",서울특별시 강남구 신사동 567번지 27호 동보빌딩 2층,영업/정상
VD6461E545232,셀피아의료생활협동조합셀피아의원,강남구,medical_wellness,public_license_registry,OA-16480,의원,"내과, 정형외과, 성형외과, 마취통증의학과, 산부인과, 피부과, 비뇨의학과, 재활의학과, 가정의학과",3220000,PHMA120143220033041100191,"서울특별시 강남구 언주로 413, 태현빌딩 1-2층 (역삼동)",서울특별시 강남구 역삼동 721번지 36호 1-2층,영업/정상
VD6810A6DE69B,방배현대스포츠클럽,서초구,relax_recovery,public_license_registry,OA-16146,공동탕업,,3210000,3210000-202-2016-00002,"서울특별시 서초구 방배로 12, 지하 201호 (방배동)",서울특별시 서초구 방배동 1025-2 지하201호,영업/정상
VD69587965DC5,리투퍼 운동센터,송파구,exercise_body,public_license_registry,OA-16142,체력단련장업,,3230000,CDFH3301062023000019,"서울특별시 송파구 가락로 116, 2층 (석촌동)",서울특별시 송파구 석촌동 296-19,영업/정상
VD6B2575874A9,아워피트니스 프리미엄,서초구,exercise_body,public_license_registry,OA-16142,체력단련장업,,3210000,CDFH3301062023000017,"서울특별시 서초구 방배중앙로 181, B1층 (방배동)",서울특별시 서초구 방배동 768-3 스퀘어 181,영업/정상
VD6BA2B73394E,더짐 주식회사,서초구,exercise_body,public_license_registry,OA-16142,체력단련장업,,3210000,CDFH3301062021000003,"서울특별시 서초구 강남대로53길 8, 스타크 강남빌딩 (서초동)",서울특별시 서초구 서초동 1327-15 스타크 강남빌딩,영업/정상
VD6C0A8600774,더뷰티성형외과의원,서초구,medical_wellness,public_license_registry,OA-16480,의원,"내과, 외과, 정형외과, 성형외과, 마취통증의학과, 산부인과, 소아청소년과, 이비인후과, 피부과, 비뇨의학과, 가정의학과",3210000,PHMA120213210034041100109,"서울특별시 서초구 강남대로 519, 도충빌딩 6층 (반포동)",서울특별시 서초구 반포동 723-1 도충빌딩,영업/정상
VD6C25A360FF1,미래신경과의원,서초구,medical_wellness,public_license_registry,OA-16480,의원,"내과, 신경과, 재활의학과",3210000,PHMA120003210034041100005,"서울특별시 서초구 방배로 37, 2층 (방배동, 대기빌딩)",,영업/정상
VD6DF845D1D0D,프리원핏 방이점,송파구,exercise_body,public_license_registry,OA-16142,체력단련장업,,3230000,CDFH3301062025000017,"서울특별시 송파구 백제고분로 509, 대종빌딩 지하 2층 201호 (방이동)",서울특별시 송파구 방이동 51-11 대종빌딩,영업/정상
VD70395461DE8,강남해통한의원,서초구,medical_wellness,public_license_registry,OA-16480,한의원,"한방내과, 한방부인과, 한방소아과, 한방안?이비인후?피부과, 한방신경정신과, 한방재활의학과, 침구과",3210000,PHMA120173210034041100025,"서울특별시 서초구 서운로 226, 106.107,108,110,111호 (서초동, 서초오피스텔)",,영업/정상
VD7245838D750,압구정강남바른정형외과의원,강남구,medical_wellness,public_license_registry,OA-16480,의원,정형외과,3220000,PHMA120163220033041100037,"서울특별시 강남구 압구정로 152, 극동스포츠빌딩 306호일부 (신사동)",서울특별시 강남구 신사동 575 극동타워,영업/정상
VD7312CF22BC1,바디핏 휘트니스,강남구,exercise_body,public_license_registry,OA-16142,체력단련장업,,3220000,CDFH3301062005000001,"서울특별시 강남구 선릉로 619 (논현동,B1)",서울특별시 강남구 논현동 268-4 B1,영업/정상
VD739E94CE25B,활선재활의학과의원,서초구,medical_wellness,public_license_registry,OA-16480,의원,"내과, 신경과, 외과, 정형외과, 신경외과, 마취통증의학과, 소아청소년과, 피부과, 재활의학과, 가정의학과",3210000,PHMA120203210034041100033,"서울특별시 서초구 강남대로 365, 대우도씨에빛 4층 (서초동)",서울특별시 서초구 서초동 1328번지 7호 대우도씨에빛 4층,영업/정상
VD798B37C89BE,참시원정형외과의원,강남구,medical_wellness,public_license_registry,OA-16480,의원,"정형외과, 신경외과, 마취통증의학과",3220000,PHMA120153220033041100133,"서울특별시 강남구 봉은사로 327, 궁도빌딩 2층 (논현동)",서울특별시 강남구 논현동 278-19 궁도빌딩,영업/정상
VD79BC40EEAC9,이루이비인후과의원,송파구,medical_wellness,public_license_registry,OA-16480,의원,"내과, 신경과, 정신건강의학과, 외과, 정형외과, 신경외과, 산부인과, 소아청소년과, 안과, 이비인후과, 피부과, 비뇨의학과, 재활의학과, 가정의학과",3230000,PHMA120163230034041100039,"서울특별시 송파구 위례광장로 230, C동 201,202호 (장지동, 위례2차아이파크)",서울특별시 송파구 장지동 884 위례2차아이파크,영업/정상
VD7A5377195E6,아이디얼 필라테스,송파구,exercise_body,public_license_registry,OA-16142,체력단련장업,,3230000,CDFH3301062019000005,"서울특별시 송파구 삼학사로 100, 그랜드빌딩 3층 301호 (석촌동)",서울특별시 송파구 석촌동 1 그랜드빌딩,영업/정상
VD7A570EFBF55,자운한의원,송파구,medical_wellness,public_license_registry,OA-16480,한의원,"한방내과, 한방부인과, 한방소아과, 한방안?이비인후?피부과, 한방신경정신과, 한방재활의학과, 사상체질과, 침구과",3230000,PHMA120053230034041101283,"서울특별시 송파구 올림픽로 106, 9층 (잠실동)",,영업/정상
VD7AFFF4CF8E4,핏플즈,서초구,exercise_body,public_license_registry,OA-16142,체력단련장업,,3210000,CDFH3301062020000019,"서울특별시 서초구 서초중앙로31길 14-11, 1층 (반포동)",서울특별시 서초구 반포동 49-10,영업/정상
VD7C8CFF27272,김성훈 골프아카데미,강남구,exercise_body,public_license_registry,OA-16142,체력단련장업,,3220000,CDFH3301062017000032,"서울특별시 강남구 도산대로85길 39, 지하1층 (청담동)",서울특별시 강남구 청담동 112-28,영업/정상
VD7D12A6313C9,임동국한의원,송파구,medical_wellness,public_license_registry,OA-16480,한의원,"한방내과, 한방부인과, 한방소아과, 한방안?이비인후?피부과, 한방신경정신과, 한방재활의학과, 사상체질과, 침구과",3230000,PHMA120103230034041100053,"서울특별시 송파구 올림픽로 435 (신천동,파크리오 A상가 301-3호)",서울특별시 송파구 잠실4동 17번지 4호 파크리오 A상가 301-3호,영업/정상
VD808C4A34EA3,서리풀성모정형외과의원,서초구,medical_wellness,public_license_registry,OA-16480,의원,"정형외과, 신경외과, 마취통증의학과, 재활의학과",3210000,PHMA120223210034041100065,"서울특별시 서초구 동작대로 120, 성산빌딩 6층 (방배동)",서울특별시 서초구 방배동 1669 성산빌딩,영업/정상
VD81742B82193,하이키한의원,서초구,medical_wellness,public_license_registry,OA-16480,한의원,"한방내과, 한방부인과, 한방소아과, 한방안?이비인후?피부과, 한방신경정신과, 한방재활의학과, 사상체질과, 침구과",3210000,PHMA120003210034041100015,"서울특별시 서초구 신반포로 205, 6동 5층 (잠원동, 반포쇼핑타운)",서울특별시 서초구 잠원동 69번지 16호 반포쇼핑 6동 5층,영업/정상
VD81E04E0E002,좋은습관Fitness역삼,강남구,exercise_body,public_license_registry,OA-16142,체력단련장업,,3220000,CDFH3301062023000052,"서울특별시 강남구 테헤란로 141, B1, B2층 (역삼동)",서울특별시 강남구 역삼동 646-20,영업/정상
VD8225E70D719,경희로운한의원,서초구,medical_wellness,public_license_registry,OA-16480,한의원,"한방내과, 한방부인과, 한방소아과, 한방안?이비인후?피부과, 한방신경정신과, 한방재활의학과, 사상체질과, 침구과",3210000,PHMA120163210034041100037,"서울특별시 서초구 강남대로 243, 5층 (서초동, 다보빌딩 )",서울특별시 서초구 서초동 1366번지 7호 다보빌딩 5층,영업/정상
VD826DA91A490,더밸런스한의원,강남구,medical_wellness,public_license_registry,OA-16480,한의원,"한방내과, 침구과",3220000,PHMA120173220033041100100,"서울특별시 강남구 삼성로 238, 태원 리치타운상가 3층 (대치동)",서울특별시 강남구 대치동 989 태원 리치타운상가,영업/정상
VD82D51D9DF3D,365문정사랑의원,송파구,medical_wellness,public_license_registry,OA-16480,의원,"내과, 외과, 정형외과, 신경외과, 마취통증의학과, 소아청소년과, 안과, 이비인후과, 피부과, 비뇨의학과, 가정의학과, 응급의학과",3230000,PHMA120183230034041100074,"서울특별시 송파구 송이로32길 37, 1층 (문정동, 문정푸르지오아파트)",서울특별시 송파구 문정동 19번지 문정푸르지오아파트,영업/정상
VD831DC2DE937,서울정석정형외과의원,강남구,medical_wellness,public_license_registry,OA-16480,의원,"정형외과, 마취통증의학과, 재활의학과",3220000,PHMA120203220033041100041,"서울특별시 강남구 테헤란로20길 10, 쓰리엠타워 5층 (역삼동)",서울특별시 강남구 역삼동 735번지 32호 쓰리엠타워,영업/정상
VD833DF90E42E,온리원PT스튜디오,강남구,exercise_body,public_license_registry,OA-16142,체력단련장업,,3220000,CDFH3301062026000019,"서울특별시 강남구 언주로107길 37-1, 2층 (역삼동)",서울특별시 강남구 역삼동 658-6,영업/정상
VD859D0A3D612,아모스짐휘트니스 방이점,송파구,exercise_body,public_license_registry,OA-16142,체력단련장업,,3230000,CDFH3301062013000011,"서울특별시 송파구 오금로 111, 지하1층 (방이동)",서울특별시 송파구 방이동 66-2 세기빌딩,영업/정상
VD86D451F9E9E,이효진산부인과의원,서초구,medical_wellness,public_license_registry,OA-16480,의원,"내과, 정형외과, 마취통증의학과, 산부인과, 소아청소년과, 피부과, 비뇨의학과, 재활의학과",3210000,PHMA120243210034041100009,"서울특별시 서초구 신반포로 219, 반포쇼핑타운 4층 401~404호 (잠원동)",서울특별시 서초구 잠원동 69-22 반포쇼핑타운,영업/정상
VD89491FD8708,바디퓨처 퍼스널트레이닝 개포점,강남구,exercise_body,public_license_registry,OA-16142,체력단련장업,,3220000,CDFH3301062025000020,"서울특별시 강남구 선릉로6길 9, 지하1층 (개포동)",서울특별시 강남구 개포동 159-10,영업/정상
VD89F1208A8DA,크로스핏 강남(352),강남구,exercise_body,public_license_registry,OA-16142,체력단련장업,,3220000,CDFH3301062014000004,"서울특별시 강남구 선릉로 418, 지하 1층층 (대치동)",서울특별시 강남구 대치동 898,영업/정상
VD8A6C94E3257,열린경희한의원,서초구,medical_wellness,public_license_registry,OA-16480,한의원,"한방내과, 한방부인과, 한방소아과, 한방안?이비인후?피부과, 한방신경정신과, 한방재활의학과, 사상체질과, 침구과",3210000,PHMA120253210034041100072,"서울특별시 서초구 잠원로4길 50, 메이플 자이 근린생활시설 서동 3층 311~312호 (잠원동)",,영업/정상
VD8AD35FE8767,두각경희한의원,서초구,medical_wellness,public_license_registry,OA-16480,한의원,"한방내과, 한방부인과, 한방소아과, 한방안?이비인후?피부과, 한방신경정신과, 한방재활의학과, 침구과",3210000,PHMA120223210034041100042,"서울특별시 서초구 효령로 403, 304,305호 (서초동)",서울특별시 서초구 서초동 1335,영업/정상
VD8BD2A46A5B6,새힘재활의학과의원,송파구,medical_wellness,public_license_registry,OA-16480,의원,"내과, 신경과, 정형외과, 신경외과, 마취통증의학과, 재활의학과, 가정의학과",3230000,PHMA120173230034041100036,"서울특별시 송파구 송파대로 167,  B동 B208,209,210,211호 (문정동, 문정역테라타워)",,영업/정상
VD8C5590B623F,ARC PT STUDIO,강남구,exercise_body,public_license_registry,OA-16142,체력단련장업,,3220000,CDFH3301062019000008,"서울특별시 강남구 역삼로 110, 태양21 지하1층 (역삼동)",서울특별시 강남구 역삼동 832-21 태양21,영업/정상
VD8CA29A65AE1,화리한의원,서초구,medical_wellness,public_license_registry,OA-16480,한의원,"한방내과, 한방부인과, 한방소아과, 한방안?이비인후?피부과, 한방신경정신과, 한방재활의학과, 사상체질과, 침구과",3210000,PHMA120133210034041100092,"서울특별시 서초구 서초대로 3-4, 105호 (방배동, 디오슈페리움1차)",,영업/정상
VD8D2339A25F2,싸다휘트니스,강남구,exercise_body,public_license_registry,OA-16142,체력단련장업,,3220000,CDFH3301062010000008,"서울특별시 강남구 테헤란로 121, 원빌딩 지하2층 (역삼동)",서울특별시 강남구 역삼동 648-26 원빌딩,영업/정상
VD8E1EF9C432E,나율한의원,송파구,medical_wellness,public_license_registry,OA-16480,한의원,"한방내과, 한방부인과, 한방소아과, 한방안?이비인후?피부과, 한방신경정신과, 한방재활의학과, 사상체질과, 침구과",3230000,PHMA120143230034041100058,"서울특별시 송파구 위례광장로 193, 303호 (장지동)",,영업/정상
VD92F177C235C,새시대한의원,강남구,medical_wellness,public_license_registry,OA-16480,한의원,"한방내과, 한방부인과, 한방소아과, 한방안?이비인후?피부과, 한방신경정신과, 한방재활의학과, 사상체질과, 침구과",3220000,PHMA120053220033041101932,"서울특별시 강남구 강남대로128길 20, 203호 (논현동, 영동프라자 203호)",,영업/정상
VD938B05D279B,삼인당한의원,강남구,medical_wellness,public_license_registry,OA-16480,한의원,"한방내과, 한방부인과, 한방소아과, 한방안?이비인후?피부과, 한방신경정신과, 한방재활의학과, 사상체질과, 침구과",3220000,PHMA119953220033041101776,"서울특별시 강남구 강남대로44길 22, 2층 (도곡동)",서울특별시 강남구 도곡동 954-24,영업/정상
VD96C3A250879,더 제로 클럽,강남구,exercise_body,public_license_registry,OA-16142,체력단련장업,,3220000,CDFH3301062025000028,"서울특별시 강남구 논현로159길 65, 4층 (신사동)",서울특별시 강남구 신사동 545-1,영업/정상
VD974FAE4FC0B,피트인 피트니스,강남구,exercise_body,public_license_registry,OA-16142,체력단련장업,,3220000,CDFH3301062022000009,"서울특별시 강남구 논현로 851, 지하1층 (신사동)",서울특별시 강남구 신사동 582-8,영업/정상
VD98793F4ED20,NKB PT GYM,서초구,exercise_body,public_license_registry,OA-16142,체력단련장업,,3210000,CDFH3301062011000004,"서울특별시 서초구 서초대로25길 지하 27 (방배동, 배양빌딩)",서울특별시 서초구 방배동 875-21 배양빌딩,영업/정상
VD99383D277A5,강남코리아 대중탕,서초구,relax_recovery,public_license_registry,OA-16146,공동탕업,,3210000,3210000-202-2021-00004,"서울특별시 서초구 강남대로 309, 코리아비지니스센타 지하1층 1호~4호,8호 (서초동)",서울특별시 서초구 서초동 1338-21 코리아비지니스센타,영업/정상
VD995E4BBF482,삼성피트니스(217),강남구,exercise_body,public_license_registry,OA-16142,체력단련장업,,3220000,CDFH3301062010000003,"서울특별시 강남구 봉은사로 474, 지하1층 (삼성동)",서울특별시 강남구 삼성동 117 지하1층,영업/정상
VD9B1AD1EFA1D,잠실본바디한의원,송파구,medical_wellness,public_license_registry,OA-16480,한의원,"한방내과, 한방부인과, 한방소아과, 한방안?이비인후?피부과, 한방신경정신과, 한방재활의학과, 사상체질과, 침구과",3230000,PHMA120263230034041100013,"서울특별시 송파구 백제고분로9길 9, 유성빌딩 4층 (잠실동)",,영업/정상
VD9BD873BC5D1,헬스토피아,서초구,exercise_body,public_license_registry,OA-16142,체력단련장업,,3210000,CDFH3301061998000002,"서울특별시 서초구 사평대로 362  (서초동,(3층))",서울특별시 서초구 서초동 1302-52 (3층),영업/정상
VD9CFEAA89B0C,위례별한의원,송파구,medical_wellness,public_license_registry,OA-16480,한의원,"한방내과, 한방부인과, 한방소아과, 한방안?이비인후?피부과, 한방신경정신과, 한방재활의학과, 사상체질과, 침구과",3230000,PHMA120173230034041100008,"서울특별시 송파구 위례광장로 230, 1층 B-112호 (장지동, 위례2차아이파크)",,영업/정상
VD9E2C77E074A,소나무한의원,서초구,medical_wellness,public_license_registry,OA-16480,한의원,"한방내과, 한방부인과, 한방소아과, 한방안?이비인후?피부과, 한방신경정신과, 한방재활의학과, 사상체질과, 침구과",3210000,PHMA119913210034041100011,"서울특별시 서초구 서래로10길 1, 201호 (반포동)",서울특별시 서초구 반포동 93-6,영업/정상
VD9E6E2EC8543,제이투짐,강남구,exercise_body,public_license_registry,OA-16142,체력단련장업,,3220000,CDFH3301062022000016,"서울특별시 강남구 개포로 623, 대청타워 2층 234-7호 (개포동)",서울특별시 강남구 개포동 13-3 대청타워,영업/정상
VDA24310C14A5,허브한의원,서초구,medical_wellness,public_license_registry,OA-16480,한의원,"한방내과, 한방부인과, 한방소아과, 한방안?이비인후?피부과, 한방신경정신과, 한방재활의학과, 사상체질과, 침구과",3210000,PHMA120243210034041100095,"서울특별시 서초구 효령로72길 57, E-105호 (서초동, 서초트라팰리스)",서울특별시 서초구 서초동 1344-13 서초트라팰리스,영업/정상
VDA2519CA83EE,수림한의원,송파구,medical_wellness,public_license_registry,OA-16480,한의원,"한방내과, 한방부인과, 한방소아과, 한방안?이비인후?피부과, 한방신경정신과, 한방재활의학과, 사상체질과, 침구과",3230000,PHMA120123230034041100042,"서울특별시 송파구 올림픽로 509 (풍납동, 4층1호)",서울특별시 송파구 풍납동 402번지 3호 4층1호,영업/정상
VDA2D98E3FF1D,순천당한의원,강남구,medical_wellness,public_license_registry,OA-16480,한의원,"한방내과, 한방부인과, 한방소아과, 한방안?이비인후?피부과, 한방신경정신과, 한방재활의학과, 사상체질과, 침구과",3220000,PHMA119833220033041101735,"서울특별시 강남구 선릉로 719, 6층 (논현동)",서울특별시 강남구 논현동 111-20,영업/정상
VDA687E48D7DF,강재활의학과의원,강남구,medical_wellness,public_license_registry,OA-16480,의원,"정형외과, 마취통증의학과, 재활의학과",3220000,PHMA120263220033041100002,"서울특별시 강남구 강남대로128길 10, 5층 (논현동)",서울특별시 강남구 논현동 144 5층,영업/정상
VDA79A5CEAC82,강남성모이비인후과의원,강남구,medical_wellness,public_license_registry,OA-16480,의원,"내과, 정형외과, 소아청소년과, 안과, 이비인후과, 피부과, 비뇨의학과",3220000,PHMA120093220033041100050,"서울특별시 강남구 강남대로 334 (역삼동, 6층일부)",서울특별시 강남구 역삼동 832번지 6층 일부,영업/정상
VDA863B023C0C,세르테정형외과의원,강남구,medical_wellness,public_license_registry,OA-16480,의원,정형외과,3220000,PHMA120263220033041100077,"서울특별시 강남구 선릉로131길 8, 노벨빌딩 2층 (논현동)",서울특별시 강남구 논현동 111-13 노벨빌딩 2층,영업/정상
VDA9117C9B28E,서울통정형외과의원,송파구,medical_wellness,public_license_registry,OA-16480,의원,"내과, 외과, 정형외과, 신경외과, 마취통증의학과, 소아청소년과, 영상의학과, 재활의학과, 가정의학과",3230000,PHMA120213230034041100025,"서울특별시 송파구 올림픽로 116, 메디씨티 빌딩 2,3층 (잠실동)",,영업/정상
VDA93A51D56F6,보성한의원,송파구,medical_wellness,public_license_registry,OA-16480,한의원,"한방내과, 한방부인과, 한방소아과, 한방안?이비인후?피부과, 한방신경정신과, 한방재활의학과, 사상체질과, 침구과",3230000,PHMA120033230034041101142,"서울특별시 송파구 올림픽로35가길 9, 3층 307,308호 (신천동, 잠실 푸르지오 월드마크)",,영업/정상
VDA9409DF4448,김대현피티스튜디오 도곡한티역점,강남구,exercise_body,public_license_registry,OA-16142,체력단련장업,,3220000,CDFH3301062022000019,"서울특별시 강남구 선릉로 227, 지하1층 1호 (도곡동)",서울특별시 강남구 도곡동 538-1,영업/정상
VDA9A4793E17B,연세쉼내과의원,강남구,medical_wellness,public_license_registry,OA-16480,의원,"내과, 정형외과, 신경외과, 마취통증의학과, 이비인후과, 피부과, 가정의학과, 예방의학과",3220000,PHMA120243220033041100219,"서울특별시 강남구 역삼로 433, 3층 301호 (대치동)",서울특별시 강남구 대치동 905-28,영업/정상
VDAA628E512C3,로그짐 삼성점,강남구,exercise_body,public_license_registry,OA-16142,체력단련장업,,3220000,CDFH3301062018000029,"서울특별시 강남구 테헤란로87길 39, 심스빌딩 B2층 (삼성동)",서울특별시 강남구 삼성동 153-55 심스빌딩,영업/정상
VDAD26CDF1495,더 세이짐,송파구,exercise_body,public_license_registry,OA-16142,체력단련장업,,3230000,CDFH3301062014000003,서울특별시 송파구 백제고분로 116 (잠실동),서울특별시 송파구 잠실동 294-1,영업/정상
VDADF767A824D,셀365웰정형외과재활의학과의원,강남구,medical_wellness,public_license_registry,OA-16480,의원,"외과, 정형외과, 신경외과, 마취통증의학과, 재활의학과, 가정의학과",3220000,PHMA120263220033041100096,"서울특별시 강남구 도산대로 117, 4, 5층 (신사동)","서울특별시 강남구 신사동 514-18 , 4, 5층",영업/정상
VDAF4F4447787,라파사우나,송파구,relax_recovery,public_license_registry,OA-16146,공동탕업,,3230000,3230000-202-2006-00005,"서울특별시 송파구 오금로 396 (가락동,에스케이허브파크지하1층)",서울특별시 송파구 가락동 166-2 에스케이허브파크지하1층,영업/정상
VDB32182CB822,이비안한의원,서초구,medical_wellness,public_license_registry,OA-16480,한의원,"한방내과, 한방부인과, 한방소아과, 한방안?이비인후?피부과, 한방신경정신과, 한방재활의학과, 사상체질과, 침구과",3210000,PHMA120253210034041100066,"서울특별시 서초구 강남대로 363, 363강남타워 3층 (서초동)",서울특별시 서초구 서초동 1328-10 363강남타워,영업/정상
VDB6A003C6C8C,경희한의원,송파구,medical_wellness,public_license_registry,OA-16480,한의원,"한방내과, 한방부인과, 한방소아과, 한방안?이비인후?피부과, 한방신경정신과, 한방재활의학과, 사상체질과, 침구과",3230000,PHMA119843230034041100094,서울특별시 송파구 삼학사로19길 28 (삼전동),서울특별시 송파구 삼전동 110번지 13호,영업/정상
VDB6C779FE262,하이라이트 피트니스,서초구,exercise_body,public_license_registry,OA-16142,체력단련장업,,3210000,CDFH3301062022000040,"서울특별시 서초구 서초대로74길 49, B1층 (서초동)",서울특별시 서초구 서초동 1330-4 아르누보씨티2,영업/정상
VDB744B7DEB24,반포오는정한의원,서초구,medical_wellness,public_license_registry,OA-16480,한의원,"한방내과, 한방부인과, 한방소아과, 한방안?이비인후?피부과, 한방신경정신과, 한방재활의학과, 사상체질과, 침구과",3210000,PHMA120263210034041100014,"서울특별시 서초구 고무래로 18, 반포 THE H7빌딩 3층 301호 (반포동)",,영업/정상
VDB7FD9913026,더강추정형외과의원,강남구,medical_wellness,public_license_registry,OA-16480,의원,"정형외과, 신경외과, 마취통증의학과, 재활의학과",3220000,PHMA120183220033041100003,"서울특별시 강남구 강남대로 364, 미왕빌딩 4층 (역삼동)",서울특별시 강남구 역삼동 826번지 21호 미왕빌딩 4층,영업/정상
VDB858DE7B7CF,청담한의원,송파구,medical_wellness,public_license_registry,OA-16480,한의원,"한방내과, 한방부인과, 한방소아과, 한방안?이비인후?피부과, 한방신경정신과, 한방재활의학과, 사상체질과, 침구과",3230000,PHMA120243230034041100034,"서울특별시 송파구 백제고분로 378, 2층 (송파동)",서울특별시 송파구 송파동 84-6,영업/정상
VDB967B5EB2F2,(주)어뮤즈청담,강남구,exercise_body,public_license_registry,OA-16142,체력단련장업,,3220000,CDFH3301062024000051,"서울특별시 강남구 압구정로71길 4, 미산빌딩 지하1층 (청담동)",서울특별시 강남구 청담동 100-2 미산빌딩,영업/정상
VDBAA08654577,현대 에프앤에스,강남구,exercise_body,public_license_registry,OA-16142,체력단련장업,,3220000,CDFH3301061998000001,서울특별시 강남구 압구정로29길 68 (압구정동),서울특별시 강남구 압구정동 455,영업/정상
VDBC29DAC50D8,UNDONGLOG,서초구,exercise_body,public_license_registry,OA-16142,체력단련장업,,3210000,CDFH3301062026000003,"서울특별시 서초구 동광로11길 109, 1층 (방배동)",서울특별시 서초구 방배동 762-21,영업/정상
VDBF4E125CEF9,로하핏 스튜디오,송파구,exercise_body,public_license_registry,OA-16142,체력단련장업,,3230000,CDFH3301062021000003,"서울특별시 송파구 송파대로 167, 문정역테라타워 B1층 G154호 (문정동)",서울특별시 송파구 문정동 651 문정역테라타워,영업/정상
VDBFDD1F36988,송파동점 스포애니 (주)케이디헬스케어,송파구,exercise_body,public_license_registry,OA-16142,체력단련장업,,3230000,CDFH3301062014000011,"서울특별시 송파구 오금로 204, 가동 3,4층 (송파동)","서울특별시 송파구 송파동 142-8 3,4층 가동",영업/정상
VDC0D2808C669,한마음가정의원,강남구,medical_wellness,public_license_registry,OA-16480,의원,"내과, 정형외과, 신경외과, 마취통증의학과, 피부과, 재활의학과, 가정의학과",3220000,PHMA120133220033041100227,"서울특별시 강남구 광평로51길 8, 303호 (수서동, 로얄프라자)",서울특별시 강남구 수서동 714번지 로얄프라자 303호,영업/정상
VDC1529254F32,건땀 라운드 나인,강남구,exercise_body,public_license_registry,OA-16142,체력단련장업,,3220000,CDFH3301062025000048,"서울특별시 강남구 광평로 281, 수서빌딩 지하1층 (수서동)",서울특별시 강남구 수서동 715 수서빌딩,영업/정상
VDC3BF7F80B8C,근본 PT 스튜디오,송파구,exercise_body,public_license_registry,OA-16142,체력단련장업,,3230000,CDFH3301062022000029,"서울특별시 송파구 백제고분로41길 25, 지하1층 (송파동)",서울특별시 송파구 송파동 12-3 지하1층,영업/정상
VDC4F5C5630CB,서리풀한의원,서초구,medical_wellness,public_license_registry,OA-16480,한의원,"한방내과, 한방부인과, 한방소아과, 한방안?이비인후?피부과, 한방신경정신과, 한방재활의학과, 사상체질과, 침구과",3210000,PHMA120063210034041100064,"서울특별시 서초구 방배로 104, 2층 (방배동)",서울특별시 서초구 방배동 907번지 9호 2층,영업/정상
VDC5B46579293,잼짐 헬스& PT 반포점,서초구,exercise_body,public_license_registry,OA-16142,체력단련장업,,3210000,CDFH3301062013000007,"서울특별시 서초구 서초중앙로 217 (반포동, 대동빌딩 지하1층)",서울특별시 서초구 반포동 51-5 대동빌딩 지하1층,영업/정상
VDC60DA568E2E,크로스핏하운드,송파구,exercise_body,public_license_registry,OA-16142,체력단련장업,,3230000,CDFH3301062021000033,"서울특별시 송파구 송이로 166, 지하101호호 (가락동, 가락우성2차아파트)",서울특별시 송파구 가락동 120-4 가락우성2차아파트 상가에이동 지하101동,영업/정상
VDC7017BFE29F,폴리한의원,송파구,medical_wellness,public_license_registry,OA-16480,한의원,"한방내과, 한방부인과, 한방소아과, 한방안?이비인후?피부과, 한방신경정신과, 한방재활의학과, 사상체질과, 침구과",3230000,PHMA120163230034041100024,"서울특별시 송파구 송파대로 345, 1A동 4020호 (가락동, 헬리오시티)",서울특별시 송파구 가락동 913 헬리오시티,영업/정상
VDC816466975E,대명한의원,강남구,medical_wellness,public_license_registry,OA-16480,한의원,"한방내과, 한방부인과, 한방소아과, 한방안?이비인후?피부과, 한방신경정신과, 한방재활의학과, 사상체질과, 침구과",3220000,PHMA120243220033041100003,"서울특별시 강남구 남부순환로 2615, 315호 (도곡동, 극동스타클래스)",,영업/정상
VDCB9A49E6D6E,바디젠한의원,서초구,medical_wellness,public_license_registry,OA-16480,한의원,"한방내과, 한방부인과, 한방소아과, 한방안?이비인후?피부과, 한방신경정신과, 한방재활의학과, 사상체질과, 침구과",3210000,PHMA120193210034041100001,"서울특별시 서초구 효령로77길 34, 아크로텔 강남역 3층 309호 (서초동)",서울특별시 서초구 서초동 1337번지 2호 아크로텔 강남역,영업/정상
VDCBA4E791E9E,더블에스휘트니스,송파구,exercise_body,public_license_registry,OA-16142,체력단련장업,,3230000,CDFH3301062019000011,"서울특별시 송파구 위례광장로 188, 아이온스퀘어 (장지동)",서울특별시 송파구 장지동 881 아이온스퀘어,영업/정상
VDCD010CEE9BF,사계경희한의원,송파구,medical_wellness,public_license_registry,OA-16480,한의원,"한방내과, 한방부인과, 한방소아과, 한방안?이비인후?피부과, 한방신경정신과, 한방재활의학과, 사상체질과, 침구과",3230000,PHMA120083230034041101494,"서울특별시 송파구 백제고분로 464, 대륙빌딩 2층 (방이동)",,영업/정상
VDCD2B5C14993,플랜에이 스튜디오,송파구,exercise_body,public_license_registry,OA-16142,체력단련장업,,3230000,CDFH3301062018000001,"서울특별시 송파구 백제고분로 411, 대우빌딩 지하1층 (송파동)",서울특별시 송파구 송파동 47-9 대우빌딩,영업/정상
VDCD4CABEED26,테디피트니스 방이점,송파구,exercise_body,public_license_registry,OA-16142,체력단련장업,,3230000,CDFH3301062021000005,"서울특별시 송파구 올림픽로32길 22-13, 지층 2호 (방이동)",서울특별시 송파구 방이동 62-12,영업/정상
VDCE5FD2583CA,송파제일정형외과의원,송파구,medical_wellness,public_license_registry,OA-16480,의원,"내과, 외과, 정형외과, 신경외과, 피부과, 재활의학과",3230000,PHMA120043230034041101240,"서울특별시 송파구 가락로 99 (석촌동, 석촌프라자 2층)",서울특별시 송파구 석촌동 277번지 1호 석촌프라자 2층,영업/정상
VDCEBFA788865,씨앤씨정형외과의원,서초구,medical_wellness,public_license_registry,OA-16480,의원,"내과, 외과, 정형외과, 신경외과, 소아청소년과",3210000,PHMA120103210034041100108,"서울특별시 서초구 방배로 95, 6층 (방배동, 서경빌딩)",서울특별시 서초구 방배동 910번지 13호 서경빌딩 6층,영업/정상
VDD0DB4C40357,에이블짐 잠실역점,송파구,exercise_body,public_license_registry,OA-16142,체력단련장업,,3230000,CDFH3301062023000033,"서울특별시 송파구 올림픽로35가길 11, 지하1층 (신천동, 한신잠실코아)",서울특별시 송파구 신천동 11-9 한신잠실코아,영업/정상
VDD0E945B83AC,Hoon fit(훈핏),강남구,exercise_body,public_license_registry,OA-16142,체력단련장업,,3220000,CDFH3301062020000019,"서울특별시 강남구 언주로107길 44, 더나무앤 빌딩 (역삼동)",서울특별시 강남구 역삼동 651-17 더나무앤 빌딩,영업/정상
VDD1CCBFDEDAB,크로스핏 라텔,송파구,exercise_body,public_license_registry,OA-16142,체력단련장업,,3230000,CDFH3301062024000034,"서울특별시 송파구 백제고분로22길 4-14, 지하1층 (삼전동)",서울특별시 송파구 삼전동 28-25,영업/정상
VDDAA23671B9D,롤랜드 헬스클럽PT,서초구,exercise_body,public_license_registry,OA-16142,체력단련장업,,3210000,CDFH3301062023000008,"서울특별시 서초구 명달로13길 4, SK빌딩 301호 (서초동)",서울특별시 서초구 서초동 1492-10 SK빌딩,영업/정상
VDDB07FA71C08,제임스짐,강남구,exercise_body,public_license_registry,OA-16142,체력단련장업,,3220000,CDFH3301062022000058,"서울특별시 강남구 테헤란로 217, 오렌지플래닛 지하1층 (역삼동)",서울특별시 강남구 역삼동 677-23 오렌지플래닛,영업/정상
VDDBF508FD422,몬스터의원,강남구,medical_wellness,public_license_registry,OA-16480,의원,"피부과, 재활의학과",3220000,PHMA120233220033041100007,"서울특별시 강남구 압구정로30길 16, 아크힐즈16 4, 6층 (신사동)",,영업/정상
VDDC2EF0BB115,(주)에이블짐 교대역점,서초구,exercise_body,public_license_registry,OA-16142,체력단련장업,,3210000,CDFH3301062019000007,"서울특별시 서초구 서초대로 320, 하림인터내셔날빌딩 지하2층 (서초동)",서울특별시 서초구 서초동 1674-4 하림인터내셔날빌딩,영업/정상
VDDD1A150FE8E,짐퍼스트 헬스&PT 문정점,송파구,exercise_body,public_license_registry,OA-16142,체력단련장업,,3230000,CDFH3301062011000008,"서울특별시 송파구 중대로 68, 7층 (문정동)",서울특별시 송파구 문정동 150-26 훼미리샤르망 7층,영업/정상
VDE3C790519F9,스마트페이스한의원,강남구,medical_wellness,public_license_registry,OA-16480,한의원,"한방내과, 한방부인과, 한방소아과, 한방안?이비인후?피부과, 한방신경정신과, 한방재활의학과",3220000,PHMA120103220033041100148,"서울특별시 강남구 역삼로 214, 덕성빌딩 2층 (역삼동)",서울특별시 강남구 역삼동 770,영업/정상
VDE454594981A,유티풀한의원,송파구,medical_wellness,public_license_registry,OA-16480,한의원,"한방내과, 한방부인과, 한방소아과, 한방안?이비인후?피부과, 한방신경정신과, 한방재활의학과, 사상체질과, 침구과",3230000,PHMA120243230034041100038,"서울특별시 송파구 송파대로 167, 문정역테라타워 B동 2층 207,208호 (문정동)",,영업/정상
VDE470CFE7744,브레인리더한의원,서초구,medical_wellness,public_license_registry,OA-16480,한의원,"한방소아과, 한방신경정신과",3210000,PHMA120173210034041100030,"서울특별시 서초구 강남대로 359, 3층 302,303,304호 (서초동)",서울특별시 서초구 서초동 1328번지 11호 대우도씨에빛2,영업/정상
VDE6D4462947F,이강훈한의원,송파구,medical_wellness,public_license_registry,OA-16480,한의원,"한방내과, 한방부인과, 한방소아과, 한방안?이비인후?피부과, 한방신경정신과, 한방재활의학과, 사상체질과, 침구과",3230000,PHMA119973230034041100694,"서울특별시 송파구 백제고분로48길 41, 2층 (방이동)",,영업/정상
VDEB9F5776266,연세선하지외과의원,강남구,medical_wellness,public_license_registry,OA-16480,의원,"신경과, 외과, 정형외과, 마취통증의학과",3220000,PHMA120243220033041100043,"서울특별시 강남구 테헤란로 121, 원빌딩 10층 1001호 (역삼동)",서울특별시 강남구 역삼동 648-26 원빌딩 1001호,영업/정상
VDECE7F2C6290,버터짐,서초구,exercise_body,public_license_registry,OA-16142,체력단련장업,,3210000,CDFH3301062018000002,"서울특별시 서초구 효령로68길 104, 지하1층 (서초동)",서울특별시 서초구 서초동 1443-28,영업/정상
VDEEB8D34A764,다나마취통증의학과의원,송파구,medical_wellness,public_license_registry,OA-16480,의원,"내과, 정형외과, 신경외과, 마취통증의학과",3230000,PHMA120073230034041101442,"서울특별시 송파구 석촌호수로 142, 3층 (삼전동)",서울특별시 송파구 삼전동 22번지 4호,영업/정상
VDEFB30CA26C8,유리움한의원,송파구,medical_wellness,public_license_registry,OA-16480,한의원,"한방내과, 한방부인과, 한방소아과, 한방안?이비인후?피부과, 한방신경정신과, 한방재활의학과, 사상체질과, 침구과",3230000,PHMA120183230034041100018,"서울특별시 송파구 송파대로 415, 5층 (석촌동)",,영업/정상
VDF008C60044A,코숨광제한의원,서초구,medical_wellness,public_license_registry,OA-16480,한의원,"한방내과, 한방부인과, 한방소아과, 한방안?이비인후?피부과, 한방신경정신과, 한방재활의학과, 사상체질과, 침구과",3210000,PHMA119903210034041100016,"서울특별시 서초구 신반포로 189, 4동 4층 (잠원동, 반포쇼핑)",,영업/정상
VDF05C59A1B3D,빌리프짐 양재역점,서초구,exercise_body,public_license_registry,OA-16142,체력단련장업,,3210000,CDFH3301062021000009,"서울특별시 서초구 남부순환로347길 23, 유진빌딩 지하1층 (서초동)",서울특별시 서초구 서초동 1364-42 유진빌딩,영업/정상
VDF29B9E65B39,리커버 피트니스 가락점,송파구,exercise_body,public_license_registry,OA-16142,체력단련장업,,3230000,CDFH3301062024000032,"서울특별시 송파구 중대로 126, 지하층 1호 (가락동)",서울특별시 송파구 가락동 112-4,영업/정상
VDF46E03103B5,더드림 피트니스,송파구,exercise_body,public_license_registry,OA-16142,체력단련장업,,3230000,CDFH3301062007000005,"서울특별시 송파구 백제고분로41길 43-5, 신천빌딩 2층 (송파동)",서울특별시 송파구 송파동 8-2 신천빌딩 2층,영업/정상
VDF47F4BB9363,해율한의원,강남구,medical_wellness,public_license_registry,OA-16480,한의원,"한방내과, 한방부인과, 한방소아과, 한방안?이비인후?피부과, 한방신경정신과, 한방재활의학과, 사상체질과, 침구과",3220000,PHMA120163220033041100052,"서울특별시 강남구 봉은사로 105 (논현동, 동양빌딩, 7층일부)",,영업/정상
VDF49520794BA,트레이닝타임,송파구,exercise_body,public_license_registry,OA-16142,체력단련장업,,3230000,CDFH3301062017000006,"서울특별시 송파구 송파대로 468 (송파동, 금남빌딩)",서울특별시 송파구 송파동 15,영업/정상
VDF59917A3CDE,상상한의원,송파구,medical_wellness,public_license_registry,OA-16480,한의원,"한방내과, 한방부인과, 한방소아과, 한방안?이비인후?피부과, 한방신경정신과, 한방재활의학과, 사상체질과, 침구과",3230000,PHMA120223230034041100020,"서울특별시 송파구 송파대로 345, 1A동 2층 2023~2025호 (가락동, 헬리오시티)",,영업/정상
VDF5F3640ECB3,서청담한의원,강남구,medical_wellness,public_license_registry,OA-16480,한의원,"한방내과, 한방부인과, 한방소아과, 한방안?이비인후?피부과, 한방신경정신과, 한방재활의학과, 침구과",3220000,PHMA120253220033041100152,"서울특별시 강남구 학동로68길 7, 삼성동힐스테이트 205호 (삼성동)",서울특별시 강남구 삼성동 16 삼성동힐스테이트 205호,영업/정상
VDFB13F3158F8,예스핏 트레이닝,서초구,exercise_body,public_license_registry,OA-16142,체력단련장업,,3210000,CDFH3301062024000025,"서울특별시 서초구 법원로1길 5, 우암빌딩 지하101호 (서초동)",서울특별시 서초구 서초동 1717-2 우암빌딩,영업/정상
VDFB2DF453EC8,소생한의원,송파구,medical_wellness,public_license_registry,OA-16480,한의원,"한방내과, 한방부인과, 한방소아과, 한방안?이비인후?피부과, 한방신경정신과, 한방재활의학과, 사상체질과, 침구과",3230000,PHMA120053230034041101314,서울특별시 송파구 송파대로 284 (가락동),,영업/정상
VDFBE28461105,생명나무가꾸는사랑의한의원,서초구,medical_wellness,public_license_registry,OA-16480,한의원,"한방내과, 한방부인과, 한방소아과, 한방안?이비인후?피부과, 한방신경정신과, 한방재활의학과, 사상체질과, 침구과",3210000,PHMA120263210034041100045,"서울특별시 서초구 서초중앙로 146, 경원빌딩 201호 (서초동)",서울특별시 서초구 서초동 1694-17 경원빌딩,영업/정상
VDFCA3DB47AFD,팔색체한의원,강남구,medical_wellness,public_license_registry,OA-16480,한의원,"한방내과, 한방부인과, 한방소아과, 한방안?이비인후?피부과, 한방신경정신과, 한방재활의학과, 사상체질과, 침구과, 한방응급과",3220000,PHMA120133220033041100110,"서울특별시 강남구 테헤란로 437, 3층 (삼성동, 삼영빌딩)",,영업/정상
VDFD517769611,약선당한의원,송파구,medical_wellness,public_license_registry,OA-16480,한의원,"한방내과, 한방부인과, 한방소아과, 한방안?이비인후?피부과, 한방신경정신과, 한방재활의학과, 사상체질과, 침구과",3230000,PHMA120043230034041101198,"서울특별시 송파구 백제고분로48길 27, 성우빌딩 2층 (방이동)",,영업/정상
VDFD5ADAFCF4F,경희자인한의원,강남구,medical_wellness,public_license_registry,OA-16480,한의원,"한방내과, 한방부인과, 한방소아과, 한방안?이비인후?피부과, 한방신경정신과, 한방재활의학과, 사상체질과, 침구과, 한방응급과",3220000,PHMA120133220033041100097,"서울특별시 강남구 도곡로 413, 104호 (대치동, 삼환 SO GOOD)",서울특별시 강남구 대치동 938번지 16호 삼환쏘굿,영업/정상
VDFE109AE2E09,강남스탠다드정형외과의원,서초구,medical_wellness,public_license_registry,OA-16480,의원,"정형외과, 재활의학과",3210000,PHMA120233210034041100028,"서울특별시 서초구 사임당로 175, 갤럭시타워 3층 (서초동)",서울특별시 서초구 서초동 1330-10 갤럭시타워,영업/정상
VDFED548A1366,본한의원,송파구,medical_wellness,public_license_registry,OA-16480,한의원,"한방내과, 한방부인과, 한방소아과, 한방안?이비인후?피부과, 한방재활의학과, 침구과",3230000,PHMA120183230034041100047,"서울특별시 송파구 백제고분로42길 10, 3층 (송파동)",,영업/정상
VE00823EBC632,경희유한의원,서초구,medical_wellness,public_license_registry,OA-16480,한의원,"한방내과, 한방부인과, 한방소아과, 한방안?이비인후?피부과, 한방신경정신과, 한방재활의학과, 사상체질과, 침구과",3210000,PHMA120213210034041100015,"서울특별시 서초구 사임당로 158, 리더스원 상가 506호 (서초동)",서울특별시 서초구 서초동 1336-1 리더스원 상가 506호,영업/정상
VE009829977FC,연세스탠다정형외과의원,서초구,medical_wellness,public_license_registry,OA-16480,의원,"정형외과, 마취통증의학과",3210000,PHMA120203210034041100030,"서울특별시 서초구 강남대로 605, 세양21세기 휴먼TOWER 2층,6층 201호,202호,601호일부,602호일부,603호일부호 (잠원동)",서울특별시 서초구 잠원동 20-9 세양21세기 휴먼TOWER,영업/정상
VE014862DE9E4,경희다감한의원,강남구,medical_wellness,public_license_registry,OA-16480,한의원,"한방내과, 한방부인과, 한방소아과, 한방안?이비인후?피부과, 한방신경정신과, 한방재활의학과, 사상체질과, 침구과",3220000,PHMA120243220033041100058,"서울특별시 강남구 선릉로 328, 2층 201,204,205,206호 (대치동)",,영업/정상
VE0218253B9F8,다시올한의원,송파구,medical_wellness,public_license_registry,OA-16480,한의원,"한방내과, 한방부인과, 한방소아과, 한방안?이비인후?피부과, 한방신경정신과, 한방재활의학과, 사상체질과, 침구과",3230000,PHMA120213230034041100042,"서울특별시 송파구 법원로11길 7, 문정현대지식산업센터1-2 지2층 B214호 (문정동)",,영업/정상
VE021AF44DBB6,율림한의원,강남구,medical_wellness,public_license_registry,OA-16480,한의원,"한방내과, 한방부인과, 한방소아과, 한방안?이비인후?피부과, 한방신경정신과, 한방재활의학과, 사상체질과, 침구과",3220000,PHMA120263220033041100145,"서울특별시 강남구 테헤란로 146, 현익빌딩 8층 (역삼동)",서울특별시 강남구 역삼동 736-6 현익빌딩 8층,영업/정상
VE02ACC9BAF8F,반포자이한의원,서초구,medical_wellness,public_license_registry,OA-16480,한의원,"한방내과, 한방부인과, 한방소아과, 한방안?이비인후?피부과, 한방신경정신과, 한방재활의학과, 사상체질과, 침구과",3210000,PHMA120093210034041100040,"서울특별시 서초구 잠원로 24, 413호 (반포동, 반포자이프라자상가)",서울특별시 서초구 반포동 20번지 45호 반포자이프라자상가 413호,영업/정상
VE0475DAF8BF9,지에이치의원,서초구,medical_wellness,public_license_registry,OA-16480,의원,"내과, 정형외과, 소아청소년과, 이비인후과, 피부과, 영상의학과, 재활의학과",3210000,PHMA120043210034041100009,"서울특별시 서초구 반포대로 235, 지하1층 (반포동)",서울특별시 서초구 반포동 63번지 7호 지1층,영업/정상
VE04D7F9A8D8D,바디어필 PT 스튜디오,서초구,exercise_body,public_license_registry,OA-16142,체력단련장업,,3210000,CDFH3301062021000002,"서울특별시 서초구 방배로6길 13, 지하1층 (방배동)",서울특별시 서초구 방배동 1021-14,영업/정상
VE0974697A2E9,자하연한의원,강남구,medical_wellness,public_license_registry,OA-16480,한의원,"한방내과, 한방부인과, 한방소아과, 한방안?이비인후?피부과, 한방신경정신과, 한방재활의학과, 사상체질과, 침구과",3220000,PHMA120033220033041101857,"서울특별시 강남구 도산대로49길 6-4, 4층 (신사동)",서울특별시 강남구 신사동 652-20,영업/정상
VE098ADFCA777,서초성모정형외과의원,서초구,medical_wellness,public_license_registry,OA-16480,의원,"내과, 외과, 정형외과, 신경외과, 마취통증의학과, 소아청소년과, 재활의학과, 가정의학과",3210000,PHMA120223210034041100028,"서울특별시 서초구 효령로 221, 1층 일부, 지하1층 (서초동)",서울특별시 서초구 서초동 1527-7,영업/정상
VE09D5CCEDCCD,시원 여성전용 불한증막,강남구,relax_recovery,public_license_registry,OA-16146,공동탕업+찜질시설서비스영업,,3220000,3220000-202-2019-00002,"서울특별시 강남구 삼성로64길 35, 지하1층 (대치동)",서울특별시 강남구 대치동 976-7,영업/정상
VE0BC5A74363F,유성 스포츠센터,강남구,exercise_body,public_license_registry,OA-16142,체력단련장업,,3220000,CDFH3301061999000006,서울특별시 강남구 압구정로 208 (신사동),서울특별시 강남구 신사동 614-2,영업/정상
VE0C149B4F885,에이준재활의학과의원,강남구,medical_wellness,public_license_registry,OA-16480,의원,"정형외과, 신경외과, 마취통증의학과, 소아청소년과, 재활의학과",3220000,PHMA120233220033041100042,"서울특별시 강남구 압구정로30길 16, 아크힐즈16 지하1층, 2층 (신사동)",서울특별시 강남구 신사동 610-3 아크힐즈16,영업/정상
VE0CCED575C82,아틀라스 트레이닝(Atlas),서초구,exercise_body,public_license_registry,OA-16142,체력단련장업,,3210000,CDFH3301062022000006,"서울특별시 서초구 방배로15길 3, 근복제2빌딩 2층 (방배동)",서울특별시 서초구 방배동 924-13 근복제2빌딩,영업/정상
VE0E23C8415B4,모즈의원,강남구,medical_wellness,public_license_registry,OA-16480,의원,"외과, 정형외과, 안과, 이비인후과, 피부과, 재활의학과, 가정의학과",3220000,PHMA120203220033041100061,"서울특별시 강남구 압구정로80길 33, 2,4층 (청담동)","서울특별시 강남구 청담동 92-16 2,4층",영업/정상
VE0E6EB9384FA,HANT,서초구,exercise_body,public_license_registry,OA-16142,체력단련장업,,3210000,CDFH3301062021000004,"서울특별시 서초구 서초대로38길 12, b115동 116호 (서초동, 마제스타시티, 힐스테이트 서리풀)","서울특별시 서초구 서초동 1498-5 마제스타시티, 힐스테이트 서리풀",영업/정상
VE0F5FFC10012,보리사우나,강남구,relax_recovery,public_license_registry,OA-16146,공동탕업+찜질시설서비스영업,,3220000,3220000-202-2007-00009,"서울특별시 강남구 선릉로130길 20 (삼성동,삼성레미안2차(아)단지내상가 B01호)",서울특별시 강남구 삼성동 7-3 삼성레미안2차(아)단지내상가 B01호,영업/정상
VE0F8A8E02D54,잠실경희한의원,송파구,medical_wellness,public_license_registry,OA-16480,한의원,"한방내과, 한방부인과, 한방소아과, 한방안?이비인후?피부과, 한방신경정신과, 한방재활의학과, 사상체질과, 침구과",3230000,PHMA120133230034041100011,"서울특별시 송파구 석촌호수로12길 25 (잠실동, 2층)",,영업/정상
VE13F1AB09AF3,뭄핏,강남구,exercise_body,public_license_registry,OA-16142,체력단련장업,,3220000,CDFH3301062023000014,"서울특별시 강남구 광평로46길 4, 갑산한의원 3층 (수서동)",서울특별시 강남구 수서동 451-7 갑산한의원,영업/정상
VE13F4772541C,세온내과의원,송파구,medical_wellness,public_license_registry,OA-16480,의원,"내과, 신경과, 정형외과, 마취통증의학과, 영상의학과, 가정의학과",3230000,PHMA120223230034041100069,"서울특별시 송파구 올림픽로 212, 2층 201호일부,213,214호 (잠실동, 갤러리아팰리스)",,영업/정상
VE1909841422C,1984PTstudio(461),강남구,exercise_body,public_license_registry,OA-16142,체력단련장업,,3220000,CDFH3301062016000030,"서울특별시 강남구 테헤란로87길 45, 3층 (삼성동, 보현빌딩)",서울특별시 강남구 삼성동 153-44 3층,영업/정상
VE199230D8C30,365헬리오한의원,송파구,medical_wellness,public_license_registry,OA-16480,한의원,"한방내과, 한방부인과, 한방소아과, 한방안?이비인후?피부과, 한방신경정신과, 한방재활의학과, 사상체질과, 침구과",3230000,PHMA120193230034041100012,"서울특별시 송파구 송파대로 345, 1A동 4층 4009호 (가락동, 헬리오시티)",,영업/정상
VE1DEBADA7905,우신정형외과의원,송파구,medical_wellness,public_license_registry,OA-16480,의원,"내과, 외과, 정형외과, 신경외과, 재활의학과",3230000,PHMA120013230034041100996,"서울특별시 송파구 올림픽로 114, 5층 (잠실동)",,영업/정상
VE1E66F608754,골드짐24시(71),강남구,exercise_body,public_license_registry,OA-16142,체력단련장업,,3220000,CDFH3301062000000012,"서울특별시 강남구 테헤란로43길 17, 4층 (역삼동)",서울특별시 강남구 역삼동 700-33 4층,영업/정상
VE1E887CFE681,리센츠정형외과의원,송파구,medical_wellness,public_license_registry,OA-16480,의원,"정형외과, 신경외과, 마취통증의학과, 영상의학과, 재활의학과",3230000,PHMA120133230034041100001,"서울특별시 송파구 올림픽로 145, 리센츠 314. 403, 417호 (잠실동)",,영업/정상
VE2091E2CFB8E,엑스퍼티짐,강남구,exercise_body,public_license_registry,OA-16142,체력단련장업,,3220000,CDFH3301062016000037,"서울특별시 강남구 테헤란로25길 7 (역삼동, 창성재단빌딩)",서울특별시 강남구 역삼동 646-14,영업/정상
VE21350523C7D,방이아산가정의학과의원,송파구,medical_wellness,public_license_registry,OA-16480,의원,"내과, 신경과, 정신건강의학과, 외과, 정형외과, 신경외과, 산부인과, 소아청소년과, 안과, 이비인후과, 피부과, 비뇨의학과, 가정의학과, 예방의학과",3230000,PHMA120163230034041100067,"서울특별시 송파구 백제고분로48길 27, 302호 (방이동, 성우빌딩)",서울특별시 송파구 방이동 142번지 4호 302호,영업/정상
VE21485E9A798,두보한의원,송파구,medical_wellness,public_license_registry,OA-16480,한의원,"한방내과, 한방부인과, 한방소아과, 한방안?이비인후?피부과, 한방신경정신과, 한방재활의학과, 사상체질과, 침구과",3230000,PHMA120243230034041100014,"서울특별시 송파구 백제고분로 275, 4층 (석촌동)",,영업/정상
VE21B79EC515C,연세아르미안의원,강남구,medical_wellness,public_license_registry,OA-16480,의원,"내과, 외과, 정형외과, 성형외과, 마취통증의학과, 소아청소년과, 피부과, 가정의학과",3220000,PHMA120183220033041100195,"서울특별시 강남구 학동로 433, 씨엔씨빌딩 3층 (청담동)",서울특별시 강남구 청담동 46번지 19호 씨엔씨빌딩3층,영업/정상
VE21CFED11190,연세정형외과의원,송파구,medical_wellness,public_license_registry,OA-16480,의원,"내과, 외과, 정형외과, 소아청소년과, 비뇨의학과",3230000,PHMA119983230034041100777,"서울특별시 송파구 거마로 62 (마천동, 효명빌딩)",서울특별시 송파구 마천동 118번지 24호,영업/정상
VE22145589B55,Dr.Line PT GYM,송파구,exercise_body,public_license_registry,OA-16142,체력단련장업,,3230000,CDFH3301062015000002,서울특별시 송파구 송파대로 406 (송파동),서울특별시 송파구 송파동 89-5,영업/정상
VE25DD413C419,브랜뉴짐,서초구,exercise_body,public_license_registry,OA-16142,체력단련장업,,3210000,CDFH3301062016000013,"서울특별시 서초구 방배로 174, 지하1층 (방배동, 태창빌딩)",서울특별시 서초구 방배동 851-8,영업/정상
VE285B9666630,아이레그플러스의원,서초구,medical_wellness,public_license_registry,OA-16480,의원,"소아청소년과, 재활의학과",3210000,PHMA120153210034041100005,서울특별시 서초구  나루터로  62 (잠원동),서울특별시 서초구 잠원동 18번지 4호,영업/정상
VE2A46CE7CB75,명한의원,서초구,medical_wellness,public_license_registry,OA-16480,한의원,"한방내과, 한방부인과, 한방소아과, 한방안?이비인후?피부과, 한방신경정신과, 침구과",3210000,PHMA120263210034041100012,"서울특별시 서초구 동산로12길 3, 2층 (양재동)",서울특별시 서초구 양재동 377,영업/정상
VE2AFB44806C7,비나이더 피트니스 청담점,강남구,exercise_body,public_license_registry,OA-16142,체력단련장업,,3220000,CDFH3301062021000024,"서울특별시 강남구 학동로 413, 청담빌딩 지하1층 (청담동)",서울특별시 강남구 청담동 44-15 청담빌딩,영업/정상
VE2AFD2D07A3B,아산이웃마취통증의학과의원,송파구,medical_wellness,public_license_registry,OA-16480,의원,"정형외과, 신경외과, 마취통증의학과, 재활의학과",3230000,PHMA120263230034041100029,"서울특별시 송파구 토성로 58, 도원빌딩 2층 (풍납동)",서울특별시 송파구 풍납동 403-2 도원빌딩,영업/정상
VE2B1A68640A4,프라이빗성형외과의원,강남구,medical_wellness,public_license_registry,OA-16480,의원,"내과, 외과, 정형외과, 성형외과, 마취통증의학과, 소아청소년과, 안과, 이비인후과, 피부과, 영상의학과, 가정의학과",3220000,PHMA120203220033041100156,"서울특별시 강남구 강남대로 606, 삼주빌딩 9층 (논현동)",서울특별시 강남구 논현동 1 삼주빌딩,영업/정상
VE2CC1C3ADC78,최선한의원,송파구,medical_wellness,public_license_registry,OA-16480,한의원,"한방내과, 한방부인과, 한방소아과, 한방안?이비인후?피부과, 한방신경정신과, 한방재활의학과, 사상체질과, 침구과",3230000,PHMA120003230034041100905,"서울특별시 송파구 석촌호수로 61, 트리지움 415호 (잠실동)",,영업/정상
VE2E817382954,렛츠핏 삼성점,강남구,exercise_body,public_license_registry,OA-16142,체력단련장업,,3220000,CDFH3301062025000019,"서울특별시 강남구 삼성로119길 14, 주호빌딩 지하1층 (삼성동)",서울특별시 강남구 삼성동 20-4 주호빌딩,영업/정상
VE2FE53351320,짐포레스트 방배점,서초구,exercise_body,public_license_registry,OA-16142,체력단련장업,,3210000,CDFH3301062024000023,"서울특별시 서초구 방배로 136, 2층 (방배동)",서울특별시 서초구 방배동 899-5,영업/정상
VE3009EFDB606,경희장원한의원,강남구,medical_wellness,public_license_registry,OA-16480,한의원,"한방내과, 한방부인과, 한방소아과, 한방안?이비인후?피부과, 한방신경정신과, 한방재활의학과, 사상체질과, 침구과",3220000,PHMA120173220033041100083,"서울특별시 강남구 논현로167길 17, 4층 (신사동)",,영업/정상
VE311B2AF7389,코어짐(Core Gym),강남구,exercise_body,public_license_registry,OA-16142,체력단련장업,,3220000,CDFH3301062017000010,"서울특별시 강남구 테헤란로48길 10, 지하B101~B108호호 (역삼동, 역삼동 우정에쉐르2)",서울특별시 강남구 역삼동 707-18,영업/정상
VE31E52DF7055,논현도원한의원,강남구,medical_wellness,public_license_registry,OA-16480,한의원,"한방내과, 한방부인과, 한방소아과, 한방안?이비인후?피부과, 한방신경정신과, 한방재활의학과, 사상체질과, 침구과",3220000,PHMA120043220033041101892,"서울특별시 강남구 강남대로122길 5, 4층 (논현동, 유창빌딩)","서울특별시 강남구 논현동 164번지 12호 유창빌딩, 4층",영업/정상
VE3254942D115,목림한의원,서초구,medical_wellness,public_license_registry,OA-16480,한의원,"한방내과, 한방부인과, 한방소아과, 한방안?이비인후?피부과, 한방신경정신과, 한방재활의학과, 사상체질과, 침구과",3210000,PHMA120033210034041100057,"서울특별시 서초구 서운로 40, 2층 (서초동)",,영업/정상
VE3345AD7EC42,팔통한의원,송파구,medical_wellness,public_license_registry,OA-16480,한의원,"한방내과, 한방부인과, 한방소아과, 한방안?이비인후?피부과, 한방신경정신과, 한방재활의학과, 사상체질과, 침구과",3230000,PHMA120143230034041100022,서울특별시 송파구 송파대로 369 (석촌동),,영업/정상
VE342EC41DB83,커브스잠실나루클럽,송파구,exercise_body,public_license_registry,OA-16142,체력단련장업,,3230000,CDFH3301062011000009,"서울특별시 송파구 올림픽로35길 112, 장미아파트 비상가 1동 4층 1호 (신천동)",서울특별시 송파구 신천동 7 장미아파트 비상가,영업/정상
VE36D133054DA,트리니티 PT Pilates LAB,서초구,exercise_body,public_license_registry,OA-16142,체력단련장업,,3210000,CDFH3301062025000013,"서울특별시 서초구 서초대로48길 107, 에덴빌딩 6층 (서초동)",서울특별시 서초구 서초동 1579-1 에덴빌딩,영업/정상
VE3A805B2AB81,BM,강남구,exercise_body,public_license_registry,OA-16142,체력단련장업,,3220000,CDFH3301062018000004,"서울특별시 강남구 선릉로157길 14-7, 압구정빌딩 4층 (신사동)",서울특별시 강남구 신사동 663-17 압구정빌딩,영업/정상
VE3C6F1755E17,대치동점 스포애니 (주)케이디헬스케어,강남구,exercise_body,public_license_registry,OA-16142,체력단련장업,,3220000,CDFH3301062015000017,"서울특별시 강남구 도곡로 510, 지하1층 (대치동)",서울특별시 강남구 대치동 989-2 지하1층,영업/정상
VE3EEE46B7B15,압구정당봄한의원,강남구,medical_wellness,public_license_registry,OA-16480,한의원,"한방내과, 한방부인과, 한방소아과, 한방안?이비인후?피부과, 한방신경정신과, 한방재활의학과, 사상체질과, 침구과",3220000,PHMA120203220033041100160,"서울특별시 강남구 압구정로28길 42, 2층 (신사동)",서울특별시 강남구 신사동 569-30,영업/정상
VE3F8FFA3099E,샵피트니스,강남구,exercise_body,public_license_registry,OA-16142,체력단련장업,,3220000,CDFH3301062022000056,"서울특별시 강남구 테헤란로27길 18, 지하2층 (역삼동)",서울특별시 강남구 역삼동 678,영업/정상
VE403A0399922,위아더 휘트니스,서초구,exercise_body,public_license_registry,OA-16142,체력단련장업,,3210000,CDFH3301062011000009,"서울특별시 서초구 방배중앙로 187 (방배동, (2,3층))","서울특별시 서초구 방배동 761-6 (2,3층)",영업/정상
VE42BC82A0016,형인재한의원,강남구,medical_wellness,public_license_registry,OA-16480,한의원,"한방내과, 한방부인과, 한방소아과, 한방안?이비인후?피부과, 한방신경정신과, 한방재활의학과, 사상체질과, 침구과",3220000,PHMA120243220033041100092,"서울특별시 강남구 역삼로1길 20, 2층,3층 (역삼동)",,영업/정상
VE453DF21F402,바로온한의원,강남구,medical_wellness,public_license_registry,OA-16480,한의원,"한방내과, 한방부인과, 한방소아과, 한방안?이비인후?피부과, 한방신경정신과, 한방재활의학과, 사상체질과, 침구과",3220000,PHMA120243220033041100002,"서울특별시 강남구 학동로 339, 세한빌딩 2층 (논현동)",서울특별시 강남구 논현동 118-17 세한빌딩,영업/정상
VE478664D0C04,조은날의원,강남구,medical_wellness,public_license_registry,OA-16480,의원,"내과, 정형외과, 성형외과, 마취통증의학과, 피부과, 가정의학과",3220000,PHMA120183220033041100201,"서울특별시 강남구 강남대로 476, urbanhive 지하2층 (논현동)",서울특별시 강남구 논현동 200번지 7호 urbanhive 지하2층,영업/정상
VE49F3F63AD77,힙투게더 여성전용 그룹PT 선릉역점,강남구,exercise_body,public_license_registry,OA-16142,체력단련장업,,3220000,CDFH3301062024000005,"서울특별시 강남구 선릉로 424, 302호 (대치동)",서울특별시 강남구 대치동 897,영업/정상
VE4BBB1B5C29D,달라짐(Dalla GYM) PT studio,서초구,exercise_body,public_license_registry,OA-16142,체력단련장업,,3210000,CDFH3301062014000010,"서울특별시 서초구 강남대로30길 57 (양재동, 2층)",서울특별시 서초구 양재동 9-58 2층,영업/정상
VE4CC26FA6A87,라이트짐,송파구,exercise_body,public_license_registry,OA-16142,체력단련장업,,3230000,CDFH3301062023000042,"서울특별시 송파구 새말로 134, 지하1층 (문정동)",서울특별시 송파구 문정동 82-5,영업/정상
VE4D7931A5541,그랜드한의원,강남구,medical_wellness,public_license_registry,OA-16480,한의원,"한방내과, 한방부인과, 한방소아과, 한방안?이비인후?피부과, 한방신경정신과, 한방재활의학과, 사상체질과, 침구과, 한방응급과",3220000,PHMA120213220033041100053,"서울특별시 강남구 선릉로 515, 동인빌딩 3층 (역삼동)",,영업/정상
VE4DAC4DB622D,커브스 세곡클럽,강남구,exercise_body,public_license_registry,OA-16142,체력단련장업,,3220000,CDFH3301062020000034,"서울특별시 강남구 헌릉로569길 9, 강남지웰파인즈 (세곡동)",서울특별시 강남구 세곡동 587 강남지웰파인즈,영업/정상
VE4E8AD0E21F6,휴메이크 휘트니스,서초구,exercise_body,public_license_registry,OA-16142,체력단련장업,,3210000,CDFH3301062010000007,"서울특별시 서초구 강남대로 327 (서초동,대륭서초타워(지2층))",서울특별시 서초구 서초동 1337-20 대륭서초타워(지2층),영업/정상
VE4E8BE2CA2CC,주식회사 7스튜디오역삼,강남구,exercise_body,public_license_registry,OA-16142,체력단련장업,,3220000,CDFH3301062015000029,"서울특별시 강남구 역삼로 310, 지하1층 (역삼동, 한솔필리아)",서울특별시 강남구 역삼동 755 지하1층,영업/정상
VE4F6FD39D569,삼성사우나,강남구,relax_recovery,public_license_registry,OA-16146,목욕장업 기타,,3220000,3220000-202-2014-00003,"서울특별시 강남구 테헤란로77길 8, 지하1층 B102호, 지하2층 B206호, B207호 (삼성동, 삼성동 우정에쉐르2)",서울특별시 강남구 삼성동 144-10 삼성동 우정에쉐르2,영업/정상
VE4F914AF2F9C,한아름한의원,서초구,medical_wellness,public_license_registry,OA-16480,한의원,"한방내과, 한방부인과, 한방소아과, 한방안?이비인후?피부과, 한방신경정신과, 한방재활의학과, 사상체질과, 침구과",3210000,PHMA120003210034041100023,"서울특별시 서초구 신반포로 165, 2동 402호 (잠원동, 반포쇼핑)",,영업/정상
VE50672C58D1F,플러스마취통증의학과의원,송파구,medical_wellness,public_license_registry,OA-16480,의원,"정형외과, 신경외과, 마취통증의학과, 재활의학과",3230000,PHMA120243230034041100015,"서울특별시 송파구 송파대로 288, 일신 4,5층 (가락동)",서울특별시 송파구 가락동 96 일신,영업/정상
VE523CC3250F3,경희명생당한의원,강남구,medical_wellness,public_license_registry,OA-16480,한의원,"한방내과, 한방부인과, 한방소아과, 한방안?이비인후?피부과, 한방신경정신과, 한방재활의학과, 사상체질과, 침구과",3220000,PHMA120113220033041100094,"서울특별시 강남구 삼성로 212 (대치동, 은마아파트 B 212-1호)",서울특별시 강남구 대치동 316번지 은마아파트 B 212-1호,영업/정상
VE52772A13164,경희진심한의원,송파구,medical_wellness,public_license_registry,OA-16480,한의원,"한방내과, 한방부인과, 한방소아과, 한방안?이비인후?피부과, 한방신경정신과, 한방재활의학과, 사상체질과, 침구과",3230000,PHMA120053230034041101305,"서울특별시 송파구 양산로 12, 세신거여훼미리타운 201~204호 (거여동)",,영업/정상
VE5704F97B4EB,에이쓰리짐(a3gym),서초구,exercise_body,public_license_registry,OA-16142,체력단련장업,,3210000,CDFH3301062023000014,"서울특별시 서초구 서초대로53길 28, 백석빌딩 지하2층 (서초동)",서울특별시 서초구 서초동 1697-6 백석빌딩,영업/정상
VE58575EC3A18,이앤플로우,서초구,exercise_body,public_license_registry,OA-16142,체력단련장업,,3210000,CDFH3301062024000014,"서울특별시 서초구 반포대로3길 57, 지하1층 B01호 (서초동, 서초아이지에이빌라트 1)",서울특별시 서초구 서초동 1471-1 서초아이지에이빌라트 1,영업/정상
VE587B222B122,짐파티,강남구,exercise_body,public_license_registry,OA-16142,체력단련장업,,3220000,CDFH3301062022000018,"서울특별시 강남구 삼성로 642, 삼성빌딩 3층 302호 (삼성동)",서울특별시 강남구 삼성동 65 삼성빌딩,영업/정상
VE5A4100CB04F,ONE TO ONE GYM(473),강남구,exercise_body,public_license_registry,OA-16142,체력단련장업,,3220000,CDFH3301062016000043,"서울특별시 강남구 도곡로77길 14, 지하1층 (대치동, 양지빌딩)",서울특별시 강남구 대치동 932-2,영업/정상
VE5BB05A8219F,변한의원,강남구,medical_wellness,public_license_registry,OA-16480,한의원,"한방내과, 한방부인과, 한방소아과, 한방안?이비인후?피부과, 한방신경정신과, 한방재활의학과, 사상체질과, 침구과",3220000,PHMA120073220033041101991,"서울특별시 강남구 남부순환로 2911, 청우빌딩 4층 (대치동)",,영업/정상
VE5D49705EA57,미소담한의원,서초구,medical_wellness,public_license_registry,OA-16480,한의원,"한방내과, 한방부인과, 한방안?이비인후?피부과, 한방신경정신과, 침구과",3210000,PHMA120153210034041100003,"서울특별시 서초구 신반포로 213, 반포쇼핑타운 3층 39, 40호 (잠원동)",,영업/정상
VE60C807DC97C,청담이안재활의학과의원,강남구,medical_wellness,public_license_registry,OA-16480,의원,"신경과, 정형외과, 신경외과, 마취통증의학과, 재활의학과",3220000,PHMA120233220033041100062,"서울특별시 강남구 선릉로 34, 5층 (개포동)",서울특별시 강남구 개포동 167-9,영업/정상
VE63D7A3EDC59,JADE GYM,강남구,exercise_body,public_license_registry,OA-16142,체력단련장업,,3220000,CDFH3301062011000016,서울특별시 강남구 테헤란로57길 21 (역삼동),서울특별시 강남구 역삼동 696-50 지하1층,영업/정상
VE64475FA5250,트리짐,서초구,exercise_body,public_license_registry,OA-16142,체력단련장업,,3210000,CDFH3301062005000004,,서울특별시 서초구 반포동 30-2 삼호가든상가 3층 309-1호,영업/정상
VE66F85BF3D76,더피지컬PT,송파구,exercise_body,public_license_registry,OA-16142,체력단련장업,,3230000,CDFH3301062025000034,"서울특별시 송파구 위례성대로12길 34, 201호 (방이동)",서울특별시 송파구 방이동 163-9,영업/정상
VE6738C6A87A9,제이치 피트니스 헬스&PT 신논현역점,강남구,exercise_body,public_license_registry,OA-16142,체력단련장업,,3220000,CDFH3301062020000032,"서울특별시 강남구 봉은사로 116, 은성빌딩 (역삼동)",서울특별시 강남구 역삼동 601-18 은성빌딩,영업/정상
VE6837EF00D35,심한의원,송파구,medical_wellness,public_license_registry,OA-16480,한의원,"한방내과, 한방부인과, 한방소아과, 한방안?이비인후?피부과, 한방신경정신과, 한방재활의학과, 사상체질과, 침구과",3230000,PHMA119903230034041100263,"서울특별시 송파구 풍성로 37, 2층 (풍납동)",서울특별시 송파구 풍납동 222번지 18호,영업/정상
VE69E09EF9ADB,더쉼한방신경정신과한의원,강남구,medical_wellness,public_license_registry,OA-16480,한의원,"한방내과, 한방부인과, 한방소아과, 한방안?이비인후?피부과, 한방신경정신과, 한방재활의학과, 사상체질과, 침구과",3220000,PHMA120193220033041100149,"서울특별시 강남구 남부순환로 2912, 그랑프리엔 204호 (대치동)",,영업/정상
VE6A071A05E60,파워에이치,강남구,exercise_body,public_license_registry,OA-16142,체력단련장업,,3220000,CDFH3301062024000032,"서울특별시 강남구 학동로44길 47, 리에이치 B1층 (논현동)",서울특별시 강남구 논현동 259-11 리에이치,영업/정상
VE6ABA18702A4,온화한의원,송파구,medical_wellness,public_license_registry,OA-16480,한의원,"한방내과, 한방부인과, 한방소아과, 한방안?이비인후?피부과, 한방신경정신과, 한방재활의학과, 사상체질과, 침구과",3230000,PHMA120063230034041101401,"서울특별시 송파구 마천로 53, 2층 (오금동)",,영업/정상
VE6BD4A4B5FC9,위튼한의원,서초구,medical_wellness,public_license_registry,OA-16480,한의원,"한방내과, 한방부인과, 한방소아과, 한방안?이비인후?피부과, 한방신경정신과, 한방재활의학과, 사상체질과, 침구과",3210000,PHMA120113210034041100132,"서울특별시 서초구 서초대로46길 109, 1층 (서초동)",서울특별시 서초구 서초동 1576-9,영업/정상
VE6D48BC9719C,정직한 PT&필라테스(430),강남구,exercise_body,public_license_registry,OA-16142,체력단련장업,,3220000,CDFH3301062015000032,"서울특별시 강남구 도곡로 184, 지층 101호 (도곡동, 신호빌딩)",서울특별시 강남구 도곡동 544 지층 101호,영업/정상
VE6D890A925F7,아픔제로한의원,서초구,medical_wellness,public_license_registry,OA-16480,한의원,"한방내과, 한방부인과, 한방소아과, 한방안?이비인후?피부과, 한방신경정신과, 한방재활의학과, 사상체질과, 침구과",3210000,PHMA120063210034041100076,"서울특별시 서초구 서초중앙로22길 34, 2층 (서초동)",,영업/정상
VE6DA3F3B2BD7,청담동라인한의원,강남구,medical_wellness,public_license_registry,OA-16480,한의원,"한방내과, 한방부인과, 한방소아과, 한방안?이비인후?피부과, 한방신경정신과, 한방재활의학과, 사상체질과, 침구과",3220000,PHMA120113220033041100221,"서울특별시 강남구 도산대로 451, 8층 일부층 (청담동)",서울특별시 강남구 청담동 97번지 6호,영업/정상
VE6EFA5A08C77,SMFIT운동센터(479),강남구,exercise_body,public_license_registry,OA-16142,체력단련장업,,3220000,CDFH3301062016000050,"서울특별시 강남구 도곡로 175 (역삼동, 창림빌딩)",서울특별시 강남구 역삼동 799-21,영업/정상
VE6F414ECF952,배한호한의원,서초구,medical_wellness,public_license_registry,OA-16480,한의원,"한방내과, 한방부인과, 침구과",3210000,PHMA120173210034041100023,"서울특별시 서초구 신반포로 213, 7동 29호30호 (잠원동, 반포쇼핑타운)",,영업/정상
VE6F9F624CB50,헬스보이짐 강남역점,강남구,exercise_body,public_license_registry,OA-16142,체력단련장업,,3220000,CDFH3301062009000010,"서울특별시 강남구 테헤란로2길 27, 지하1,2층 (역삼동)","서울특별시 강남구 역삼동 826-26 지하1,2층",영업/정상
VE70E625EA915,한중한의원,강남구,medical_wellness,public_license_registry,OA-16480,한의원,"한방내과, 한방부인과, 한방소아과, 한방안?이비인후?피부과, 한방신경정신과, 한방재활의학과, 사상체질과, 침구과",3220000,PHMA119993220033041101813,서울특별시 강남구 선릉로 342(대치동),서울특별시 강남구 대치동 908-23,영업/정상
VE70E903B785B,올림픽정형외과의원,송파구,medical_wellness,public_license_registry,OA-16480,의원,"내과, 외과, 정형외과, 신경외과, 마취통증의학과, 재활의학과",3230000,PHMA120043230034041101221,"서울특별시 송파구 중대로 68, 훼미리 샤르망 6층 601호일부, 602호 (문정동)",서울특별시 송파구 문정동 150-26 훼미리 샤르망,영업/정상
VE71A5E872D49,근육형제 사당역 1호점,서초구,exercise_body,public_license_registry,OA-16142,체력단련장업,,3210000,CDFH3301062025000010,"서울특별시 서초구 방배천로 5-3, B2층 (방배동)",서울특별시 서초구 방배동 445-5,영업/정상
VE7395A6F367C,르본정형외과의원,송파구,medical_wellness,public_license_registry,OA-16480,의원,"정형외과, 신경외과, 마취통증의학과, 영상의학과, 재활의학과",3230000,PHMA120263230034041100030,"서울특별시 송파구 올림픽로 329, 304~308호, 315~317호 (신천동)",서울특별시 송파구 신천동 17-6,영업/정상
VE73D285D7960,스트롱피플 PT 문정법조타운점,송파구,exercise_body,public_license_registry,OA-16142,체력단련장업,,3230000,CDFH3301062023000004,"서울특별시 송파구 법원로 128, 문정에스케이브이원지엘메트로시티 지하1층 102호 (문정동)",서울특별시 송파구 문정동 642-3 문정에스케이브이원지엘메트로시티 지하1층 102호,영업/정상
VE7436AF30747,유나이티드스포츠센터(178),강남구,exercise_body,public_license_registry,OA-16142,체력단련장업,,3220000,CDFH3301062007000006,"서울특별시 강남구 남부순환로 2609  (도곡동,12층)",서울특별시 강남구 도곡동 957-14 12층,영업/정상
VE7574D2937E5,강덕수한의원,송파구,medical_wellness,public_license_registry,OA-16480,한의원,"한방내과, 한방부인과, 한방소아과, 한방안?이비인후?피부과, 한방신경정신과, 한방재활의학과, 사상체질과, 침구과",3230000,PHMA119873230034041100174,"서울특별시 송파구 올림픽로 212, A동 212호 (잠실동, 갤러리아팰리스)",서울특별시 송파구 잠실동 40번지 갤러리아팰리스  A동 212호,영업/정상
VE7B15817ABBB,서울베데스다의원,송파구,medical_wellness,public_license_registry,OA-16480,의원,"내과, 신경과, 정형외과, 산부인과, 피부과, 영상의학과, 가정의학과",3230000,PHMA120253230034041100010,"서울특별시 송파구 백제고분로 283, 지하1,2~7층 (석촌동)",서울특별시 송파구 석촌동 14-10,영업/정상
VE7B25D38385C,송파부부한의원,송파구,medical_wellness,public_license_registry,OA-16480,한의원,"한방내과, 한방부인과, 한방소아과, 한방안?이비인후?피부과, 한방신경정신과, 한방재활의학과, 사상체질과, 침구과",3230000,PHMA120173230034041100012,"서울특별시 송파구 오금로 400, 2층 (가락동, 아람빌딩)",,영업/정상
VE7B26B4972CE,배럴스트렝스,송파구,exercise_body,public_license_registry,OA-16142,체력단련장업,,3230000,CDFH3301062022000003,"서울특별시 송파구 올림픽로35길 112, 장미아파트 비상가 2동 403호 (신천동)",서울특별시 송파구 신천동 7 장미아파트 비상가 2동 403호,영업/정상
VE7D44F89AE01,오크우드봄의원,강남구,medical_wellness,public_license_registry,OA-16480,의원,"내과, 외과, 정형외과, 심장혈관흉부외과, 성형외과, 산부인과, 피부과, 비뇨의학과, 영상의학과, 재활의학과, 가정의학과",3220000,PHMA120123220033041100009,"서울특별시 강남구 테헤란로87길 46, 호텔오크우드프리미어 1B1호 (삼성동)",,영업/정상
VE7DBDA5D6A7A,크로스핏 강남(언주),강남구,exercise_body,public_license_registry,OA-16142,체력단련장업,,3220000,CDFH3301062020000007,"서울특별시 강남구 논현로 614, ARTISAN 빌 지하3층 (논현동)",서울특별시 강남구 논현동 228-8 ARTISAN 빌,영업/정상
VE7F365CE1D3E,방배바른본외과의원,서초구,medical_wellness,public_license_registry,OA-16480,의원,"외과, 정형외과, 신경외과, 마취통증의학과, 재활의학과",3210000,PHMA120263210034041100004,"서울특별시 서초구 효령로 120, 지하1층 (방배동)",서울특별시 서초구 방배동 981-16,영업/정상
VE82790C46837,굿모닝의원,강남구,medical_wellness,public_license_registry,OA-16480,의원,"내과, 신경과, 외과, 정형외과, 신경외과, 마취통증의학과, 산부인과, 이비인후과, 피부과, 비뇨의학과, 재활의학과, 가정의학과",3220000,PHMA120053220033041100672,"서울특별시 강남구 삼성로 212 (대치동, 은마상가 A블럭 212-1)",서울특별시 강남구 대치동 316번지 은마상가 A블럭 212-1,영업/정상
VE82D19DAC518,로담한의원,강남구,medical_wellness,public_license_registry,OA-16480,한의원,"한방내과, 한방안?이비인후?피부과, 침구과",3220000,PHMA120223220033041100151,"서울특별시 강남구 강남대로 596, 극동빌딩 12층 (논현동)",,영업/정상
VE83694FD40B1,알앤디피티,서초구,exercise_body,public_license_registry,OA-16142,체력단련장업,,3210000,CDFH3301062021000029,"서울특별시 서초구 성촌1길 12, 우면삼성프라자-2 401호 (우면동)",서울특별시 서초구 우면동 687 우면삼성프라자-2,영업/정상
VE83D9CFFF4B5,바디웍,송파구,exercise_body,public_license_registry,OA-16142,체력단련장업,,3230000,CDFH3301061994000006,"서울특별시 송파구 오금로 300, 김해빌딩 4층, 5층 (가락동)",서울특별시 송파구 가락동 2-9 김해빌딩,영업/정상
VE8459637AACA,마이다스 스튜디오,서초구,exercise_body,public_license_registry,OA-16142,체력단련장업,,3210000,CDFH3301062014000004,"서울특별시 서초구 서초대로 335 (서초동, 다동 5층)",서울특별시 서초구 서초동 1689-2 다동 5층,영업/정상
VE84F254BD99D,햇살고운한의원,서초구,medical_wellness,public_license_registry,OA-16480,한의원,"한방내과, 한방부인과, 한방소아과, 한방안?이비인후?피부과, 한방신경정신과, 한방재활의학과, 사상체질과, 침구과",3210000,PHMA119923210034041100015,서울특별시 서초구 동산로 63 (양재동),"서울특별시 서초구 양재동 291번지 20호 1층, 2층",영업/정상
VE870B993E14C,압구정온기소아청소년과의원,강남구,medical_wellness,public_license_registry,OA-16480,의원,"내과, 정형외과, 소아청소년과, 이비인후과, 피부과, 재활의학과, 가정의학과",3220000,PHMA120253220033041100061,"서울특별시 강남구 압구정로32길 11, 캐럴라인타워 4층 401호 (신사동)",서울특별시 강남구 신사동 613-5 캐럴라인타워,영업/정상
VE8C1540938AB,인강한의원,송파구,medical_wellness,public_license_registry,OA-16480,한의원,"한방내과, 한방부인과, 한방소아과, 한방안?이비인후?피부과, 한방신경정신과, 한방재활의학과, 사상체질과, 침구과",3230000,PHMA120063230034041101393,"서울특별시 송파구 석촌호수로 88, 2층 (잠실동, 대원빌딩)",,영업/정상
VE8C6ADDC28D5,주식회사 세이브피트니스앤골프 오금역,송파구,exercise_body,public_license_registry,OA-16142,체력단련장업,,3230000,CDFH3301062009000003,"서울특별시 송파구 오금로 306, 지하1층 (가락동)",서울특별시 송파구 가락동 8 지하 1층,영업/정상
VE9081CF92F50,민트이비인후과의원,강남구,medical_wellness,public_license_registry,OA-16480,의원,"내과, 정신건강의학과, 정형외과, 소아청소년과, 이비인후과, 피부과",3220000,PHMA120143220033041100160,"서울특별시 강남구 자곡로 201, 201호,202호 (자곡동, 강남더샵라르고빌딩)","서울특별시 강남구 자곡동 596번지 강남더샵라르고빌딩 201호,202호",영업/정상
VE90E15FE37EC,동남한의원,강남구,medical_wellness,public_license_registry,OA-16480,한의원,"한방내과, 한방부인과, 한방소아과, 한방안?이비인후?피부과, 한방신경정신과, 한방재활의학과, 사상체질과, 침구과",3220000,PHMA119893220033041101755,"서울특별시 강남구 영동대로122길 37, 지하1층 (삼성동)",서울특별시 강남구 삼성동 85번지 1호,영업/정상
VE928CE12100B,연세마디힘재활의학과의원,서초구,medical_wellness,public_license_registry,OA-16480,의원,"정형외과, 신경외과, 마취통증의학과, 재활의학과",3210000,PHMA120243210034041100088,"서울특별시 서초구 반포대로 118, 우림빌딩 2층 (서초동)",서울특별시 서초구 서초동 1542-14 우림빌딩,영업/정상
VE93F459EC34A,어썸어스,강남구,exercise_body,public_license_registry,OA-16142,체력단련장업,,3220000,CDFH3301062020000022,"서울특별시 강남구 도산대로 518, 더모자익 빌딩 (청담동)",서울특별시 강남구 청담동 50 더모자익 빌딩,영업/정상
VE9722C7BBC3F,서초아이소아청소년과의원,서초구,medical_wellness,public_license_registry,OA-16480,의원,"내과, 신경과, 정신건강의학과, 외과, 정형외과, 산부인과, 소아청소년과, 안과, 이비인후과, 피부과, 비뇨의학과",3210000,PHMA120213210034041100004,"서울특별시 서초구 사임당로 158, 리더스원 상가(222호,306호) 2,3층 (서초동)",서울특별시 서초구 서초동 1755-1 리더스원 상가,영업/정상
VE9A15C8C1963,미소생한의원,송파구,medical_wellness,public_license_registry,OA-16480,한의원,"한방내과, 한방부인과, 한방소아과, 한방안?이비인후?피부과, 한방신경정신과, 한방재활의학과, 사상체질과, 침구과",3230000,PHMA120013230034041100970,"서울특별시 송파구 중대로 80, LG마트동 3층 (문정동)",,영업/정상
VE9B11DF9EDE1,카이로 바른 척추교정,송파구,exercise_body,public_license_registry,OA-16142,체력단련장업,,3230000,CDFH3301062020000007,"서울특별시 송파구 석촌호수로 135, 레이크팰리스 3층 310호 (잠실동)",서울특별시 송파구 잠실동 44-3 레이크팰리스,영업/정상
VE9E3511693B8,GYM HOLEEDAY,강남구,exercise_body,public_license_registry,OA-16142,체력단련장업,,3220000,CDFH3301062017000038,"서울특별시 강남구 논현로150길 15, B102층 (논현동)",서울특별시 강남구 논현동 60-12,영업/정상
VE9E6CB5520D8,장석근서울한의원,서초구,medical_wellness,public_license_registry,OA-16480,한의원,"한방내과, 한방부인과, 한방소아과, 한방안?이비인후?피부과, 한방신경정신과, 한방재활의학과, 사상체질과, 침구과",3210000,PHMA120103210034041100087,"서울특별시 서초구 사평대로 354, 2층 (서초동, 호진빌딩)",서울특별시 서초구 서초동 1302번지 16호 호진빌딩2층,영업/정상
VE9EA696FC98E,META GYM,강남구,exercise_body,public_license_registry,OA-16142,체력단련장업,,3220000,CDFH3301062025000008,"서울특별시 강남구 선릉로 803, 이니셜타워Ⅱ 지하2,3층 (신사동)",서울특별시 강남구 신사동 666-10 이니셜타워Ⅱ,영업/정상
VE9EBF2CA1BC0,테라피티,서초구,exercise_body,public_license_registry,OA-16142,체력단련장업,,3210000,CDFH3301062020000016,"서울특별시 서초구 바우뫼로 177, 성문빌딩 지하층 (양재동)",서울특별시 서초구 양재동 20-34 성문빌딩,영업/정상
VEA28D9E51C76,둥지한의원,송파구,medical_wellness,public_license_registry,OA-16480,한의원,"한방내과, 한방부인과, 한방소아과, 한방안?이비인후?피부과, 한방신경정신과, 한방재활의학과, 사상체질과, 침구과",3230000,PHMA120243230034041100018,"서울특별시 송파구 거마로 60, 풍천빌딩 2층 (마천동)",,영업/정상
VEA61D22412FD,트웬티짐,강남구,exercise_body,public_license_registry,OA-16142,체력단련장업,,3220000,CDFH3301062023000051,"서울특별시 강남구 논현로136길 6, 3층 (논현동)",서울특별시 강남구 논현동 81-2,영업/정상
VEAD067C16C74,클래스짐,서초구,exercise_body,public_license_registry,OA-16142,체력단련장업,,3210000,CDFH3301062014000020,"서울특별시 서초구 효령로 289 (서초동, 3층)",서울특별시 서초구 서초동 1602-10 3층,영업/정상
VEB046B14AB16,모래시계한의원,서초구,medical_wellness,public_license_registry,OA-16480,한의원,"한방내과, 한방부인과, 한방소아과, 한방안?이비인후?피부과, 한방신경정신과, 한방재활의학과, 사상체질과, 침구과",3210000,PHMA120053210034041100040,"서울특별시 서초구 남부순환로 2634-8, 3층 (양재동)",서울특별시 서초구 양재1동 1번지 23호 3층,영업/정상
VEB1155F13EE5,본케어한의원,서초구,medical_wellness,public_license_registry,OA-16480,한의원,"한방내과, 한방부인과, 한방소아과, 한방안?이비인후?피부과, 한방신경정신과, 한방재활의학과",3210000,PHMA120203210034041100042,"서울특별시 서초구 사임당로17길 65, 예크빌딩 2층 (서초동)",서울특별시 서초구 서초동 1665-8 예크빌딩,영업/정상
VEB30E51FB655,누베베한의원,송파구,medical_wellness,public_license_registry,OA-16480,한의원,"한방내과, 한방부인과, 한방소아과, 한방안?이비인후?피부과, 한방신경정신과, 한방재활의학과, 사상체질과, 침구과",3230000,PHMA120163230034041100046,"서울특별시 송파구 송파대로 558, 월드타워빌딩 304호 (신천동)",서울특별시 송파구 신천동 7번지 25호 월드타워빌딩 304호,영업/정상
VEB31516452C9,성희근한의원,서초구,medical_wellness,public_license_registry,OA-16480,한의원,"한방내과, 한방부인과, 한방소아과, 한방안?이비인후?피부과, 한방신경정신과, 한방재활의학과, 사상체질과, 침구과",3210000,PHMA119993210034041100024,"서울특별시 서초구 서운로 207, 2층 (서초동, 삼호종합상가)",,영업/정상
VEB3EB73FC031,송파원정형외과의원,송파구,medical_wellness,public_license_registry,OA-16480,의원,"정형외과, 신경외과, 마취통증의학과, 재활의학과",3230000,PHMA120223230034041100073,"서울특별시 송파구 오금로 493, 드래곤월드 3,4,5층 (거여동)",서울특별시 송파구 거여동 21-8 드래곤월드,영업/정상
VEB589129F895,카노(KANO),강남구,exercise_body,public_license_registry,OA-16142,체력단련장업,,3220000,CDFH3301062022000036,서울특별시 강남구 언주로93길 32-8 (역삼동),서울특별시 강남구 역삼동 672-32,영업/정상
VEBB51E944764,반포뉴본한의원,서초구,medical_wellness,public_license_registry,OA-16480,한의원,"한방내과, 한방부인과, 한방소아과, 한방안?이비인후?피부과, 한방신경정신과, 한방재활의학과, 사상체질과, 침구과",3210000,PHMA120223210034041100109,"서울특별시 서초구 신반포로 257, 뉴타운 5층 (잠원동)",서울특별시 서초구 잠원동 58-24 뉴타운,영업/정상
VEBDD00044646,고경석정형외과의원,송파구,medical_wellness,public_license_registry,OA-16480,의원,"내과, 외과, 정형외과, 신경외과, 소아청소년과, 비뇨의학과, 재활의학과",3230000,PHMA120023230034041101094,"서울특별시 송파구 오금로 551, 208동 B02호 (거여동, e편한세상 송파 파크센트럴)",서울특별시 송파구 거여동 234 e편한세상 송파 파크센트럴,영업/정상
VEBE7549C51BB,서울약촌한의원,송파구,medical_wellness,public_license_registry,OA-16480,한의원,"한방내과, 한방부인과, 한방소아과, 한방안?이비인후?피부과, 한방신경정신과, 한방재활의학과, 사상체질과, 침구과",3230000,PHMA120203230034041100010,"서울특별시 송파구 백제고분로41길 25, 2층 (송파동)",서울특별시 송파구 송파동 12번지 3호,영업/정상
VEBEC1F46A12F,고PT,강남구,exercise_body,public_license_registry,OA-16142,체력단련장업,,3220000,CDFH3301062021000041,"서울특별시 강남구 삼성로115길 16-5, 2층 (삼성동)",서울특별시 강남구 삼성동 24-21,영업/정상
VEC00FCD27900,플레이필드강남,강남구,exercise_body,public_license_registry,OA-16142,체력단련장업,,3220000,CDFH3301062025000052,"서울특별시 강남구 삼성로 416, 은혜빌딩 지하1층 (대치동)",서울특별시 강남구 대치동 959-4 은혜빌딩,영업/정상
VEC209D909D52,JP Gym(255),강남구,exercise_body,public_license_registry,OA-16142,체력단련장업,,3220000,CDFH3301062011000013,서울특별시 강남구 선릉로157길 14-3 (신사동),서울특별시 강남구 신사동 663-16,영업/정상
VEC59BE1F8AA0,경희보궁한의원,강남구,medical_wellness,public_license_registry,OA-16480,한의원,"한방내과, 한방부인과, 한방소아과, 한방안?이비인후?피부과, 한방신경정신과, 한방재활의학과, 사상체질과, 침구과",3220000,PHMA120123220033041100275,"서울특별시 강남구 강남대로 626, 엠아이타워빌딩 2층 (신사동)",,영업/정상
VEC6A41EFD2BE,대가연마취통증의학과의원,송파구,medical_wellness,public_license_registry,OA-16480,의원,"내과, 신경과, 외과, 정형외과, 신경외과, 마취통증의학과, 피부과, 비뇨의학과, 영상의학과, 재활의학과, 가정의학과",3230000,PHMA120163230034041100008,"서울특별시 송파구 중대로 193, 2,3,6,7층 (가락동, 주식회사홈캐스트)",서울특별시 송파구 가락동 36번지,영업/정상
VEC97F714BFA2,휘트니스엠,서초구,exercise_body,public_license_registry,OA-16142,체력단련장업,,3210000,CDFH3301062023000027,"서울특별시 서초구 남부순환로 2567, 지하2층 (서초동)",서울특별시 서초구 서초동 1365-8,영업/정상
VECB0E9DFFD9B,윤형준 트레이닝센터,강남구,exercise_body,public_license_registry,OA-16142,체력단련장업,,3220000,CDFH3301062018000014,"서울특별시 강남구 개포로 506, 청우빌딩 5층 501호 (개포동)",서울특별시 강남구 개포동 186-14 청우빌딩,영업/정상
VECB5063B22BC,온더피티 스튜디오,강남구,exercise_body,public_license_registry,OA-16142,체력단련장업,,3220000,CDFH3301062020000038,"서울특별시 강남구 강남대로62길 18, 2층 202호 (역삼동)",서울특별시 강남구 역삼동 838-7,영업/정상
VECBE3F065B00,Hoya Gym,서초구,exercise_body,public_license_registry,OA-16142,체력단련장업,,3210000,CDFH3301062022000028,"서울특별시 서초구 서래로10길 23, 3층 (반포동)",서울특별시 서초구 반포동 537-4,영업/정상
VECE3C462AB24,아크로한의원,강남구,medical_wellness,public_license_registry,OA-16480,한의원,"한방내과, 한방부인과, 한방소아과, 한방안?이비인후?피부과, 한방신경정신과, 한방재활의학과, 사상체질과, 침구과",3220000,PHMA120213220033041100081,"서울특별시 강남구 강남대로 480, 2층 (논현동)",,영업/정상
VED0379E4BB34,S&R맞춤운동센터,강남구,exercise_body,public_license_registry,OA-16142,체력단련장업,,3220000,CDFH3301062021000002,"서울특별시 강남구 도산대로78길 23-1, 4층 (청담동)",서울특별시 강남구 청담동 11-14,영업/정상
VED0CC00676AF,피크타임 헬스앤복싱,강남구,exercise_body,public_license_registry,OA-16142,체력단련장업,,3220000,CDFH3301062024000004,"서울특별시 강남구 선릉로 624, 지하2층 (삼성동)",서울특별시 강남구 삼성동 35-1,영업/정상
VED1159E28BDF,수목한의원,송파구,medical_wellness,public_license_registry,OA-16480,한의원,"한방내과, 한방부인과, 한방소아과, 한방안?이비인후?피부과, 한방신경정신과, 한방재활의학과, 사상체질과, 침구과",3230000,PHMA120063230034041101365,"서울특별시 송파구 올림픽로 366, 303호 (방이동, 파라다이스빌상가)",,영업/정상
VED12C5D872B2,하이폭시코리아,서초구,exercise_body,public_license_registry,OA-16142,체력단련장업,,3210000,CDFH3301062014000018,"서울특별시 서초구 강남대로 213 (양재동, 스포타임3층)",서울특별시 서초구 양재동 24 스포타임 3층,영업/정상
VED20D55E72FF,주식회사 글로리어스,서초구,exercise_body,public_license_registry,OA-16142,체력단련장업,,3210000,CDFH3301062021000025,"서울특별시 서초구 신반포로 315, 삼덕빌딩 지층 (잠원동)",서울특별시 서초구 잠원동 41-11 삼덕빌딩,영업/정상
VED2914752D39,다선한의원,서초구,medical_wellness,public_license_registry,OA-16480,한의원,"한방내과, 한방부인과, 한방소아과, 한방안?이비인후?피부과, 한방신경정신과, 한방재활의학과, 사상체질과, 침구과",3210000,PHMA120133210034041100051,"서울특별시 서초구 서초대로1길 19-6, 2층 (방배동)",,영업/정상
VED840AF25074,신사찜질방사우나,서초구,relax_recovery,public_license_registry,OA-16146,공동탕업+찜질시설서비스영업,,3210000,3210000-202-2005-00003,"서울특별시 서초구 나루터로 37 (잠원동, 신사쇼핑 지하)",서울특별시 서초구 잠원동 50-5 신사쇼핑 지하(지하 1층),영업/정상
VED958AADE424,Thera PT,강남구,exercise_body,public_license_registry,OA-16142,체력단련장업,,3220000,CDFH3301062019000001,"서울특별시 강남구 봉은사로29길 5, B01호 (논현동)",서울특별시 강남구 논현동 234-24,영업/정상
VED9A6261E9B0,아이러브 휘트니스,서초구,exercise_body,public_license_registry,OA-16142,체력단련장업,,3210000,CDFH3301062002000015,"서울특별시 서초구 강남대로 27 (양재동,농수산물유통공사 지하1층)",서울특별시 서초구 양재동 232-0 농수산물유통공사 지하1층,영업/정상
VEDBF39990F27,바른경희한의원,서초구,medical_wellness,public_license_registry,OA-16480,한의원,"한방내과, 한방부인과, 한방소아과, 한방안?이비인후?피부과, 한방신경정신과, 한방재활의학과, 사상체질과, 침구과, 한방응급과",3210000,PHMA120143210034041100017,"서울특별시 서초구 태봉로 70, 404호 (우면동, 우면프라자)",,영업/정상
VEDD128E464DC,연세바른정형외과의원,송파구,medical_wellness,public_license_registry,OA-16480,의원,"내과, 외과, 정형외과, 신경외과, 마취통증의학과, 소아청소년과, 재활의학과",3230000,PHMA120153230034041100056,서울특별시 송파구 동남로 207 (가락동),,영업/정상
VEE07306FF345,파크클럽,강남구,relax_recovery,public_license_registry,OA-16146,공동탕업,,3220000,3220000-202-2005-00001,"서울특별시 강남구 테헤란로 606 (대치동,지상22층)",서울특별시 강남구 대치동 995-14 지상22층,영업/정상
VEE34D1685625,수서바른정형외과의원,강남구,medical_wellness,public_license_registry,OA-16480,의원,"정형외과, 신경외과, 마취통증의학과, 재활의학과",3220000,PHMA120213220033041100136,"서울특별시 강남구 광평로 280, 로즈데일오피스텔 206,120호 (수서동)",서울특별시 강남구 수서동 724 로즈데일오피스텔,영업/정상
VEE3DF3167ED8,우원사우나,강남구,relax_recovery,public_license_registry,OA-16146,공동탕업,,3220000,3220000-202-2014-00007,"서울특별시 강남구 삼성로95길 10, 지하1,2층 (삼성동)",서울특별시 강남구 삼성동 129-18,영업/정상
VEE4F760681D6,일맥한의원,서초구,medical_wellness,public_license_registry,OA-16480,한의원,"한방내과, 한방부인과, 한방소아과, 한방안?이비인후?피부과, 한방신경정신과, 한방재활의학과, 사상체질과, 침구과",3210000,PHMA120063210034041100001,"서울특별시 서초구 강남대로 453, 서초빌딩 3층 (서초동)",서울특별시 서초구 서초동 1303번지 38호 서초빌딩,영업/정상
VEE7221547506,안아픈세상의원,강남구,medical_wellness,public_license_registry,OA-16480,의원,"신경과, 정신건강의학과, 외과, 정형외과, 신경외과, 마취통증의학과, 이비인후과, 피부과, 영상의학과, 진단검사의학과, 재활의학과, 가정의학과",3220000,PHMA120033220033041100544,"서울특별시 강남구 도산대로 513, 402호 (청담동)",서울특별시 강남구 청담동 124번지 5호 402호,영업/정상
VEEA2B7CDB31F,예루살렘정형외과의원,서초구,medical_wellness,public_license_registry,OA-16480,의원,정형외과,3210000,PHMA119843210034041100003,서울특별시 서초구 남부순환로350길 33 (양재동),서울특별시 서초구 양재동 11번지 72호,영업/정상
VEEBD0EC2C5C2,구룡경희한의원,강남구,medical_wellness,public_license_registry,OA-16480,한의원,"한방내과, 한방부인과, 한방소아과, 한방안?이비인후?피부과, 한방신경정신과, 한방재활의학과, 사상체질과, 침구과",3220000,PHMA120223220033041100122,"서울특별시 강남구 개포로 223, 우덕빌딩 2층 (개포동)",,영업/정상
VEEDAB56EA2D4,송파삼성정형외과의원,송파구,medical_wellness,public_license_registry,OA-16480,의원,"정형외과, 신경외과, 마취통증의학과, 재활의학과",3230000,PHMA120183230034041100036,"서울특별시 송파구 송파대로 422, 영빌딩 3층 301호 (송파동)",서울특별시 송파구 송파동 84번지 7호 영빌딩,영업/정상
VEF84635C6E29,로아한의원,서초구,medical_wellness,public_license_registry,OA-16480,한의원,"한방내과, 한방부인과, 한방소아과, 한방안?이비인후?피부과, 한방신경정신과, 한방재활의학과, 사상체질과, 침구과",3210000,PHMA120173210034041100090,"서울특별시 서초구 강남대로 429, 702호 (서초동, 동일빌딩)",,영업/정상
VEFAD8F441489,더바른케어(367),강남구,exercise_body,public_license_registry,OA-16142,체력단련장업,,3220000,CDFH3301062014000019,"서울특별시 강남구 선릉로 719, 지하2층 (논현동)",서울특별시 강남구 논현동 111-20,영업/정상
VEFC0A86A32AB,단단스포츠,송파구,exercise_body,public_license_registry,OA-16142,체력단련장업,,3230000,CDFH3301062025000003,"서울특별시 송파구 법원로 128, 문정역SKV1 C동 지하1층 133호 (문정동)",서울특별시 송파구 문정동 642-3 문정역SKV1,영업/정상
VEFD1F488F568,가야성모의원,서초구,medical_wellness,public_license_registry,OA-16480,의원,"내과, 외과, 정형외과, 마취통증의학과, 피부과",3210000,PHMA120093210034041100112,"서울특별시 서초구 동광로18길 55, 2층 (방배동)",서울특별시 서초구 방배동 853-1,영업/정상
VF008FC73FA48,홍의실한의원,송파구,medical_wellness,public_license_registry,OA-16480,한의원,"한방내과, 한방부인과, 한방소아과, 한방안?이비인후?피부과, 한방신경정신과, 한방재활의학과, 사상체질과, 침구과",3230000,PHMA120123230034041100043,"서울특별시 송파구 송이로31길 6 (문정동, 2층1호)",,영업/정상
VF01311166E2A,P-BOY MMA (피보이 엠엠에이),송파구,exercise_body,public_license_registry,OA-16142,체력단련장업,,3230000,CDFH3301062022000032,"서울특별시 송파구 새말로 138, 지하1층 (문정동)",서울특별시 송파구 문정동 97-1 지하1층,영업/정상
VF03B84302D7F,페인스톰,강남구,exercise_body,public_license_registry,OA-16142,체력단련장업,,3220000,CDFH3301062013000024,"서울특별시 강남구 압구정로34길 51, 지하2층 (신사동)",서울특별시 강남구 신사동 606-3,영업/정상
VF047D0513A0B,주식회사 데일리앤핏,강남구,exercise_body,public_license_registry,OA-16142,체력단련장업,,3220000,CDFH3301062022000032,"서울특별시 강남구 도곡로 323, 다른빌딩 지하1층 (역삼동)",서울특별시 강남구 역삼동 765-25 다른빌딩,영업/정상
VF052CD03210A,아이디얼바디(IDEAL BODY),송파구,exercise_body,public_license_registry,OA-16142,체력단련장업,,3230000,CDFH3301062018000008,"서울특별시 송파구 위례성대로 18, 금복빌딩 (방이동)",서울특별시 송파구 방이동 45-2 금복빌딩 지하1층,영업/정상
VF06460178DFE,미소한의원,서초구,medical_wellness,public_license_registry,OA-16480,한의원,"한방내과, 한방부인과, 한방소아과, 한방안?이비인후?피부과, 한방신경정신과, 한방재활의학과, 사상체질과, 침구과",3210000,PHMA120083210034041100022,"서울특별시 서초구 서초대로 3-4, 504호 (방배동, 방배디오슈페리움1)",서울특별시 서초구 방배동 3001번지 2호 방배디오슈페리움1차 504호,영업/정상
VF06CD4EF7849,피트니즈 문정점,송파구,exercise_body,public_license_registry,OA-16142,체력단련장업,,3230000,CDFH3301062022000022,"서울특별시 송파구 동남로4길 18, 2층 (문정동)",서울특별시 송파구 문정동 41 2층,영업/정상
VF0722C5D141C,김정곤한의원,강남구,medical_wellness,public_license_registry,OA-16480,한의원,"한방내과, 한방부인과, 한방소아과, 한방안?이비인후?피부과, 한방신경정신과, 한방재활의학과, 사상체질과, 침구과",3220000,PHMA119913220033041101761,서울특별시 강남구 논현로176길 28(신사동),,영업/정상
VF07D8F4A70EB,양생채가한의원,강남구,medical_wellness,public_license_registry,OA-16480,한의원,"한방내과, 한방부인과, 한방소아과, 한방안?이비인후?피부과, 한방신경정신과, 한방재활의학과, 사상체질과, 침구과",3220000,PHMA120063220033041101970,"서울특별시 강남구 강남대로132길 10, 로뎀빌딩 5층 (논현동)",서울특별시 강남구 논현동 51 로뎀빌딩 5층,영업/정상
VF098C5FFB130,라셀릭의원,강남구,medical_wellness,public_license_registry,OA-16480,의원,"내과, 외과, 정형외과, 성형외과, 마취통증의학과, 피부과, 가정의학과",3220000,PHMA120253220033041100158,"서울특별시 강남구 봉은사로 503, SK네트웍스 6,7층 (삼성동)","서울특별시 강남구 삼성동 71-9 SK네트웍스 6,7층",영업/정상
VF09D728B807E,칼로스 PT,서초구,exercise_body,public_license_registry,OA-16142,체력단련장업,,3210000,CDFH3301062025000018,"서울특별시 서초구 서래로 31, 2층 (반포동)",서울특별시 서초구 반포동 95-8,영업/정상
VF10923755D8C,반포키즈소아청소년과의원,서초구,medical_wellness,public_license_registry,OA-16480,의원,"내과, 정형외과, 소아청소년과, 안과, 이비인후과, 피부과",3210000,PHMA120163210034041100016,"서울특별시 서초구 신반포로 257, 4층 (잠원동, 뉴타운)",,영업/정상
VF10CF1C34D36,소잠한의원,서초구,medical_wellness,public_license_registry,OA-16480,한의원,"한방내과, 한방부인과, 한방소아과, 한방안?이비인후?피부과, 한방신경정신과, 한방재활의학과, 사상체질과, 침구과",3210000,PHMA120183210034041100009,"서울특별시 서초구 강남대로53길 7, 강남애니타워 3층 303호 (서초동)",서울특별시 서초구 서초동 1330번지 20호 강남애니타워,영업/정상
VF11F93528A53,H Core Fitness,서초구,exercise_body,public_license_registry,OA-16142,체력단련장업,,3210000,CDFH3301062016000011,"서울특별시 서초구 남부순환로325길 7, 지하1층 (서초동)",서울특별시 서초구 서초동 1450-3,영업/정상
VF12365512284,해성한의원,강남구,medical_wellness,public_license_registry,OA-16480,한의원,"한방내과, 한방부인과, 한방소아과, 한방안?이비인후?피부과, 한방신경정신과, 한방재활의학과, 사상체질과, 침구과",3220000,PHMA120053220033041101916,"서울특별시 강남구 논현로151길 19, 더건한빌딩 2층 301호 (신사동)",서울특별시 강남구 신사동 563-4 더건한빌딩,영업/정상
VF12511C6ACF0,온가족한의원,송파구,medical_wellness,public_license_registry,OA-16480,한의원,"한방내과, 한방부인과, 한방소아과, 한방안?이비인후?피부과, 한방신경정신과, 한방재활의학과, 사상체질과, 침구과",3230000,PHMA120253230034041100040,"서울특별시 송파구 올림픽로 118, 청우빌딩 2층 2호 (잠실동)",,영업/정상
VF14E7DFE4949,경희으뜸한의원,서초구,medical_wellness,public_license_registry,OA-16480,한의원,"한방내과, 한방부인과, 한방소아과, 한방안?이비인후?피부과, 한방신경정신과, 한방재활의학과, 침구과",3210000,PHMA120213210034041100097,"서울특별시 서초구 사임당로 174, 강남미래타워 204,205호 (서초동)",서울특별시 서초구 서초동 1337 강남미래타워,영업/정상
VF151E75D6465,리디안의원,강남구,medical_wellness,public_license_registry,OA-16480,의원,"내과, 신경과, 정형외과, 성형외과, 마취통증의학과, 산부인과, 피부과, 재활의학과, 가정의학과",3220000,PHMA120193220033041100175,"서울특별시 강남구 논현로 836, 2,4층 (신사동)",서울특별시 강남구 신사동 598-6,영업/정상
VF162E1FC1DB0,선덕한의원,강남구,medical_wellness,public_license_registry,OA-16480,한의원,"한방내과, 한방부인과, 한방소아과, 한방안?이비인후?피부과, 한방신경정신과, 한방재활의학과, 사상체질과, 침구과",3220000,PHMA119953220033041101779,"서울특별시 강남구 학동로101길 26, 청담 삼익상가 216호 (청담동)",서울특별시 강남구 청담동 134-20 청담 삼익상가 216호,영업/정상
VF16CCCDD646E,바른자세 운동센터,강남구,exercise_body,public_license_registry,OA-16142,체력단련장업,,3220000,CDFH3301062025000055,"서울특별시 강남구 삼성로 517, B106호 (삼성동, 채널리저브)",서울특별시 강남구 삼성동 144-14 채널리저브,영업/정상
VF1807C73F807,백야짐 앤 필라테스,강남구,exercise_body,public_license_registry,OA-16142,체력단련장업,,3220000,CDFH3301062024000001,"서울특별시 강남구 논현로 614, ARTISAN 빌 지하1,2층 (논현동)",서울특별시 강남구 논현동 228-8 ARTISAN 빌,영업/정상
VF190CC9BE37C,문정정형외과의원,송파구,medical_wellness,public_license_registry,OA-16480,의원,"내과, 외과, 정형외과, 신경외과, 성형외과, 마취통증의학과, 영상의학과, 재활의학과, 가정의학과",3230000,PHMA120013230034041100974,"서울특별시 송파구 동남로 138, 삼원빌딩 1,4,5층 (문정동)",서울특별시 송파구 문정동 4-4 삼원빌딩,영업/정상
VF1B7FC031BBA,고운누리한의원,강남구,medical_wellness,public_license_registry,OA-16480,한의원,"한방내과, 한방부인과, 한방소아과, 한방안?이비인후?피부과, 한방신경정신과, 한방재활의학과, 사상체질과, 침구과, 한방응급과",3220000,PHMA120143220033041100011,"서울특별시 강남구 논현로 665, 3층 (논현동)",,영업/정상
VF1BC44D311AC,김성환짐,강남구,exercise_body,public_license_registry,OA-16142,체력단련장업,,3220000,CDFH3301062021000004,"서울특별시 강남구 논현로 419, PMK 빌딩 지하1층 (역삼동)",서울특별시 강남구 역삼동 746 PMK 빌딩,영업/정상
VF1D17AC15936,"펫버닝(201호,202호)",강남구,exercise_body,public_license_registry,OA-16142,체력단련장업,,3220000,CDFH3301062018000007,"서울특별시 강남구 테헤란로64길 14, 더 나인 오피스텔 2층 201,202호 (대치동)",서울특별시 강남구 대치동 889-56 더 나인 오피스텔 201호,영업/정상
VF1E87230245E,RISE UP PERFORMANCE(라이즈업 퍼포먼스),서초구,exercise_body,public_license_registry,OA-16142,체력단련장업,,3210000,CDFH3301062025000027,"서울특별시 서초구 동광로 41, 레디인빌딩 2층 (방배동)",서울특별시 서초구 방배동 792-4,영업/정상
VF246C72D91E5,날아라정형외과의원,강남구,medical_wellness,public_license_registry,OA-16480,의원,"내과, 신경과, 정형외과, 신경외과, 마취통증의학과, 영상의학과, 재활의학과, 가정의학과",3220000,PHMA120113220033041100223,"서울특별시 강남구 학동로 207, 4,5,6층 (논현동)",서울특별시 강남구 논현동 88-11,영업/정상
VF249DF2309E3,에스씨301의원,강남구,medical_wellness,public_license_registry,OA-16480,의원,"내과, 외과, 정형외과, 성형외과, 피부과, 가정의학과",3220000,PHMA120133220033041100203,"서울특별시 강남구 영동대로 611, Chan&Chan Tower 3,4,지하1층 (삼성동)",서울특별시 강남구 삼성동 77-9 Chan&Chan Tower,영업/정상
VF283CC0F3271,짐해빗 청담점,강남구,exercise_body,public_license_registry,OA-16142,체력단련장업,,3220000,CDFH3301062024000043,"서울특별시 강남구 선릉로 840, 로데오빌딩 지하1층 (청담동)",서울특별시 강남구 청담동 84-1 로데오빌딩,영업/정상
VF2CDBE19C9E5,바디스페이스(219),강남구,exercise_body,public_license_registry,OA-16142,체력단련장업,,3220000,CDFH3301062010000005,서울특별시 강남구 테헤란로 311 (역삼동),서울특별시 강남구 역삼동 702-10 지하101호,영업/정상
VF2ECC568945E,양서현한의원,송파구,medical_wellness,public_license_registry,OA-16480,한의원,"한방내과, 한방부인과, 한방소아과, 한방안?이비인후?피부과, 한방신경정신과, 한방재활의학과, 사상체질과, 침구과",3230000,PHMA119863230034041100134,서울특별시 송파구 바람드리길 51 (풍납동),서울특별시 송파구 풍납동 476번지 14호,영업/정상
VF303E6CD9694,에이디스짐(337),강남구,exercise_body,public_license_registry,OA-16142,체력단련장업,,3220000,CDFH3301062013000018,"서울특별시 강남구 학동로 503, 한성빌딩 지하1층 (청담동)",서울특별시 강남구 청담동 76-6 한성빌딩,영업/정상
VF337162666BE,서울박현경내과의원,송파구,medical_wellness,public_license_registry,OA-16480,의원,"내과, 정형외과, 신경외과, 마취통증의학과, 소아청소년과, 안과, 이비인후과, 피부과, 비뇨의학과, 영상의학과, 재활의학과, 가정의학과",3230000,PHMA120193230034041100070,"서울특별시 송파구 가락로 111, 영보빌딩 2층 201호 (석촌동)",서울특별시 송파구 석촌동 295번지 11호 영보빌딩 201호,영업/정상
VF33803CA37FF,(주)영자피트니스 이수방배,서초구,exercise_body,public_license_registry,OA-16142,체력단련장업,,3210000,CDFH3301062012000002,서울특별시 서초구 동작대로 지하 134 (방배동),서울특별시 서초구 방배동 1823,영업/정상
VF35AFAA0F39C,경희포근한의원,강남구,medical_wellness,public_license_registry,OA-16480,한의원,"한방내과, 한방부인과, 한방소아과, 한방안?이비인후?피부과, 한방신경정신과, 한방재활의학과, 사상체질과, 침구과",3220000,PHMA120073220033041101982,"서울특별시 강남구 선릉로63길 9, 백림빌딩 3층 (역삼동)",,영업/정상
VF35B2553784C,버핏그라운드 역삼 GFC,강남구,exercise_body,public_license_registry,OA-16142,체력단련장업,,3220000,CDFH3301062025000050,"서울특별시 강남구 테헤란로 152, 강남파이낸스센터 지하1층 (역삼동)",서울특별시 강남구 역삼동 737 강남파이낸스센터,영업/정상
VF36F785CF34C,하늘빛한의원,강남구,medical_wellness,public_license_registry,OA-16480,한의원,"한방내과, 한방부인과, 한방소아과, 한방안?이비인후?피부과, 한방신경정신과, 한방재활의학과, 사상체질과, 침구과",3220000,PHMA120173220033041100034,"서울특별시 강남구 삼성로 155, 대치퍼스트빌딩 402호 (대치동)",서울특별시 강남구 대치동 507-2 대치퍼스트빌딩 402호,영업/정상
VF3716B815DBB,나인사우나,강남구,relax_recovery,public_license_registry,OA-16146,목욕장업 기타,,3220000,3220000-202-2025-00002,"서울특별시 강남구 언주로90길 12, 역삼동빌딩 4층 (역삼동)",서울특별시 강남구 역삼동 706-18 역삼동빌딩,영업/정상
VF379B96A26B6,하이랙스 강남구청역점,강남구,exercise_body,public_license_registry,OA-16142,체력단련장업,,3220000,CDFH3301062024000030,"서울특별시 강남구 선릉로 704, 청담빌딩 B1층 (청담동)",서울특별시 강남구 청담동 41 청담빌딩,영업/정상
VF3B325D51079,언주편안한마취통증의학과의원,강남구,medical_wellness,public_license_registry,OA-16480,의원,"정형외과, 신경외과, 마취통증의학과, 재활의학과",3220000,PHMA120253220033041100077,"서울특별시 강남구 봉은사로 218, 트라이업 타워 2층 (역삼동)",서울특별시 강남구 역삼동 651-5 트라이업 타워,영업/정상
VF3CF8BEC7C7A,커브스 잠실클럽,송파구,exercise_body,public_license_registry,OA-16142,체력단련장업,,3230000,CDFH3301062010000011,"서울특별시 송파구 올림픽로12길 23, 2층 (잠실동)",서울특별시 송파구 잠실동 205-1,영업/정상
VF3DA65469C4E,하중당한의원,강남구,medical_wellness,public_license_registry,OA-16480,한의원,"한방내과, 한방부인과, 한방소아과, 한방안?이비인후?피부과, 한방신경정신과, 한방재활의학과, 사상체질과, 침구과",3220000,PHMA120113220033041100181,"서울특별시 강남구 강남대로 240, 양재SK허브프리모 402,403호 (도곡동)",서울특별시 강남구 도곡동 953-1 양재SK허브프리모,영업/정상
VF3E34AE575A1,세찬재활의학과의원,송파구,medical_wellness,public_license_registry,OA-16480,의원,"정형외과, 신경외과, 마취통증의학과, 재활의학과",3230000,PHMA120173230034041100039,"서울특별시 송파구 송파대로 111, 205동 306,307,310호 (문정동, 파크하비오)",서울특별시 송파구 문정동 618번지 파크하비오,영업/정상
VF3FC5D50EE4B,바름PT,강남구,exercise_body,public_license_registry,OA-16142,체력단련장업,,3220000,CDFH3301062016000008,"서울특별시 강남구 언주로30길 10, 406-1,407-2호 (도곡동, 현대비전21)","서울특별시 강남구 도곡동 467-19 406-1호,407-2호",영업/정상
VF405F8836E2B,다올린의원,서초구,medical_wellness,public_license_registry,OA-16480,의원,"외과, 정형외과, 성형외과, 피부과",3210000,PHMA120183210034041100064,"서울특별시 서초구 서초대로 3-4, 3층 302호 (방배동, 방배디오슈페리움1)",서울특별시 서초구 방배동 3001번지 2호 방배디오슈페리움1,영업/정상
VF40AF3835D01,마노아,강남구,relax_recovery,public_license_registry,OA-16146,목욕장업 기타,,3220000,3220000-202-2024-00002,"서울특별시 강남구 논현로 722, 신한빌딩 지하1층 (논현동)",서울특별시 강남구 논현동 80-1 신한빌딩,영업/정상
VF429A9F3C012,방이경희한의원,송파구,medical_wellness,public_license_registry,OA-16480,한의원,"한방내과, 한방부인과, 한방소아과, 한방안?이비인후?피부과, 한방재활의학과, 침구과",3230000,PHMA120223230034041100046,"서울특별시 송파구 마천로 43, 칠보빌딩 3층 (방이동)",,영업/정상
VF44E8BA682B1,세곡달빛의원,강남구,medical_wellness,public_license_registry,OA-16480,의원,"내과, 정형외과, 소아청소년과, 가정의학과, 응급의학과",3220000,PHMA120163220033041100139,"서울특별시 강남구 헌릉로569길 27, 2층 (세곡동, 2층일부(201-2호,202호))",,영업/정상
VF4636359E143,365예한의원,송파구,medical_wellness,public_license_registry,OA-16480,한의원,"한방내과, 한방부인과, 한방소아과, 한방안?이비인후?피부과, 한방신경정신과, 한방재활의학과, 사상체질과, 침구과",3230000,PHMA120103230034041100020,"서울특별시 송파구 가락로36길 5 (방이동,2층)",서울특별시 송파구 방이1동 135번지 25호 2층,영업/정상
VF48E1CFA1DA3,우보천리한의원,강남구,medical_wellness,public_license_registry,OA-16480,한의원,"한방내과, 한방부인과, 한방소아과, 한방안?이비인후?피부과, 한방신경정신과, 한방재활의학과, 사상체질과, 침구과, 한방응급과",3220000,PHMA120153220033041100081,"서울특별시 강남구 언주로 319, 3층 (역삼동)",서울특별시 강남구 역삼동 779-4,영업/정상
VF498A9A0FB29,아이누리한의원,송파구,medical_wellness,public_license_registry,OA-16480,한의원,"한방내과, 한방부인과, 한방소아과, 한방안?이비인후?피부과, 한방신경정신과, 한방재활의학과, 사상체질과, 침구과",3230000,PHMA120233230034041100040,"서울특별시 송파구 올림픽로 119, 잠실파인애플상가 4층 4B01호 (잠실동)",,영업/정상
VF49C3488BF78,서울스마트본의원,송파구,medical_wellness,public_license_registry,OA-16480,의원,"내과, 신경과, 정형외과, 신경외과, 성형외과, 마취통증의학과, 피부과, 재활의학과, 가정의학과",3230000,PHMA120193230034041100024,"서울특별시 송파구 오금로 396, 2층 203~204,208호 (가락동, 에스케이허브파크)",,영업/정상
VF4BB3C8E06EE,(주)신안관광 호텔리베라 체력단련장,강남구,exercise_body,public_license_registry,OA-16142,체력단련장업,,3220000,CDFH3301062021000040,"서울특별시 강남구 영동대로 737, 리베라호텔 지하2층 (청담동)",서울특별시 강남구 청담동 53-7 리베라호텔,영업/정상
VF4FB16B6C7E3,플로우핏,강남구,exercise_body,public_license_registry,OA-16142,체력단련장업,,3220000,CDFH3301062021000009,"서울특별시 강남구 압구정로28길 18, 2층 (신사동)",서울특별시 강남구 신사동 577-12,영업/정상
VF5163BA626CA,파크하비오휘트니스&골프,송파구,exercise_body,public_license_registry,OA-16142,체력단련장업,,3230000,CDFH3301062017000001,"서울특별시 송파구 송파대로 111, 하비오길 중앙로 202동 202, B01호 (문정동, 파크하비오)",,영업/정상
VF52A23A41240,아라핏 스튜디오,서초구,exercise_body,public_license_registry,OA-16142,체력단련장업,,3210000,CDFH3301062022000021,"서울특별시 서초구 서초대로78길 30, 3층 (서초동)",서울특별시 서초구 서초동 1327-10,영업/정상
VF55A1D36229D,르샤인의원,서초구,medical_wellness,public_license_registry,OA-16480,의원,"내과, 신경과, 정형외과, 성형외과, 산부인과, 소아청소년과, 피부과, 재활의학과, 가정의학과",3210000,PHMA120223210034041100098,"서울특별시 서초구 강남대로61길 17, B2~2층, 5층 1층 102호 (서초동, 밀라텔 쉐르빌)",서울특별시 서초구 서초동 1316-31 밀라텔 쉐르빌,영업/정상
VF576DBD4DB10,도넛 PT 스튜디오,강남구,exercise_body,public_license_registry,OA-16142,체력단련장업,,3220000,CDFH3301062022000039,"서울특별시 강남구 언주로113길 16, 지하1층 (논현동)",서울특별시 강남구 논현동 230-18,영업/정상
VF579070D1040,신사형통정형외과의원,강남구,medical_wellness,public_license_registry,OA-16480,의원,정형외과,3220000,PHMA120243220033041100082,"서울특별시 강남구 논현로149길 49, 지하1,2층, 지상2층 (논현동)",서울특별시 강남구 논현동 11-27,영업/정상
VF5AF91E8475A,JUST 1 PERSONAL TRAINING,송파구,exercise_body,public_license_registry,OA-16142,체력단련장업,,3230000,CDFH3301062011000002,"서울특별시 송파구 석촌호수로 160, 5층 (삼전동)",서울특별시 송파구 삼전동 111-3 5층,영업/정상
VF5C51F7C5DC1,파워존,서초구,exercise_body,public_license_registry,OA-16142,체력단련장업,,3210000,CDFH3301062025000014,"서울특별시 서초구 강남대로97길 27, SNF빌딩 지하1층 (잠원동)",서울특별시 서초구 잠원동 26-4 SNF빌딩,영업/정상
VF5DA71E6BD40,경희바름한의원,강남구,medical_wellness,public_license_registry,OA-16480,한의원,"한방내과, 한방부인과, 한방소아과, 한방안?이비인후?피부과, 한방신경정신과, 한방재활의학과, 사상체질과, 침구과",3220000,PHMA120203220033041100202,"서울특별시 강남구 남부순환로 2909, 여천빌딩 4층 401호 (대치동)",서울특별시 강남구 대치동 651 여천빌딩,영업/정상
VF5EA2FEE63A4,오현숙내과의원,서초구,medical_wellness,public_license_registry,OA-16480,의원,"내과, 외과, 정형외과, 소아청소년과, 이비인후과, 피부과, 가정의학과",3210000,PHMA120083210034041100072,"서울특별시 서초구 효령로 229, 2층 (서초동, 서울빌딩)",서울특별시 서초구 서초동 1532번지 7호 서울빌딩 2층,영업/정상
VF605ACC0D056,루프 사우나 강남1,강남구,relax_recovery,public_license_registry,OA-16146,공동탕업,,3220000,3220000-202-2026-00003,"서울특별시 강남구 테헤란로20길 34, 지하1층 (역삼동)",서울특별시 강남구 역삼동 741-17,영업/정상
VF6338084F98A,리핏바디짐 삼전점,송파구,exercise_body,public_license_registry,OA-16142,체력단련장업,,3230000,CDFH3301062021000038,"서울특별시 송파구 백제고분로 254, 5층 501, 502호 (삼전동)",서울특별시 송파구 삼전동 72-3,영업/정상
VF638E9369F72,Felix Gym,강남구,exercise_body,public_license_registry,OA-16142,체력단련장업,,3220000,CDFH3301062014000029,서울특별시 강남구 봉은사로57길 42 (삼성동),서울특별시 강남구 삼성동 32-16 지하2층,영업/정상
VF63F5539EBA4,강남펜타힐의원,서초구,medical_wellness,public_license_registry,OA-16480,의원,"내과, 신경과, 정형외과, 소아청소년과, 이비인후과, 피부과, 비뇨의학과, 가정의학과",3210000,PHMA120173210034041100061,"서울특별시 서초구 강남대로 349, 우남빌딩 4,10층 (서초동)",서울특별시 서초구 서초동 1329-4 우남빌딩,영업/정상
VF661919CB839,엠퍼스널트레이닝서초,서초구,exercise_body,public_license_registry,OA-16142,체력단련장업,,3210000,CDFH3301062018000030,"서울특별시 서초구 반포대로14길 42, 오영빌딩 3층 (서초동)",서울특별시 서초구 서초동 1589-12 오영빌딩,영업/정상
VF67C0E676BB3,여운 세신샵,강남구,relax_recovery,public_license_registry,OA-16146,목욕장업 기타,,3220000,3220000-202-2026-00007,"서울특별시 강남구 논현로 561, 지하2층 (역삼동)",서울특별시 강남구 역삼동 606-28,영업/정상
VF681D28D24D3,FIT.Covery핏커버리,서초구,exercise_body,public_license_registry,OA-16142,체력단련장업,,3210000,CDFH3301062023000029,"서울특별시 서초구 신반포로 지하 241, 반포역 (잠원동)",서울특별시 서초구 잠원동 103 반포역,영업/정상
VF6B9BC2383F6,저항운동연구소(Weight Training Lab),송파구,exercise_body,public_license_registry,OA-16142,체력단련장업,,3230000,CDFH3301062023000002,"서울특별시 송파구 백제고분로39길 24, 정훈빌딩 지하1층 (석촌동)",서울특별시 송파구 석촌동 179-4 정훈빌딩 지하1층,영업/정상
VF6C5C098B8DE,연세국민건강내과소아청소년과의원,송파구,medical_wellness,public_license_registry,OA-16480,의원,"내과, 정신건강의학과, 정형외과, 마취통증의학과, 산부인과, 소아청소년과, 안과, 이비인후과, 피부과, 비뇨의학과, 영상의학과, 병리과, 진단검사의학과, 가정의학과, 예방의학과",3230000,PHMA120193230034041100007,"서울특별시 송파구 중대로 105, 가락 ID TOWER 201~203, 301, 303호 (가락동)",서울특별시 송파구 가락동 99-7 가락 ID TOWER,영업/정상
VF6D35734B468,티엔PT스튜디오,송파구,exercise_body,public_license_registry,OA-16142,체력단련장업,,3230000,CDFH3301062013000015,"서울특별시 송파구 토성로 38, 지하 B01호 (풍납동)",서울특별시 송파구 풍납동 257-6,영업/정상
VF6D38DB6DD3A,마복,송파구,relax_recovery,public_license_registry,OA-16146,공동탕업,,3230000,3230000-202-1989-00135,서울특별시 송파구 마천로 250 (거여동),서울특별시 송파구 거여동 1-1,영업/정상
VF6EB523993B3,올림 피움 채움 올피채의원,서초구,medical_wellness,public_license_registry,OA-16480,의원,"정형외과, 성형외과, 마취통증의학과, 피부과, 재활의학과",3210000,PHMA120183210034041100049,"서울특별시 서초구 서초대로77길 24, 강남 지웰타워2 10층 (서초동)",서울특별시 서초구 서초동 1306번지 4호 강남 지웰타워2,영업/정상
VF6F84220775F,경희송산한의원,송파구,medical_wellness,public_license_registry,OA-16480,한의원,"한방내과, 한방부인과, 한방소아과, 한방안?이비인후?피부과, 한방신경정신과, 한방재활의학과, 사상체질과, 침구과",3230000,PHMA120183230034041100073,"서울특별시 송파구 송파대로 409, 범양빌딩 2층 (석촌동)",서울특별시 송파구 석촌동 290-2 범양빌딩,영업/정상
VF707A6E6A4BA,김동수한의원,서초구,medical_wellness,public_license_registry,OA-16480,한의원,"한방내과, 한방부인과, 한방소아과, 한방안?이비인후?피부과, 한방신경정신과, 한방재활의학과, 사상체질과, 침구과",3210000,PHMA120103210034041100095,"서울특별시 서초구 바우뫼로7길 19, 3층 (우면동)",서울특별시 서초구 우면동 65번지 3층,영업/정상
VF70950920AA7,커브스 석촌클럽,송파구,exercise_body,public_license_registry,OA-16142,체력단련장업,,3230000,CDFH3301062019000013,"서울특별시 송파구 가락로 54, 5층 (석촌동)",서울특별시 송파구 석촌동 240-6,영업/정상
VF70B5C959D03,팀 트레이닝 바로 문정,송파구,exercise_body,public_license_registry,OA-16142,체력단련장업,,3230000,CDFH3301062025000030,"서울특별시 송파구 법원로11길 7, 문정현대지식산업센터1-1 제지 2층 제비 208, 209호 (문정동)",서울특별시 송파구 문정동 644-2 문정현대지식산업센터1-2,영업/정상
VF724315B3801,나노의원,강남구,medical_wellness,public_license_registry,OA-16480,의원,"내과, 외과, 정형외과, 성형외과, 이비인후과, 피부과",3220000,PHMA120063220033041100803,"서울특별시 강남구 도산대로57길 6, 3~4층 (청담동)",서울특별시 강남구 청담동 91번지 15호,영업/정상
VF72E140FD81D,랄랄랄 퍼스널트레이닝,송파구,exercise_body,public_license_registry,OA-16142,체력단련장업,,3230000,CDFH3301062025000001,"서울특별시 송파구 동남로 215, BPL빌딩 2층 (가락동)",서울특별시 송파구 가락동 164-23 BPL빌딩,영업/정상
VF7318E102BA7,온더휘트니스,강남구,exercise_body,public_license_registry,OA-16142,체력단련장업,,3220000,CDFH3301062024000031,"서울특별시 강남구 압구정로79길 56, 아름다운빌딩 4층 (청담동)",서울특별시 강남구 청담동 125-6 아름다운빌딩,영업/정상
VF731AB89AA6E,GYM Y STUDIO,강남구,exercise_body,public_license_registry,OA-16142,체력단련장업,,3220000,CDFH3301062023000023,서울특별시 강남구 선릉로111길 40 (논현동),서울특별시 강남구 논현동 272-33,영업/정상
VF735893C8E3E,아이엠유의원,송파구,medical_wellness,public_license_registry,OA-16480,의원,"내과, 정형외과, 성형외과, 소아청소년과, 이비인후과, 피부과, 비뇨의학과, 재활의학과, 가정의학과, 응급의학과",3230000,PHMA120183230034041100068,"서울특별시 송파구 잠실로 지하 156, 잠실광역환승센터 103호 (신천동)",서울특별시 송파구 신천동 28번지 잠실광역환승센터,영업/정상
VF7541E907D5B,비비드짐,강남구,exercise_body,public_license_registry,OA-16142,체력단련장업,,3220000,CDFH3301062025000006,"서울특별시 강남구 남부순환로351길 22-3, 2층 1호 (도곡동)",서울특별시 강남구 도곡동 951-10,영업/정상
VF757DC3609E2,아산하트내과의원,송파구,medical_wellness,public_license_registry,OA-16480,의원,"내과, 신경과, 정신건강의학과, 외과, 정형외과, 신경외과, 심장혈관흉부외과, 성형외과, 마취통증의학과, 산부인과, 소아청소년과, 안과, 이비인후과, 피부과, 비뇨의학과, 영상의학과, 진단검사의학과, 재활의학과, 가정의학과, 응급의학과",3230000,PHMA120263230034041100035,"서울특별시 송파구 올림픽로 102, 서일빌딩 8층 1호 (잠실동)",서울특별시 송파구 잠실동 181-4 서일빌딩,영업/정상
VF75F8AC992B8,피지오스튜디오 필라테스&PT 방배점,서초구,exercise_body,public_license_registry,OA-16142,체력단련장업,,3210000,CDFH3301062024000032,"서울특별시 서초구 방배로 202, 2층 (방배동)",서울특별시 서초구 방배동 811-15,영업/정상
VF7606DA0C7FA,리빌드짐,송파구,exercise_body,public_license_registry,OA-16142,체력단련장업,,3230000,CDFH3301062024000043,"서울특별시 송파구 삼학사로18길 3-27, 평강빌딩 202호 (석촌동)",서울특별시 송파구 석촌동 2-2 평강빌딩,영업/정상
VF762EB90F253,마이짐(MY GYM),서초구,exercise_body,public_license_registry,OA-16142,체력단련장업,,3210000,CDFH3301062011000001,"서울특별시 서초구 방배로42길 61  (방배동,(지1층))",서울특별시 서초구 방배동 6-9 (지1층),영업/정상
VF763BD1250DE,프라임포스,송파구,exercise_body,public_license_registry,OA-16142,체력단련장업,,3230000,CDFH3301062025000033,"서울특별시 송파구 송이로32길 8, 1층 (문정동)",서울특별시 송파구 문정동 11-12 그레이스빌딩,영업/정상
VF7B08045D045,아산원탑정형외과의원,서초구,medical_wellness,public_license_registry,OA-16480,의원,"내과, 정형외과, 신경외과, 마취통증의학과, 재활의학과",3210000,PHMA120253210034041100092,"서울특별시 서초구 방배로33길 6, 3층 (방배동)",서울특별시 서초구 방배동 813-5,영업/정상
VF7BB06CDC8D3,화접몽한의원,강남구,medical_wellness,public_license_registry,OA-16480,한의원,"한방내과, 한방부인과, 한방소아과, 한방안?이비인후?피부과, 한방신경정신과, 한방재활의학과, 사상체질과, 침구과",3220000,PHMA120073220033041101984,"서울특별시 강남구 강남대로84길 8, 우인빌딩 9층 (역삼동)",,영업/정상
VF7BC0D094645,서울바른외과의원,송파구,medical_wellness,public_license_registry,OA-16480,의원,"내과, 외과, 정형외과, 마취통증의학과",3230000,PHMA120193230034041100045,"서울특별시 송파구 중대로 24, 1층 110호 (문정동, 올림픽훼밀리타운)",서울특별시 송파구 문정동 150번지 올림픽훼밀리타운,영업/정상
VF7C4801181AE,강남푸른정형외과의원,강남구,medical_wellness,public_license_registry,OA-16480,의원,"내과, 외과, 정형외과, 신경외과, 피부과, 비뇨의학과",3220000,PHMA119973220033041100207,"서울특별시 강남구 도곡로 449, 1층 (대치동)",서울특별시 강남구 대치4동 941번지 23호 1층,영업/정상
VF7D5AA7E5B40,웰니스포유 청담,강남구,exercise_body,public_license_registry,OA-16142,체력단련장업,,3220000,CDFH3301062023000039,"서울특별시 강남구 삼성로 772, 505호 (청담동)",서울특별시 강남구 청담동 48-7,영업/정상
VF7E8E325BFE6,우리몸한의원,서초구,medical_wellness,public_license_registry,OA-16480,한의원,"한방내과, 한방부인과, 한방소아과, 한방안?이비인후?피부과, 한방신경정신과, 한방재활의학과, 사상체질과, 침구과",3210000,PHMA120093210034041100051,"서울특별시 서초구 서초중앙로24길 19, 나라빌딩 4층 (서초동)",서울특별시 서초구 서초동 1696-14 나라빌딩,영업/정상
VF7F14BEF36D8,더블짐휘트니스,송파구,exercise_body,public_license_registry,OA-16142,체력단련장업,,3230000,CDFH3301062003000023,서울특별시 송파구 오금로 519 (거여동),서울특별시 송파구 거여동 36-4,영업/정상
VF8237AF59E42,고요한방신경정신과한의원,강남구,medical_wellness,public_license_registry,OA-16480,한의원,"한방내과, 한방부인과, 한방소아과, 한방안?이비인후?피부과, 한방신경정신과, 한방재활의학과, 사상체질과, 침구과",3220000,PHMA120253220033041100030,"서울특별시 강남구 도산대로 409, S&S TOWER 8층 (청담동)",서울특별시 강남구 청담동 87-4 S&S TOWER,영업/정상
VF8288A2F58A3,리부트짐(Reboot gym),송파구,exercise_body,public_license_registry,OA-16142,체력단련장업,,3230000,CDFH3301062021000036,"서울특별시 송파구 양재대로71길 30, 동호빌딩 201호 (방이동)",서울특별시 송파구 방이동 193-16 동호빌딩 201호,영업/정상
VF832D2247496,GOTO 청담,강남구,exercise_body,public_license_registry,OA-16142,체력단련장업,,3220000,CDFH3301062014000036,서울특별시 강남구 학동로88길 12 (삼성동),서울특별시 강남구 삼성동 54-2 지하1층,영업/정상
VF83AF60EB3F5,매일핏,서초구,exercise_body,public_license_registry,OA-16142,체력단련장업,,3210000,CDFH3301062022000008,"서울특별시 서초구 사평대로53길 93-19, 지층 (반포동)",서울특별시 서초구 반포동 719-3,영업/정상
VF84B56120259,강남린한의원,강남구,medical_wellness,public_license_registry,OA-16480,한의원,"한방내과, 한방부인과, 한방소아과, 한방안?이비인후?피부과, 한방신경정신과, 한방재활의학과, 사상체질과, 침구과, 한방응급과",3220000,PHMA120153220033041100097,"서울특별시 강남구 논현로 401, 청송빌딩 2층 (역삼동)",,영업/정상
VF871A950AFD9,포지 피티 스튜디오,송파구,exercise_body,public_license_registry,OA-16142,체력단련장업,,3230000,CDFH3301062024000003,"서울특별시 송파구 양재대로 1222, 올림픽프라자 2층 32,33호 (방이동)","서울특별시 송파구 방이동 89-11 올림픽프라자 2층 32,33호",영업/정상
VF8B0622CCCCE,도시히피 PT&WELLNESS STUDIO,송파구,exercise_body,public_license_registry,OA-16142,체력단련장업,,3230000,CDFH3301062026000012,"서울특별시 송파구 마천로 70, 3층 (오금동)",서울특별시 송파구 오금동 42,영업/정상
VF8B1F96FE914,혜명한의원,강남구,medical_wellness,public_license_registry,OA-16480,한의원,"한방내과, 한방부인과, 한방소아과, 한방안?이비인후?피부과, 한방신경정신과, 한방재활의학과, 사상체질과, 침구과",3220000,PHMA120023220033041101844,"서울특별시 강남구 도산대로 513, 양원빌딩 6층 1호 (청담동)",서울특별시 강남구 청담동 124-5 양원빌딩 6층 1호,영업/정상
VF8BA429457D0,문정바른한의원,송파구,medical_wellness,public_license_registry,OA-16480,한의원,"한방내과, 한방부인과, 한방소아과, 한방안?이비인후?피부과, 한방신경정신과, 한방재활의학과, 사상체질과, 침구과",3230000,PHMA120163230034041100068,"서울특별시 송파구 법원로 114, C동 222호 (문정동, 엠스테이트)",,영업/정상
VF8C3A919D9E2,하우스필라테스,서초구,exercise_body,public_license_registry,OA-16142,체력단련장업,,3210000,CDFH3301062017000010,"서울특별시 서초구 서초대로77길 61, 4층 (서초동, S&GTOWER서초)",,영업/정상
VF8D55D405F12,온스바디,송파구,exercise_body,public_license_registry,OA-16142,체력단련장업,,3230000,CDFH3301062022000021,"서울특별시 송파구 위례광장로 199, 성희프라자 308호 (장지동)",서울특별시 송파구 장지동 880-1 성희프라자 308호,영업/정상
VF8EA7548331D,경희신농씨한의원,송파구,medical_wellness,public_license_registry,OA-16480,한의원,"한방내과, 한방부인과, 한방소아과, 한방안?이비인후?피부과, 한방신경정신과, 한방재활의학과, 사상체질과, 침구과",3230000,PHMA120033230034041101188,"서울특별시 송파구 송파대로32길 15 (가락동,금호상가 210,211호)","서울특별시 송파구 가락동 95번지 1호 금호상가 210,211호",영업/정상
VF8EB8125C9FC,더골든핏 웰니스클럽,강남구,exercise_body,public_license_registry,OA-16142,체력단련장업,,3220000,CDFH3301062024000042,"서울특별시 강남구 도산대로49길 22, 아가페 트리 3층 (신사동)",서울특별시 강남구 신사동 653-20 아가페 트리,영업/정상
VF90A8DCAEAF4,황경선한의원,송파구,medical_wellness,public_license_registry,OA-16480,한의원,"한방내과, 한방부인과, 한방소아과, 한방안?이비인후?피부과, 한방신경정신과, 한방재활의학과, 사상체질과, 침구과",3230000,PHMA119963230034041100630,"서울특별시 송파구 백제고분로48길 26-1 (방이동,2층)",서울특별시 송파구 방이2동 119번지 21호 2층,영업/정상
VF956FE6A7C95,아이토마토한의원,강남구,medical_wellness,public_license_registry,OA-16480,한의원,"한방내과, 한방부인과, 한방소아과, 한방안?이비인후?피부과, 한방신경정신과, 한방재활의학과, 사상체질과, 침구과",3220000,PHMA120203220033041100066,"서울특별시 강남구 도산대로 328, 4층 (논현동)",서울특별시 강남구 논현동 93번지 2호,영업/정상
VF99490630DA3,린 필라테스 앤 엑서프리(343),강남구,exercise_body,public_license_registry,OA-16142,체력단련장업,,3220000,CDFH3301062013000025,서울특별시 강남구 압구정로 467 (청담동),서울특별시 강남구 청담동 119-1 3층,영업/정상
VF9A355558A7C,워터킹덤 워터파크 & 스파,송파구,relax_recovery,public_license_registry,OA-16146,공동탕업+찜질시설서비스영업,,3230000,3230000-202-2017-00001,"서울특별시 송파구 송파대로 111, 202동 101호 (문정동, 하비오길동 광장로)",서울특별시 송파구 문정동 618,영업/정상
VF9D9228871F0,연세본정형외과의원,강남구,medical_wellness,public_license_registry,OA-16480,의원,정형외과,3220000,PHMA120153220033041100051,"서울특별시 강남구 밤고개로1길 10, 수서현대벤쳐빌 2층 213호,214호,광평로51길 49,203호호 (수서동)","서울특별시 강남구 수서동 713번지 수서현대벤쳐빌(213호,214호,광평로51길 49,203호",영업/정상
VF9DAE7A7027C,서울준 정형외과의원,강남구,medical_wellness,public_license_registry,OA-16480,의원,"정형외과, 신경외과, 마취통증의학과, 재활의학과",3220000,PHMA120223220033041100054,"서울특별시 강남구 삼성로 155, 대치퍼스트빌딩 2층 203,204,205호 (대치동)",서울특별시 강남구 대치동 507-2 대치퍼스트빌딩,영업/정상
VF9E6531AA772,던휘트니스,강남구,exercise_body,public_license_registry,OA-16142,체력단련장업,,3220000,CDFH3301062025000063,"서울특별시 강남구 테헤란로77길 14, 이에스타워 B1층 (삼성동)",서울특별시 강남구 삼성동 144-4 이에스타워,영업/정상
VFA17985FDF93,온기 PT&근막이완,서초구,exercise_body,public_license_registry,OA-16142,체력단련장업,,3210000,CDFH3301062023000018,"서울특별시 서초구 신반포로33길 62, 202호 (잠원동)",서울특별시 서초구 잠원동 63-34,영업/정상
VFA43EC10A123,포레스트 RTM PT,서초구,exercise_body,public_license_registry,OA-16142,체력단련장업,,3210000,CDFH3301062026000005,"서울특별시 서초구 반포대로 287, 래미안퍼스티지 중심상가 2층 233, 234호 (반포동)",서울특별시 서초구 반포동 18-3 래미안퍼스티지 중심상가,영업/정상
VFA50EA5C09D9,비바라짐 내방점,서초구,exercise_body,public_license_registry,OA-16142,체력단련장업,,3210000,CDFH3301062021000020,"서울특별시 서초구 서초대로 108, 3층 301호 (방배동)",서울특별시 서초구 방배동 898-1,영업/정상
VFA6F31DF6926,튼튼마디한의원,강남구,medical_wellness,public_license_registry,OA-16480,한의원,"한방내과, 한방부인과, 한방소아과, 한방안?이비인후?피부과, 한방신경정신과, 한방재활의학과, 사상체질과, 침구과",3220000,PHMA120073220033041102002,"서울특별시 강남구 선릉로 669, 상경빌딩 4(일부)층 (논현동)",,영업/정상
VFA79A7658F96,인화당한의원,송파구,medical_wellness,public_license_registry,OA-16480,한의원,"한방내과, 한방부인과, 한방소아과, 한방안?이비인후?피부과, 한방신경정신과, 한방재활의학과, 사상체질과, 침구과",3230000,PHMA119893230034041100251,"서울특별시 송파구 백제고분로 166, 2층 (잠실동)",,영업/정상
VFA89696BECE6,리디파인 필라테스&PT 스튜디오,강남구,exercise_body,public_license_registry,OA-16142,체력단련장업,,3220000,CDFH3301062026000013,"서울특별시 강남구 도곡로25길 31, 4층 (역삼동)",서울특별시 강남구 역삼동 776-24,영업/정상
VFAA058146C9E,우리정형외과의원,강남구,medical_wellness,public_license_registry,OA-16480,의원,정형외과,3220000,PHMA120093220033041100211,"서울특별시 강남구 개포로 231, 반석빌딩 3,4,5층 (개포동)",서울특별시 강남구 개포동 1258-5 반석빌딩,영업/정상
VFAAB2E153954,피트니스 가이드,송파구,exercise_body,public_license_registry,OA-16142,체력단련장업,,3230000,CDFH3301062023000025,"서울특별시 송파구 백제고분로20길 13-8, 삼우빌딩 (잠실동)",서울특별시 송파구 잠실동 339-2 삼우빌딩 6층,영업/정상
VFAE50146653C,김철우내과의원,송파구,medical_wellness,public_license_registry,OA-16480,의원,"내과, 신경과, 정신건강의학과, 외과, 정형외과, 신경외과, 성형외과, 산부인과, 소아청소년과, 안과, 이비인후과, 피부과, 비뇨의학과, 방사선종양학과, 병리과, 진단검사의학과, 재활의학과, 결핵과, 가정의학과, 핵의학과, 직업환경의학과, 응급의학과",3230000,PHMA120023230034041101037,"서울특별시 송파구 양산로 42 (거여동, 2층)",서울특별시 송파구 거여동 565호 2층,영업/정상
VFAF4D22E5829,청아한의원,서초구,medical_wellness,public_license_registry,OA-16480,한의원,"한방내과, 한방부인과, 한방소아과, 한방안?이비인후?피부과, 한방신경정신과, 한방재활의학과, 사상체질과, 침구과",3210000,PHMA120213210034041100009,"서울특별시 서초구 신반포로 100, 래미안 퍼스티지 신반포역상가 2층 207호 (반포동)",서울특별시 서초구 반포동 18-4 래미안 퍼스티지 신반포역상가 207호,영업/정상
VFB0D9391C7A4,토당한의원,송파구,medical_wellness,public_license_registry,OA-16480,한의원,"한방내과, 한방부인과, 한방소아과, 한방안?이비인후?피부과, 한방신경정신과, 한방재활의학과, 사상체질과, 침구과",3230000,PHMA120043230034041101210,"서울특별시 송파구 올림픽로 124, 201호 (잠실동)",서울특별시 송파구 잠실동 184번지 5호 201호,영업/정상
VFB3A57F3EF6E,애플짐반포점,서초구,exercise_body,public_license_registry,OA-16142,체력단련장업,,3210000,CDFH3301062010000003,"서울특별시 서초구 신반포로 162 (반포동,르본시티 2층)",서울특별시 서초구 반포동 19-1 르본시티 2층,영업/정상
VFB531E2BCBC4,반포휘트니스사우나,서초구,exercise_body,public_license_registry,OA-16142,체력단련장업,,3210000,CDFH3301062020000013,"서울특별시 서초구 강남대로85길 16, 1층 (반포동)",서울특별시 서초구 반포동 724-38,영업/정상
VFB670CFD88F3,내추럴홍피트니스,서초구,exercise_body,public_license_registry,OA-16142,체력단련장업,,3210000,CDFH3301062023000022,"서울특별시 서초구 매헌로 16, 하이브랜드 3층 301호 (양재동)",서울특별시 서초구 양재동 215 하이브랜드,영업/정상
VFB7260DD6156,장형석한의원,서초구,medical_wellness,public_license_registry,OA-16480,한의원,"한방내과, 한방부인과, 한방소아과, 한방안?이비인후?피부과, 한방신경정신과, 한방재활의학과, 사상체질과, 침구과",3210000,PHMA120093210034041100027,"서울특별시 서초구 서초중앙로22길 25, 2층 204호 (서초동, 서초리시온)",,영업/정상
VFB7875263542,크로스핏 제니아,서초구,exercise_body,public_license_registry,OA-16142,체력단련장업,,3210000,CDFH3301062014000008,"서울특별시 서초구 서래로8길 7 (반포동, 포도빌딩 지하1층)",서울특별시 서초구 반포동 92-10 포도빌딩 지하1층,영업/정상
VFB809AF7DC5A,JACEANNA Personal training(269),강남구,exercise_body,public_license_registry,OA-16142,체력단련장업,,3220000,CDFH3301062011000027,서울특별시 강남구 테헤란로33길 31 (역삼동),서울특별시 강남구 역삼동 671-12 2층,영업/정상
VFB86779D26DC,굿본재활의학과의원,강남구,medical_wellness,public_license_registry,OA-16480,의원,"정형외과, 신경외과, 마취통증의학과, 재활의학과",3220000,PHMA120233220033041100057,"서울특별시 강남구 테헤란로 316, 메트라이프타워 2층 (역삼동)",,영업/정상
VFB88E34E9370,신정애한의원,서초구,medical_wellness,public_license_registry,OA-16480,한의원,"한방내과, 한방부인과, 한방소아과, 한방안?이비인후?피부과, 한방신경정신과, 한방재활의학과, 사상체질과, 침구과",3210000,PHMA120193210034041100039,"서울특별시 서초구 잠원로 209-1, 2층 (잠원동)",서울특별시 서초구 잠원동 49번지 27호,영업/정상
VFB8DB98528AE,편강한의원,서초구,medical_wellness,public_license_registry,OA-16480,한의원,"한방내과, 한방부인과, 한방소아과, 한방안?이비인후?피부과, 한방신경정신과, 침구과",3210000,PHMA120093210034041100006,서울특별시 서초구 서운로1길 21 (서초동),서울특별시 서초구 서초동 1353번지 1호,영업/정상
VFBA2C51EBC39,diamond fit,강남구,exercise_body,public_license_registry,OA-16142,체력단련장업,,3220000,CDFH3301062017000029,"서울특별시 강남구 선릉로76길 36, 2층 (대치동, 명신빌딩)",서울특별시 강남구 대치동 900-41,영업/정상
VFBE8D2ED4971,큐이디골프아카데미 잠실점,송파구,exercise_body,public_license_registry,OA-16142,체력단련장업,,3230000,CDFH3301062015000029,"서울특별시 송파구 올림픽로35길 93, B2층 (신천동, 더샵스타리버)",서울특별시 송파구 신천동 11-8 더샵스타리버 B2층,영업/정상
VFBE8DA39FFE0,가온자리한의원,서초구,medical_wellness,public_license_registry,OA-16480,한의원,"한방내과, 한방부인과, 한방소아과, 한방안?이비인후?피부과, 한방신경정신과, 한방재활의학과, 침구과",3210000,PHMA120213210034041100123,"서울특별시 서초구 강남대로 589, 멀버리힐스 제2동 2층 205호 (잠원동)",서울특별시 서초구 잠원동 27-2,영업/정상
VFBEE86514CD4,오성불한증막,강남구,relax_recovery,public_license_registry,OA-16146,공동탕업,,3220000,3220000-202-1990-00294,서울특별시 강남구 도곡로 418 (대치동),서울특별시 강남구 대치동 1024-4,영업/정상
VFBF5E49F3B0C,사암당한의원,강남구,medical_wellness,public_license_registry,OA-16480,한의원,"한방내과, 한방부인과, 한방소아과, 한방안?이비인후?피부과, 한방신경정신과, 한방재활의학과, 사상체질과, 침구과",3220000,PHMA120233220033041100059,"서울특별시 강남구 남부순환로377길 7, 지1층,1층,2층 (도곡동, 비젠빌딩)",서울특별시 강남구 도곡동 193-40 비젠빌딩,영업/정상
VFC1976DBCBDA,어반프라이빗짐,강남구,exercise_body,public_license_registry,OA-16142,체력단련장업,,3220000,CDFH3301062022000017,"서울특별시 강남구 논현로38길 32-11, 지하1층 (도곡동)",서울특별시 강남구 도곡동 417-7,영업/정상
VFC20450A5741,유사우나,강남구,relax_recovery,public_license_registry,OA-16146,공동탕업,,3220000,3220000-202-2000-00020,서울특별시 강남구 도산대로17길 44 (신사동),서울특별시 강남구 신사동 554-13,영업/정상
VFC2128FE5341,바디 아티스트,서초구,exercise_body,public_license_registry,OA-16142,체력단련장업,,3210000,CDFH3301062018000016,"서울특별시 서초구 강남대로 321, 지하1층 104호 (서초동, 서초동대우디오빌프라임)",서울특별시 서초구 서초동 1337-22 서초동대우디오빌프라임,영업/정상
VFC6FB5B01880,잠실에프엠의원,송파구,medical_wellness,public_license_registry,OA-16480,의원,"내과, 신경과, 정신건강의학과, 정형외과, 신경외과, 성형외과, 마취통증의학과, 소아청소년과, 안과, 이비인후과, 피부과, 비뇨의학과, 재활의학과, 가정의학과",3230000,PHMA120193230034041100060,"서울특별시 송파구 올림픽로 119, 잠실파인애플상가 5층 13호 (잠실동)",서울특별시 송파구 잠실동 19번지 9호 잠실파인애플상가,영업/정상
VFC856A159784,짐타운,강남구,exercise_body,public_license_registry,OA-16142,체력단련장업,,3220000,CDFH3301062025000038,"서울특별시 강남구 도산대로50길 17, 지하1층 (논현동)",서울특별시 강남구 논현동 95-18,영업/정상
VFC88791B0976,청인한의원,강남구,medical_wellness,public_license_registry,OA-16480,한의원,"한방내과, 한방부인과, 한방소아과, 한방안?이비인후?피부과, 한방신경정신과, 한방재활의학과, 사상체질과, 침구과",3220000,PHMA120263220033041100018,"서울특별시 강남구 도산대로 330, 서림빌딩 2층 (논현동)",,영업/정상
VFCA375CE3C25,피트니스 에비뉴[Fitness Avenue](454),강남구,exercise_body,public_license_registry,OA-16142,체력단련장업,,3220000,CDFH3301062016000024,"서울특별시 강남구 강남대로 318, 지하2층 (역삼동, TOWER837)",서울특별시 강남구 역삼동 837 지하2층,영업/정상
VFCB525EF1AB8,피트리움,강남구,exercise_body,public_license_registry,OA-16142,체력단련장업,,3220000,CDFH3301062024000034,"서울특별시 강남구 도곡로 151, 대진빌딩 지하1층 (역삼동)",서울특별시 강남구 역삼동 840-8 대진빌딩,영업/정상
VFD14B599DDEB,라이프스타일 짐(Life style GYM),강남구,exercise_body,public_license_registry,OA-16142,체력단련장업,,3220000,CDFH3301062024000047,"서울특별시 강남구 도산대로37길 7, 지하1층 (신사동)",서울특별시 강남구 신사동 588-15,영업/정상
VFD3BD67F47FC,해가율한의원,서초구,medical_wellness,public_license_registry,OA-16480,한의원,"한방내과, 한방부인과, 한방소아과, 한방안?이비인후?피부과, 한방신경정신과, 한방재활의학과, 사상체질과, 침구과",3210000,PHMA120193210034041100015,"서울특별시 서초구 방배로37길 7, 3층 (방배동)",,영업/정상
VFD5383413C6E,허영진한의원,서초구,medical_wellness,public_license_registry,OA-16480,한의원,"한방내과, 한방부인과, 한방소아과, 한방재활의학과",3210000,PHMA120123210034041100029,서울특별시 서초구 서초대로24길 17 (방배동),서울특별시 서초구 방배동 936번지 7호,영업/정상
VFD61AE8D1F39,오월애한의원,송파구,medical_wellness,public_license_registry,OA-16480,한의원,"한방내과, 한방부인과, 한방소아과, 한방안?이비인후?피부과, 한방신경정신과, 한방재활의학과, 사상체질과, 침구과",3230000,PHMA120263230034041100032,"서울특별시 송파구 천호대로 992, 1층 (풍납동)",서울특별시 송파구 풍납동 473,영업/정상
VFD70D370411C,피트니스팩토리24,서초구,exercise_body,public_license_registry,OA-16142,체력단련장업,,3210000,CDFH3301062011000003,"서울특별시 서초구 강남대로 156-1, 극동빌딩  4,5층 (양재동)","서울특별시 서초구 양재동 20-28 극동빌딩 (4층,5층)",영업/정상
VFD9215DED9DF,제이원 휘트니스,강남구,exercise_body,public_license_registry,OA-16142,체력단련장업,,3220000,CDFH3301062005000003,"서울특별시 강남구 테헤란로20길 19 (역삼동,엘지 에클라트 지하 1층)",서울특별시 강남구 역삼동 736-24 엘지 에클라트 지하 1층,영업/정상
VFDFD3246FE81,자연예쁨의원,강남구,medical_wellness,public_license_registry,OA-16480,의원,"내과, 외과, 정형외과, 성형외과, 마취통증의학과, 산부인과, 소아청소년과, 이비인후과, 피부과, 비뇨의학과, 병리과, 진단검사의학과, 재활의학과, 가정의학과, 직업환경의학과, 응급의학과, 예방의학과",3220000,PHMA120133220033041100054,"서울특별시 강남구 강남대로 432, 점프밀라노 603,606,609호 (역삼동)",,영업/정상
VFE022EA121BE,클럽케이 서울 휘트니스,강남구,exercise_body,public_license_registry,OA-16142,체력단련장업,,3220000,CDFH3301062011000026,"서울특별시 강남구 선릉로 524 (삼성동,대림아크로텔 B201)",서울특별시 강남구 삼성동 140-3 대림아크로텔 B201,영업/정상
VFE328785B5E9,코리아짐,서초구,exercise_body,public_license_registry,OA-16142,체력단련장업,,3210000,CDFH3301062002000013,"서울특별시 서초구 서운로 142-4  (서초동,3층)",서울특별시 서초구 서초동 1321-5 3층,영업/정상
VFE39ACB97091,넘버원짐 압구정점,강남구,exercise_body,public_license_registry,OA-16142,체력단련장업,,3220000,CDFH3301062025000054,"서울특별시 강남구 논현로172길 21, 이화빌딩 지하1층 (신사동)",서울특별시 강남구 신사동 608-17 이화빌딩,영업/정상
VFE3B09E7CF7F,경희사랑채한의원,강남구,medical_wellness,public_license_registry,OA-16480,한의원,"한방내과, 한방부인과, 한방소아과, 한방안?이비인후?피부과, 한방신경정신과, 한방재활의학과, 사상체질과, 침구과",3220000,PHMA120093220033041100225,"서울특별시 강남구 양재대로55길 11, 1(일부)층 (일원동)",서울특별시 강남구 일원동 644-3,영업/정상
VFE623E9170AA,치유의원,강남구,medical_wellness,public_license_registry,OA-16480,의원,"내과, 신경과, 정신건강의학과, 정형외과, 마취통증의학과, 산부인과, 이비인후과, 피부과, 비뇨의학과, 가정의학과, 예방의학과",3220000,PHMA120203220033041100183,"서울특별시 강남구 도산대로59길 26, 히든힐하우스 1층 (청담동)",서울특별시 강남구 청담동 90-8 히든힐하우스 1층,영업/정상
VFE6A3BD2A217,최영태한의원,강남구,medical_wellness,public_license_registry,OA-16480,한의원,"한방내과, 한방부인과, 한방소아과, 한방안?이비인후?피부과, 한방신경정신과, 한방재활의학과, 사상체질과, 침구과",3220000,PHMA120053220033041101926,"서울특별시 강남구 삼성로 642, 삼성빌딩 2층 (삼성동)",,영업/정상
VFE927F8D64A5,BMLSTUDIO 비엠엘 스튜디오,강남구,exercise_body,public_license_registry,OA-16142,체력단련장업,,3220000,CDFH3301062023000015,"서울특별시 강남구 논현로63길 25, 3층 (역삼동)",서울특별시 강남구 역삼동 799-18,영업/정상
VFE944D2B8490,프라이빗 PT 올:연,강남구,exercise_body,public_license_registry,OA-16142,체력단련장업,,3220000,CDFH3301062023000010,"서울특별시 강남구 언주로106길 27, 지하1층 (역삼동)",서울특별시 강남구 역삼동 684-5,영업/정상
VFEAE276EA6C7,낭만헬스,송파구,exercise_body,public_license_registry,OA-16142,체력단련장업,,3230000,CDFH3301062023000024,"서울특별시 송파구 송이로21길 44, 영민빌딩 3층 (가락동)",서울특별시 송파구 가락동 41-6 영민빌딩 3층,영업/정상
VFEB19DB95809,푸시풀(Push&Pull),송파구,exercise_body,public_license_registry,OA-16142,체력단련장업,,3230000,CDFH3301062025000039,"서울특별시 송파구 올림픽로35길 10, 상가B동 409호 (신천동)",서울특별시 송파구 신천동 20-6 파크리오,영업/정상
VFEB856F7E3E1,올림픽선수촌스포츠센타,송파구,exercise_body,public_license_registry,OA-16142,체력단련장업,,3230000,CDFH3301062015000014,"서울특별시 송파구 양재대로 1220, BNK 올림픽프라자 (방이동)",서울특별시 송파구 방이동 89-12 BNK 올림픽프라자,영업/정상
VFECA1D51B65D,윤민정형외과의원,서초구,medical_wellness,public_license_registry,OA-16480,의원,"정형외과, 신경외과, 마취통증의학과, 재활의학과",3210000,PHMA120263210034041100037,"서울특별시 서초구 잠원로8길 25, 5층 505, 512~513호 (잠원동)",서울특별시 서초구 잠원동 57-20,영업/정상
VFED02AAB0A4F,대광탕,서초구,relax_recovery,public_license_registry,OA-16146,공동탕업,,3210000,3210000-202-2002-00012,서울특별시 서초구 서초대로65길 13-18 (서초동),서울특별시 서초구 서초동 1686-2 (지하층 101호),영업/정상
VFEE83D1187FF,튼튼해짐,송파구,exercise_body,public_license_registry,OA-16142,체력단련장업,,3230000,CDFH3301062011000007,"서울특별시 송파구 위례성대로20길 27, 2층 (오금동)",서울특별시 송파구 오금동 18-4 2층,영업/정상
VFF043F2D46D7,맑은소리휴한의원,서초구,medical_wellness,public_license_registry,OA-16480,한의원,"한방내과, 한방소아과, 한방안?이비인후?피부과, 한방재활의학과, 침구과",3210000,PHMA120233210034041100066,"서울특별시 서초구 사임당로 174, 강남미래타워 4층 407호 (서초동)",서울특별시 서초구 서초동 1337 강남미래타워,영업/정상
VFF094EB36381,강남명인한의원,강남구,medical_wellness,public_license_registry,OA-16480,한의원,"한방내과, 한방부인과, 한방소아과, 한방안?이비인후?피부과, 한방신경정신과, 한방재활의학과, 사상체질과, 침구과, 한방응급과",3220000,PHMA120123220033041100107,"서울특별시 강남구 남부순환로 2947, 재경빌딩 지하 101호 (대치동)",,영업/정상
VFF124562CC03,929 P.T studio,송파구,exercise_body,public_license_registry,OA-16142,체력단련장업,,3230000,CDFH3301062021000035,"서울특별시 송파구 송파대로37길 22-1, 3층 (석촌동)",서울특별시 송파구 석촌동 297-27 3층,영업/정상
VFF3173016E70,한티역점 스포애니 (주)케이디헬스케어,강남구,exercise_body,public_license_registry,OA-16142,체력단련장업,,3220000,CDFH3301062020000031,"서울특별시 강남구 선릉로 324, SH타워 (대치동)",서울특별시 강남구 대치동 922-1 SH타워,영업/정상
VFF3DD0FFFE8B,오방사우나,서초구,relax_recovery,public_license_registry,OA-16146,공동탕업,,3210000,3210000-202-1987-00119,"서울특별시 서초구 신반포로45길 14, 우만빌딩 지층 (잠원동)",서울특별시 서초구 잠원동 39-12 지층,영업/정상
VFF6AB85FB590,힐리언스코어운동센타(삼성점)(196),강남구,exercise_body,public_license_registry,OA-16142,체력단련장업,,3220000,CDFH3301062008000010,"서울특별시 강남구 봉은사로 640  (삼성동,에스빌딩 2층)",서울특별시 강남구 삼성동 163 에스빌딩 2층,영업/정상
VFF6B1C022032,강PT,강남구,exercise_body,public_license_registry,OA-16142,체력단련장업,,3220000,CDFH3301062024000055,"서울특별시 강남구 남부순환로365길 58, 성암빌딩 4층 (도곡동)",서울특별시 강남구 도곡동 876-6 성암빌딩,영업/정상
VFF9C439D754C,해우소한의원,서초구,medical_wellness,public_license_registry,OA-16480,한의원,"한방내과, 한방부인과, 한방소아과, 한방안?이비인후?피부과, 한방신경정신과, 한방재활의학과, 사상체질과, 침구과",3210000,PHMA120073210034041100042,"서울특별시 서초구 서초중앙로 41, 2층 (서초동, 대성빌딩)",서울특별시 서초구 서초동 1602번지 7호 대성빌딩2층,영업/정상
VFFA44F27BF2B,경희마음자리한의원,강남구,medical_wellness,public_license_registry,OA-16480,한의원,"한방내과, 한방부인과, 한방소아과, 한방안?이비인후?피부과, 한방신경정신과, 한방재활의학과, 사상체질과, 침구과",3220000,PHMA120243220033041100210,"서울특별시 강남구 남부순환로 2615, 304호 (도곡동, 극동스타클래스)",서울특별시 강남구 도곡동 957-11 극동스타클래스,영업/정상
VFFA5CCF20939,경희지음한의원,송파구,medical_wellness,public_license_registry,OA-16480,한의원,"한방내과, 한방부인과, 한방소아과, 한방안?이비인후?피부과, 한방신경정신과, 한방재활의학과, 사상체질과, 침구과",3230000,PHMA120133230034041100052,"서울특별시 송파구 법원로 128, 문정에스케이브이원지엘메트로시티 B동 314호 (문정동)",,영업/정상
VFFBAB132DD30,바하한의원,강남구,medical_wellness,public_license_registry,OA-16480,한의원,"한방내과, 한방부인과, 한방소아과, 한방안?이비인후?피부과, 한방신경정신과, 한방재활의학과, 사상체질과, 침구과",3220000,PHMA120263220033041100120,"서울특별시 강남구 남부순환로 2927, 대치 클래시아 2층 222호 (대치동)",,영업/정상
VFFBB5E8729D7,강남성심한의원,강남구,medical_wellness,public_license_registry,OA-16480,한의원,"한방내과, 한방부인과, 한방소아과, 한방안?이비인후?피부과, 한방신경정신과, 한방재활의학과, 사상체질과, 침구과",3220000,PHMA119973220033041101797,"서울특별시 강남구 학동로 421, 205호 (청담동, 원영빌딩)",서울특별시 강남구 청담동 44번지 11호 원영빌딩 205호,영업/정상
VFFBD06B2217E,이문원한의원,강남구,medical_wellness,public_license_registry,OA-16480,한의원,"한방내과, 한방부인과, 한방소아과, 한방안?이비인후?피부과, 한방신경정신과, 한방재활의학과, 사상체질과, 침구과",3220000,PHMA120053220033041101913,"서울특별시 강남구 선릉로132길 33, 1층 (청담동)",서울특별시 강남구 청담동 37번지 11호 1층,영업/정상
VFFC6E9A97F34,경희생한의원,강남구,medical_wellness,public_license_registry,OA-16480,한의원,"한방내과, 한방부인과, 한방소아과, 한방안?이비인후?피부과, 한방신경정신과, 한방재활의학과, 사상체질과, 침구과",3220000,PHMA120123220033041100129,"서울특별시 강남구 논현로168길 22, 계진빌딩 2층 (신사동)",서울특별시 강남구 신사동 600-4 계진빌딩,영업/정상
VFFD65BF5A430,케이든 헬스&PT,강남구,exercise_body,public_license_registry,OA-16142,체력단련장업,,3220000,CDFH3301062023000048,"서울특별시 강남구 광평로10길 15, 상가동 213호 (일원동, 상록수아파트)",서울특별시 강남구 일원동 734 상록수아파트,영업/정상
VFFEE6A96B35D,피피랜드 헬스&PT 압구정점,강남구,exercise_body,public_license_registry,OA-16142,체력단련장업,,3220000,CDFH3301062023000031,"서울특별시 강남구 압구정로 330, B1호 (신사동)",서울특별시 강남구 신사동 660-6,영업/정상
VFFF63301284E,예스한의원,송파구,medical_wellness,public_license_registry,OA-16480,한의원,"한방내과, 한방부인과, 한방소아과, 한방안?이비인후?피부과, 한방신경정신과, 한방재활의학과, 사상체질과, 침구과",3230000,PHMA120213230034041100010,"서울특별시 송파구 백제고분로 492, 미래빌딩 4층일부,5층 (방이동)",,영업/정상
